<doc id="fb_17611024_GregoriusBacza_Mat" delinquent_sexes="misc" title="Todesurteile Gregorius Bacza, Mathias Kovács, Georgius Pávelka, Anna Sávolyi,Eva Kiss" attrs="word lemma pos vocab id">
<head>
Das	d	ART	Duden	tu_83_xTok_000217
Urtheil	Urteil	NN	Duden	tu_83_xTok_000219
Gregorii	Gregorius	NE	oov	tu_83_xTok_000221
Bacza	Bacza	NE	oov	tu_83_xTok_000223
<g/>
,
welcher	welch	PRELS	Duden	tu_83_xTok_000226
wegen	wegen	APPR	Duden	tu_83_xTok_000228
seinem	sein	PPOSAT	Duden	tu_83_xTok_000229
Diebstahl	Diebstahl	NN	Duden	tu_83_xTok_000231
zum	zum	APPRART	Duden	tu_83_xTok_000233
Strang	Strang	NN	Duden	tu_83_xTok_000235
verurtheilet	verurteilen	VVPP	Duden	tu_83_xTok_000237
ist	sein	VAFIN	Duden	tu_83_xTok_000239
<g/>
.
</head>
<p id="fb_17611024_GregoriusBacza_Mat_p_0001">
NAchdeme	nachdem	KOUS	Duden	tu_83_xTok_000241
die	d	ART	Duden	tu_83_xTok_000244
Malefiz Person	Malefizperson	NN		tu_83_xTok_000246
Gregorius	Gregorius	NE	Duden	tu_83_xTok_000250
Bacza	Bacza	NE	oov	tu_83_xTok_000252
<g/>
,
wohnhaft	wohnhaft	ADJD	Duden	tu_83_xTok_000255
zu	zu	APPR	Duden	tu_83_xTok_000258
Toszegh	Toszegh	NE::top	oov	tu_83_xTok_000260
das	d	ART	Duden	tu_83_xTok_000262
Göttliche	göttlich	ADJA	Duden	tu_83_xTok_000264
Gebott	Gebot	NN	Duden	tu_83_xTok_000266
auf	auf	APPR	Duden	tu_83_xTok_000268
die	d	ART	Duden	tu_83_xTok_000270
Seit	Seite	NN	Duden	tu_83_xTok_000272
gesetzet	setzen	VVPP	Duden	tu_83_xTok_000273
<g/>
/
in	in	APPR	Duden	tu_83_xTok_000277
welchen	welch	PRELAT	Duden	tu_83_xTok_000279
Gebotten	gebieten	VVPP	Duden	tu_83_xTok_000281
wird	werden	VAFIN	Duden	tu_83_xTok_000283
<g/>
/
daß	dass	KOUS	Duden	tu_83_xTok_000287
wir	wir	PPER	Duden	tu_83_xTok_000289
unserers	unser	PPOSAT	Duden	tu_83_xTok_000291
Nächsten	Nächste	NN	Duden	tu_83_xTok_000292
Gut	Gut	NN	Duden	tu_83_xTok_000294
nicht	nicht	PTKNEG	Duden	tu_83_xTok_000296
solten	sollen	VMFIN	Duden	tu_83_xTok_000298
begehren	begehren	VVINF	Duden	tu_83_xTok_000300
<g/>
/
wie	wie	KOUS	Duden	tu_83_xTok_000304
auch	auch	ADV	Duden	tu_83_xTok_000306
die	d	ART	Duden	tu_83_xTok_000308
weltlich	weltlich	ADJA	Duden	tu_83_xTok_000310
und	und	KON	Duden	tu_83_xTok_000312
vornehmlich	vornehmlich	ADV	Duden	tu_83_xTok_000313
unseres	unser	PPOSAT	Duden	tu_83_xTok_000315
Landes	Land	NN	Duden	tu_83_xTok_000317
Gesätze	Gesetz	NN	Duden	tu_83_xTok_000319
nicht	nicht	PTKNEG	Duden	tu_83_xTok_000321
achtend	achten	ADJD	Duden	tu_83_xTok_000323
in	in	APPR	Duden	tu_83_xTok_000325
welchen	welch	PRELS	Duden	tu_83_xTok_000327
auch	auch	ADV	Duden	tu_83_xTok_000329
die	d	ART	Duden	tu_83_xTok_000330
geringste	gering	ADJA	Duden	tu_83_xTok_000332
Zufügung	Zufügung	NN	Duden	tu_83_xTok_000334
eines	ein	ART	Duden	tu_83_xTok_000336
Schadens	Schaden	NN	Duden	tu_83_xTok_000338
schwer	schwer	ADJD	Duden	tu_83_xTok_000340
verbotten	verbieten	VVPP	Duden	tu_83_xTok_000342
durch	durch	APPR	Duden	tu_83_xTok_000344
längere	lang	ADJA	Duden	tu_83_xTok_000345
Zeit	Zeit	NN	Duden	tu_83_xTok_000347
in	in	APPR	Duden	tu_83_xTok_000349
verschiedenen	verschieden	ADJA	Duden	tu_83_xTok_000351
Ortschaften	Ortschaft	NN	Duden	tu_83_xTok_000353
mit	mit	APPR	Duden	tu_83_xTok_000355
etwelchen	etwelch	PIAT	Duden	tu_83_xTok_000357
Cameraden	Kamerad	NN	Duden	tu_83_xTok_000359
seines gleichen	seinesgleichen	PIS		tu_83_xTok_000362
<g/>
/
auß	aus	APPR	Duden	tu_83_xTok_000368
welchen	welch	PRELS	Duden	tu_83_xTok_000370
die	d	ART	Duden	tu_83_xTok_000372
Mehreste	mehr	ADV-NN	Duden	tu_83_xTok_000374
schon	schon	ADV	Duden	tu_83_xTok_000376
ihren	ihr	PPOSAT	Duden	tu_83_xTok_000378
Gebrechen	Gebrechen		DWB	tu_83_xTok_000380
Gemäß	gemäß	APPO	Duden	tu_83_xTok_000383
in	in	APPR	Duden	tu_83_xTok_000385
anderen	andere	ADJA	Duden	tu_83_xTok_000387
Comitatern	Komitat	NN	Duden	tu_83_xTok_000389
zum	zum	APPRART	Duden	tu_83_xTok_000392
Tod	Tod	NN	Duden	tu_83_xTok_000394
verurtheilet	verurteilen	VVPP	Duden	tu_83_xTok_000396
seynd	sein	VAFIN	Duden	tu_83_xTok_000397
<g/>
/
ihren	ihr	PPOSAT	Duden	tu_83_xTok_000401
Lebens	Leben	NN	Duden	tu_83_xTok_000403
in	in	APPR	Duden	tu_83_xTok_000405
verschiedenen	verschieden	ADJA	Duden	tu_83_xTok_000407
Diebstählen	Diebstahl	NN	Duden	tu_83_xTok_000409
geübet	üben	VVPP	Duden	tu_83_xTok_000411
und	und	KON	Duden	tu_83_xTok_000413
zwar	zwar	ADV	Duden	tu_83_xTok_000414
</p>
<p id="fb_17611024_GregoriusBacza_Mat_p_0002">
Erstens	erstens	ADV	Duden	tu_83_xTok_000415
<g/>
:
hat	haben	VAFIN	Duden	tu_83_xTok_000418
er	er	PPER	Duden	tu_83_xTok_000420
zwey	zwei	CARD	Duden	tu_83_xTok_000422
durch	durch	APPR	Duden	tu_83_xTok_000424
Georgium	Georgius	NE	oov	tu_83_xTok_000426
Paulovics	Paulovics	NE	oov	tu_83_xTok_000428
<g/>
,
und	und	KON	Duden	tu_83_xTok_000431
Joannem	Joannem	NE	oov	tu_83_xTok_000432
Csech	Csech	NE	oov	tu_83_xTok_000434
seine	sein	PPOSAT	Duden	tu_83_xTok_000436
gute	gut	ADJA	Duden	tu_83_xTok_000438
Cameraden	Kamerad	NN	Duden	tu_83_xTok_000440
gestohlene	stehlen	ADJA	Duden	tu_83_xTok_000442
Pferd	Pferd	NN	Duden	tu_83_xTok_000444
zu	zu	APPR	Duden	tu_83_xTok_000446
Handen	Hand	NN	Duden	tu_83_xTok_000448
genommen	nehmen	VVPP	Duden	tu_83_xTok_000451
<g/>
/
und	und	KON	Duden	tu_83_xTok_000455
arglistig	arglistig	ADJD	Duden	tu_83_xTok_000457
verkauft	verkaufen	VVPP	Duden	tu_83_xTok_000459
<g/>
.
</p>
<p id="fb_17611024_GregoriusBacza_Mat_p_0003">
Andertens	andertens	ADV	oov	tu_83_xTok_000461
<g/>
:
Jst	sein	VAFIN	Duden	tu_83_xTok_000464
er	er	PPER	Duden	tu_83_xTok_000466
abermal	abermals	ADV	Duden	tu_83_xTok_000468
mit	mit	APPR	Duden	tu_83_xTok_000470
eben	eben	ADV	Duden	tu_83_xTok_000472
selben	selbe	PDAT	Duden	tu_83_xTok_000474
Cameraden	Kamerad	NN	Duden	tu_83_xTok_000476
gegen	gegen	APPR	Duden	tu_83_xTok_000477
Czeglid	Czeglid	NE::top	oov	tu_83_xTok_000479
gezogen	ziehen	VVPP	Duden	tu_83_xTok_000481
<g/>
/
und	und	KON	Duden	tu_83_xTok_000485
aldorten	alldort	ADV	DWB	tu_83_xTok_000487
diebischer	diebisch	ADJA	Duden	tu_83_xTok_000489
Weiß	Weise	NN	Duden	tu_83_xTok_000491
drey	drei	CARD	Duden	tu_83_xTok_000493
Pferd	Pferd	NN	Duden	tu_83_xTok_000494
abgefangen	abfangen	VVPP	Duden	tu_83_xTok_000496
und	und	KON	Duden	tu_83_xTok_000498
selbe	selbe	PDS	Duden	tu_83_xTok_000500
seinen	sein	PPOSAT	Duden	tu_83_xTok_000502
schon	schon	ADV	Duden	tu_83_xTok_000504
obbemeldten	obbemeldet	ADJA	oov	tu_83_xTok_000506
übermachet	übermachen	VVPP	Duden	tu_83_xTok_000511
<g/>
.
</p>
<p id="fb_17611024_GregoriusBacza_Mat_p_0004">
Drittens	drittens	ADV	Duden	tu_83_xTok_000513
<g/>
:
hat	haben	VAFIN	Duden	tu_83_xTok_000516
er	er	PPER	Duden	tu_83_xTok_000518
mit	mit	APPR	Duden	tu_83_xTok_000520
Joanne	Joanne	NE	oov	tu_83_xTok_000522
Barrta	Barrta	NE	oov	tu_83_xTok_000524
<g/>
,
und	und	KON	Duden	tu_83_xTok_000527
Joanne	Joanne	NE	oov	tu_83_xTok_000529
Csech	Csech	NE	oov	tu_83_xTok_000531
<g/>
,
vor	vor	APPR	Duden	tu_83_xTok_000533
3.	3	CARD		tu_83_xTok_000535
Jahren	Jahr	NN	Duden	tu_83_xTok_000537
nächst	nächst	APPR	Duden	tu_83_xTok_000539
dem	d	ART	Duden	tu_83_xTok_000541
Köröser	Köröser	ADJA	oov	tu_83_xTok_000543
Weingebürg	Weingebirge	NN	DWB	tu_83_xTok_000545
bey	bei	APPR	Duden	tu_83_xTok_000547
nächtlicher Weile	nächtlicherweile	ADV		tu_83_xTok_000549
2.	2	CARD		tu_83_xTok_000552
Pferde	Pferd	NN	Duden	tu_83_xTok_000554
<g/>
.
</p>
<p id="fb_17611024_GregoriusBacza_Mat_p_0005">
Viertens	viertens	ADV	Duden	tu_83_xTok_000558
<g/>
:
vor	vor	APPR	Duden	tu_83_xTok_000561
2.	2	CARD		tu_83_xTok_000563
Jahren	Jahr	NN	Duden	tu_83_xTok_000565
hat	haben	VAFIN	Duden	tu_83_xTok_000567
er	er	PPER	Duden	tu_83_xTok_000569
ebenfals	ebenfalls	ADV	Duden	tu_83_xTok_000571
mit	mit	APPR	Duden	tu_83_xTok_000573
2.	2	CARD		tu_83_xTok_000575
anderen	andere	ADJA	Duden	tu_83_xTok_000577
Cameraden	Kamerad	NN	Duden	tu_83_xTok_000578
<g/>
/
welcher	welch	PRELAT	Duden	tu_83_xTok_000582
Nahmen	Name	NN	Duden	tu_83_xTok_000584
ihm	er	PPER	Duden	tu_83_xTok_000586
nicht	nicht	PTKNEG	Duden	tu_83_xTok_000588
bewust	bewusst	ADJD	Duden	tu_83_xTok_000590
<g/>
/
unter	unter	APPR	Duden	tu_83_xTok_000594
Rékas	Rékas	NE::top	oov	tu_83_xTok_000596
3.	3	CARD		tu_83_xTok_000598
Pferd	Pferd	NN	Duden	tu_83_xTok_000599
entfremdet	entfremden	VVPP	Duden	tu_83_xTok_000601
<g/>
.
Hat	haben	VAFIN	Duden	tu_83_xTok_000604
also	also	ADV	Duden	tu_83_xTok_000606
in	in	APPR	Duden	tu_83_xTok_000608
allen	all	PIS	Duden	tu_83_xTok_000610
10.	10	CARD		tu_83_xTok_000612
Stuck	Stück	NN	Duden	tu_83_xTok_000614
mit	mit	APPR	Duden	tu_83_xTok_000616
seinem	sein	PPOSAT	Duden	tu_83_xTok_000618
Cameraden	Kamerad	NN	Duden	tu_83_xTok_000620
nicht	nicht	PTKNEG	Duden	tu_83_xTok_000623
ohne	ohne	APPR	Duden	tu_83_xTok_000625
grossen	groß	ADJA	Duden	tu_83_xTok_000627
Schaden	Schaden	NN	Duden	tu_83_xTok_000629
der	d	ART	Duden	tu_83_xTok_000631
Armen	Arme	NN	Duden	tu_83_xTok_000633
<g/>
/
nach	nach	APPR	Duden	tu_83_xTok_000637
eigener	eigen	ADJA	Duden	tu_83_xTok_000639
Aussag	Aussage	NN	Duden	tu_83_xTok_000640
entfremdet	entfremden	VVPP	Duden	tu_83_xTok_000642
<g/>
.
Damit	damit	KOUS	Duden	tu_83_xTok_000645
derohalben	derhalben	PAV	DWB	tu_83_xTok_000647
diese	diese	PDAT	Duden	tu_83_xTok_000649
obbemeldte	obbemeldet	ADJA	oov	tu_83_xTok_000651
Person	Person	NN	Duden	tu_83_xTok_000653
Gregorius	Gregorius	NE	Duden	tu_83_xTok_000654
hinführo	hinfüro	ADV	DWB	tu_83_xTok_000659
GOtt	Gott	NN	Duden	tu_83_xTok_000661
dem	d	ART	Duden	tu_83_xTok_000663
Allmächtigen	Allmächtiger	NN	Duden	tu_83_xTok_000665
zur	zur	APPRART	Duden	tu_83_xTok_000667
Rach	Rache	NN	Duden	tu_83_xTok_000669
nicht	nicht	PTKNEG	Duden	tu_83_xTok_000670
anreitze	anreizen	VVFIN	Duden	tu_83_xTok_000672
<g/>
/
wie	wie	KOKOM	Duden	tu_83_xTok_000676
auch	auch	ADV	Duden	tu_83_xTok_000678
der	d	ART	Duden	tu_83_xTok_000680
gemeine	gemein	ADJA	Duden	tu_83_xTok_000682
Pövel	Pöbel	NN	Duden	tu_83_xTok_000684
in	in	APPR	Duden	tu_83_xTok_000686
Sicherheit	Sicherheit	NN	Duden	tu_83_xTok_000688
gestellet	stellen	VVPP	Duden	tu_83_xTok_000690
werde	werden	VAFIN	Duden	tu_83_xTok_000693
<g/>
/
wird	werden	VAFIN	Duden	tu_83_xTok_000697
er	er	PPER	Duden	tu_83_xTok_000699
nach	nach	APPR	Duden	tu_83_xTok_000701
laut	laut	APPR	Duden	tu_83_xTok_000703
der	d	ART	Duden	tu_83_xTok_000705
Rechten	Recht	NN	Duden	tu_83_xTok_000707
zum	zum	APPRART	Duden	tu_83_xTok_000709
Strang	Strang	NN	Duden	tu_83_xTok_000711
verurtheilet	verurteilen	VVPP	Duden	tu_83_xTok_000713
werden	werden	VAINF	Duden	tu_83_xTok_000714
<g/>
.
</p>
<head>
Das	d	ART	Duden	tu_83_xTok_000716
Urtheil	Urteil	NN	Duden	tu_83_xTok_000718
eines	ein	ART	Duden	tu_83_xTok_000720
Zigeiners	Zigeuner	NN	Duden	tu_83_xTok_000722
Mathiæ	Matthias	NE	Duden	tu_83_xTok_000724
Kovács	Kovács	NE	oov	tu_83_xTok_000726
<g/>
,
welcher	welch	PRELS	Duden	tu_83_xTok_000728
wegen	wegen	APPR	Duden	tu_83_xTok_000730
seinen	sein	PPOSAT	Duden	tu_83_xTok_000732
Diebstahl	Diebstahl	NN	Duden	tu_83_xTok_000734
zu	zu	APPR	Duden	tu_83_xTok_000736
dem	d	ART	Duden	tu_83_xTok_000738
Strang	Strang	NN	Duden	tu_83_xTok_000739
verurtheilet	verurteilen	VVPP	Duden	tu_83_xTok_000741
ist	sein	VAFIN	Duden	tu_83_xTok_000743
<g/>
.
</head>
<p id="fb_17611024_GregoriusBacza_Mat_p_0006">
DJeser	diese	PDAT	Duden	tu_83_xTok_000745
mit	mit	APPR	Duden	tu_83_xTok_000748
einer	ein	ART	Duden	tu_83_xTok_000750
langen	lang	ADJA	Duden	tu_83_xTok_000752
Hand	Hand	NN	Duden	tu_83_xTok_000754
prangende	prangen	ADJA	Duden	tu_83_xTok_000756
Zigeiner	Zigeuner	NN	Duden	tu_83_xTok_000758
<g/>
/
Mathias	Matthias	NE	Duden	tu_83_xTok_000762
Kovács	Kovács	NE	oov	tu_83_xTok_000763
<g/>
,
hat	haben	VAFIN	Duden	tu_83_xTok_000766
zwar	zwar	ADV	Duden	tu_83_xTok_000768
mit	mit	APPR	Duden	tu_83_xTok_000770
unbewegten	unbewegt	ADJA	Duden	tu_83_xTok_000772
Herzen	Herz	NN	Duden	tu_83_xTok_000774
seine	sein	PPOSAT	Duden	tu_83_xTok_000776
Laster	Laster	NN	Duden	tu_83_xTok_000778
und	und	KON	Duden	tu_83_xTok_000780
Diebstahl	Diebstahl	NN	Duden	tu_83_xTok_000781
geläugnet	leugnen	VVPP	Duden	tu_83_xTok_000783
<g/>
;
dannoch	dannoch	ADV	DWB	tu_83_xTok_000786
massen	maßen	KOUS	Duden	tu_83_xTok_000788
bey	bei	APPR	Duden	tu_83_xTok_000790
ihm	er	PPER	Duden	tu_83_xTok_000792
6.	6	CARD		tu_83_xTok_000794
Pferd	Pferd	NN	Duden	tu_83_xTok_000796
seynd	sein	VAFIN	Duden	tu_83_xTok_000798
gefunden	finden	VVPP	Duden	tu_83_xTok_000800
worden	werden	VAPP	Duden	tu_83_xTok_000803
<g/>
/
deren	d	PRELAT	Duden	tu_83_xTok_000807
2.	2	CARD		tu_83_xTok_000809
die	d	ART	Duden	tu_83_xTok_000811
Jnnwohner	Inwohner	NN	DWB	tu_83_xTok_000813
von	von	APPR	Duden	tu_83_xTok_000815
Dabas	Dabas	NE::top	oov	tu_83_xTok_000817
<g/>
.
2.	2	CARD		tu_83_xTok_000820
die	d	ART	Duden	tu_83_xTok_000822
Einwohner	Einwohner	NN	Duden	tu_83_xTok_000823
von	von	APPR	Duden	tu_83_xTok_000825
Kávaj	Kávaj	NE::top	oov	tu_83_xTok_000827
<g/>
.
2.	2	CARD		tu_83_xTok_000830
die	d	ART	Duden	tu_83_xTok_000832
Jnnwohner	Inwohner	NN	DWB	tu_83_xTok_000834
von	von	APPR	Duden	tu_83_xTok_000836
Gyón	Gyón	NE::top	oov	tu_83_xTok_000838
<g/>
,
als	als	KOKOM	Duden	tu_83_xTok_000841
ihr	ihr	PPOSAT	Duden	tu_83_xTok_000843
eigenes	eigen	ADJA	Duden	tu_83_xTok_000844
Gut	Gut	NN	Duden	tu_83_xTok_000846
erkennten	erkennen	VVFIN	Duden	tu_83_xTok_000848
<g/>
/
und	und	KON	Duden	tu_83_xTok_000852
der	d	ART	Duden	tu_83_xTok_000854
benamsete	benamsen	ADJA	Duden	tu_83_xTok_000856
Zigeiner	Zigeuner	NN	Duden	tu_83_xTok_000858
weder	weder	KON	Duden	tu_83_xTok_000860
wuste	wissen	VVFIN	Duden	tu_83_xTok_000862
zu	zu	PTKZU	Duden	tu_83_xTok_000865
sagen	sagen	VVINF	Duden	tu_83_xTok_000867
wo	wo	PWAV	Duden	tu_83_xTok_000869
<g/>
/
und	und	KON	Duden	tu_83_xTok_000873
von	von	APPR	Duden	tu_83_xTok_000875
wem	wer	PWS	Duden	tu_83_xTok_000877
er	er	PPER	Duden	tu_83_xTok_000879
diese	diese	PDS	Duden	tu_83_xTok_000881
gekauft	kaufen	VVPP	Duden	tu_83_xTok_000883
hätte	haben	VAFIN	Duden	tu_83_xTok_000885
<g/>
/
weder	weder	KON	Duden	tu_83_xTok_000889
der	d	ART	Duden	tu_83_xTok_000890
Verkauffer	Verkäufer	NN	Duden	tu_83_xTok_000892
<g/>
/
oder	oder	KON	Duden	tu_83_xTok_000896
ein	ein	ART	Duden	tu_83_xTok_000898
Zeugen	Zeuge	NN	Duden	tu_83_xTok_000900
stellen	stellen	VVINF	Duden	tu_83_xTok_000902
konte	können	VMFIN	Duden	tu_83_xTok_000904
<g/>
/
und	und	KON	Duden	tu_83_xTok_000908
darneben	daneben	PAV	Duden	tu_83_xTok_000910
auch	auch	ADV	Duden	tu_83_xTok_000911
nebst	nebst	APPR	Duden	tu_83_xTok_000913
genugsamer	genugsam	ADJA	Duden	tu_83_xTok_000915
Zeugnuß	Zeugnis	NN	Duden	tu_83_xTok_000917
er	er	PPER	Duden	tu_83_xTok_000919
sich	sich	PRF	Duden	tu_83_xTok_000921
selbst	selbst	ADV	Duden	tu_83_xTok_000923
in	in	APPR	Duden	tu_83_xTok_000925
umschweifenden	umschweifen	ADJA	Duden	tu_83_xTok_000927
Reden	Rede	NN	Duden	tu_83_xTok_000928
verschnapet	verschnappen	VVPP	Duden	tu_83_xTok_000930
<g/>
/
wie	wie	KOUS	Duden	tu_83_xTok_000934
daß	dass	KOUS	Duden	tu_83_xTok_000936
bey	bei	APPR	Duden	tu_83_xTok_000938
ihm	er	PPER	Duden	tu_83_xTok_000940
die	d	ART	Duden	tu_83_xTok_000942
Pferd	Pferd	NN	Duden	tu_83_xTok_000944
gefunden	finden	VVPP	Duden	tu_83_xTok_000946
worden	werden	VAPP	Duden	tu_83_xTok_000948
<g/>
/
ist	sein	VAFIN	Duden	tu_83_xTok_000953
es	es	PPER	Duden	tu_83_xTok_000955
bald	bald	ADV	Duden	tu_83_xTok_000957
Sonnenklar	sonnenklar	ADJD	Duden	tu_83_xTok_000959
daß	dass	KOUS	Duden	tu_83_xTok_000961
er	er	PPER	Duden	tu_83_xTok_000963
und	und	KON	Duden	tu_83_xTok_000965
kein	kein	PIAT	Duden	tu_83_xTok_000967
anderer	ander	PIS	Duden	tu_83_xTok_000969
die	d	ART	Duden	tu_83_xTok_000971
6.	6	CARD		tu_83_xTok_000973
Pferd	Pferd	NN	Duden	tu_83_xTok_000974
entfremdet	entfremden	VVPP	Duden	tu_83_xTok_000977
<g/>
.
Dannenhero	dannenhero	ADV	DWB	tu_83_xTok_000980
<g/>
/
damit	damit	KOUS	Duden	tu_83_xTok_000984
er	er	PPER	Duden	tu_83_xTok_000986
die	d	ART	Duden	tu_83_xTok_000988
verdiente	verdient	ADJA	Duden	tu_83_xTok_000990
Straf	Strafe	NN	Duden	tu_83_xTok_000992
außstehe	ausstehen	VVFIN	Duden	tu_83_xTok_000993
seinen	sein	PPOSAT	Duden	tu_83_xTok_000995
GOtt	Gott	NN	Duden	tu_83_xTok_000997
hinführo	hinfüro	ADV	DWB	tu_83_xTok_000999
mit	mit	APPR	Duden	tu_83_xTok_001001
Sünden	Sünde	NN	Duden	tu_83_xTok_001003
nicht	nicht	PTKNEG	Duden	tu_83_xTok_001005
mehr	mehr	ADV	Duden	tu_83_xTok_001007
beleydige	beleidigen	VVFIN	Duden	tu_83_xTok_001009
<g/>
/
und	und	KON	Duden	tu_83_xTok_001014
seinen	sein	PPOSAT	Duden	tu_83_xTok_001016
Nächsten	Nächste	NN	Duden	tu_83_xTok_001018
keinen	kein	PIAT	Duden	tu_83_xTok_001020
Schaden	Schaden	NN	Duden	tu_83_xTok_001022
zufüge	zufügen	VVFIN	Duden	tu_83_xTok_001024
<g/>
/
ist	sein	VAFIN	Duden	tu_83_xTok_001028
er	er	PPER	Duden	tu_83_xTok_001030
eben	eben	ADV	Duden	tu_83_xTok_001032
durch	durch	APPR	Duden	tu_83_xTok_001033
nicht	nicht	PTKNEG	Duden	tu_83_xTok_001035
ungerechtes	ungerecht	ADJA	Duden	tu_83_xTok_001037
Urtheil	Urteil	NN	Duden	tu_83_xTok_001039
zum	zum	APPRART	Duden	tu_83_xTok_001041
Tod	Tod	NN	Duden	tu_83_xTok_001043
des	d	ART	Duden	tu_83_xTok_001045
Galgens	Galgen	NN	Duden	tu_83_xTok_001047
verurtheilet	verurteilen	VVPP	Duden	tu_83_xTok_001049
worden	werden	VAPP	Duden	tu_83_xTok_001052
<g/>
.
GOtt	Gott	NN	Duden	tu_83_xTok_001055
seye	sein	VAIMP	Duden	tu_83_xTok_001057
gnädig	gnädig	ADJD	Duden	tu_83_xTok_001059
seiner	sein	PPOSAT	Duden	tu_83_xTok_001061
armen	arm	ADJA	Duden	tu_83_xTok_001063
Seele	Seele	NN	Duden	tu_83_xTok_001065
<g/>
.
</p>
<head>
Das	d	ART	Duden	tu_83_xTok_001067
Urtheil	Urteil	NN	Duden	tu_83_xTok_001070
Evæ	Eva	NE	Duden	tu_83_xTok_001072
Kiss	Kiss	NE	oov	tu_83_xTok_001074
<g/>
,
und	und	KON	Duden	tu_83_xTok_001077
Annæ	Anna	NE	Duden	tu_83_xTok_001079
Savolyi	Savolyi	NE	oov	tu_83_xTok_001081
<g/>
,
wie	wie	KOKOM	Duden	tu_83_xTok_001083
auch	auch	ADV	Duden	tu_83_xTok_001085
es	es	PPER	Duden	tu_83_xTok_001087
Georgii	Georgius	NE	oov	tu_83_xTok_001089
Pávelka	Pávelka	NE	oov	tu_83_xTok_001091
<g/>
,
deren	d	PRELS	Duden	tu_83_xTok_001094
die	d	ART	Duden	tu_83_xTok_001096
zwey	zwei	CARD	Duden	tu_83_xTok_001098
ersten	erste	ADJ-NN	Duden	tu_83_xTok_001100
durch	durch	APPR	Duden	tu_83_xTok_001101
das	d	ART	Duden	tu_83_xTok_001103
Schwerd	Schwert	NN	Duden	tu_83_xTok_001105
ihren	ihr	PPOSAT	Duden	tu_83_xTok_001109
Diebstahl	Diebstahl	NN	Duden	tu_83_xTok_001111
sollen	sollen	VMFIN	Duden	tu_83_xTok_001113
hingerichtet	hinrichten	VVPP	Duden	tu_83_xTok_001115
werden	werden	VAINF	Duden	tu_83_xTok_001117
<g/>
.
Der	d	ART	Duden	tu_83_xTok_001121
Georgius	Georgius	NE	oov	tu_83_xTok_001123
Pávelka	Pávelka	NE	oov	tu_83_xTok_001125
aber	aber	ADV	Duden	tu_83_xTok_001127
wegen	wegen	APPR	Duden	tu_83_xTok_001129
gleichen	gleich	ADJA	Duden	tu_83_xTok_001131
Laster	Laster	NN	Duden	tu_83_xTok_001133
durch	durch	APPR	Duden	tu_83_xTok_001135
den	d	ART	Duden	tu_83_xTok_001137
Strang	Strang	NN	Duden	tu_83_xTok_001138
soll	sollen	VMFIN	Duden	tu_83_xTok_001140
sein	sein	PPOSAT	Duden	tu_83_xTok_001142
Leben	Leben	NN	Duden	tu_83_xTok_001144
verliehren	verlieren	VVINF	Duden	tu_83_xTok_001146
<g/>
.
</head>
<p id="fb_17611024_GregoriusBacza_Mat_p_0007">
Sávolyi	Sávolyi	NE	oov	tu_83_xTok_001148
Anna	Anna	NE	Duden	tu_83_xTok_001151
<g/>
,
und	und	KON	Duden	tu_83_xTok_001154
Eva	Eva	NE	Duden	tu_83_xTok_001156
Kiss	Kiss	NE	oov	tu_83_xTok_001158
<g/>
,
welche	welch	PRELS	Duden	tu_83_xTok_001161
gleichwie	gleichwie	KOUS	Duden	tu_83_xTok_001163
sie	sie	PPER	Duden	tu_83_xTok_001165
eines	ein	ART	Duden	tu_83_xTok_001167
Gemüts	Gemüt	NN	Duden	tu_83_xTok_001169
<g/>
/
einer	ein	ART	Duden	tu_83_xTok_001174
üblen	übel	ADJA	Duden	tu_83_xTok_001176
Gesellschaft	Gesellschaft	NN	Duden	tu_83_xTok_001178
waren	sein	VAFIN	Duden	tu_83_xTok_001180
<g/>
/
also	also	ADV	Duden	tu_83_xTok_001184
auch	auch	ADV	Duden	tu_83_xTok_001186
eine	ein	ART	Duden	tu_83_xTok_001188
Strafe	Strafe	NN	Duden	tu_83_xTok_001190
verdienten	verdienen	VVFIN	Duden	tu_83_xTok_001191
<g/>
/
haben	haben	VAFIN	Duden	tu_83_xTok_001195
schon	schon	ADV	Duden	tu_83_xTok_001197
vor	vor	APPR	Duden	tu_83_xTok_001199
4.	4	CARD		tu_83_xTok_001201
Jahr	Jahr	NN	Duden	tu_83_xTok_001203
her	her	ADV	Duden	tu_83_xTok_001205
dermassen	dermaßen	ADV	Duden	tu_83_xTok_001207
in	in	APPR	Duden	tu_83_xTok_001209
ihren	ihr	PPOSAT	Duden	tu_83_xTok_001211
Meisterstuck	Meisterstück	NN	Duden	tu_83_xTok_001212
<g/>
/
so	so	PRELS	Duden	tu_83_xTok_001216
in	in	APPR	Duden	tu_83_xTok_001218
einer	ein	ART	Duden	tu_83_xTok_001220
langen	lang	ADJA	Duden	tu_83_xTok_001222
Hand	Hand	NN	Duden	tu_83_xTok_001224
bestehet	bestehen	VVFIN	Duden	tu_83_xTok_001226
<g/>
/
zugenommen	zunehmen	VVPP	Duden	tu_83_xTok_001230
<g/>
/
daß	dass	KOUS	Duden	tu_83_xTok_001234
sie	sie	PPER	Duden	tu_83_xTok_001236
ihre	ihr	PPOSAT	Duden	tu_83_xTok_001238
Kunst	Kunst	NN	Duden	tu_83_xTok_001240
weit	weit	ADJD	Duden	tu_83_xTok_001242
und	und	KON	Duden	tu_83_xTok_001244
breit	breit	ADJD	Duden	tu_83_xTok_001246
haben	haben	VAFIN	Duden	tu_83_xTok_001248
sehen	sehen	VVINF	Duden	tu_83_xTok_001250
lassen	lassen	VVINF	Duden	tu_83_xTok_001252
<g/>
;
Ebenfals	ebenfalls	ADV	Duden	tu_83_xTok_001255
hat	haben	VAFIN	Duden	tu_83_xTok_001256
sich	sich	PRF	Duden	tu_83_xTok_001258
in	in	APPR	Duden	tu_83_xTok_001260
dieser	diese	PDAT	Duden	tu_83_xTok_001262
Schull	Schule	NN	Duden	tu_83_xTok_001264
Georgius	Georgius	NE	oov	tu_83_xTok_001266
Pávelka	Pávelka	NE	oov	tu_83_xTok_001268
ritterlich	ritterlich	ADJD	Duden	tu_83_xTok_001270
gehalten	halten	VVPP	Duden	tu_83_xTok_001272
<g/>
/
da	da	KOUS	Duden	tu_83_xTok_001276
er	er	PPER	Duden	tu_83_xTok_001278
von	von	APPR	Duden	tu_83_xTok_001280
3.	3	CARD		tu_83_xTok_001282
Jahren	Jahr	NN	Duden	tu_83_xTok_001284
an	an	APZR	Duden	tu_83_xTok_001286
mit	mit	APPR	Duden	tu_83_xTok_001288
anderen	andere	ADJA	Duden	tu_83_xTok_001290
8.	8	CARD		tu_83_xTok_001292
Diebs Sclaven	Diebssklave	NN		tu_83_xTok_001294
in	in	APPR	Duden	tu_83_xTok_001298
den	d	ART	Duden	tu_83_xTok_001300
diebischen	diebisch	ADJA	Duden	tu_83_xTok_001301
<g/>
/
und	und	KON	Duden	tu_83_xTok_001305
unkeuschen	unkeusch	ADJA	Duden	tu_83_xTok_001307
viehischen	viehisch	ADJA	Duden	tu_83_xTok_001309
Leben	Leben	NN	Duden	tu_83_xTok_001311
gewandlet	wandeln	VVPP	Duden	tu_83_xTok_001313
<g/>
/
welche	welch	PIAT	Duden	tu_83_xTok_001317
lasterhafte	lasterhaft	ADJA	Duden	tu_83_xTok_001318
Gesellschaft	Gesellschaft	NN	Duden	tu_83_xTok_001320
weder	weder	KON	Duden	tu_83_xTok_001322
GOtt	Gott	NN	Duden	tu_83_xTok_001324
<g/>
/
weder	weder	KON	Duden	tu_83_xTok_001328
achtend	achten	ADJD	Duden	tu_83_xTok_001330
die	d	ART	Duden	tu_83_xTok_001332
Welt	Welt	NN	Duden	tu_83_xTok_001334
<g/>
/
noch	noch	KON	Duden	tu_83_xTok_001338
weniger	wenig	ADV	Duden	tu_83_xTok_001340
die	d	ART	Duden	tu_83_xTok_001342
grosse	groß	ADJA	Duden	tu_83_xTok_001344
Straffen	Strafe	NN	Duden	tu_83_xTok_001346
<g/>
/
so	so	ADV	Duden	tu_83_xTok_001350
weit	weit	ADJD	Duden	tu_83_xTok_001352
in	in	APPR	Duden	tu_83_xTok_001354
ihrer	ihr	PPOSAT	Duden	tu_83_xTok_001356
Blindheit	Blindheit	NN	Duden	tu_83_xTok_001358
gekommen	kommen	VVPP	Duden	tu_83_xTok_001360
<g/>
/
daß	dass	KOUS	Duden	tu_83_xTok_001365
in	in	APPR	Duden	tu_83_xTok_001367
unserem	unser	PPOSAT	Duden	tu_83_xTok_001369
Land	Land	NN	Duden	tu_83_xTok_001371
bald	bald	ADV	Duden	tu_83_xTok_001373
kein	kein	PIAT	Duden	tu_83_xTok_001375
Markt	Markt	NN	Duden	tu_83_xTok_001377
gewesen	sein	VAPP	Duden	tu_83_xTok_001379
<g/>
/
welchen	welch	PRELS	Duden	tu_83_xTok_001383
sie	sie	PPER	Duden	tu_83_xTok_001386
nur	nur	ADV	Duden	tu_83_xTok_001388
nennen	nennen	VVINF	Duden	tu_83_xTok_001390
gehöret	hören	VVPP	Duden	tu_83_xTok_001392
<g/>
/
in	in	APPR	Duden	tu_83_xTok_001396
welchen	welch	PRELS	Duden	tu_83_xTok_001398
sie	sie	PPER	Duden	tu_83_xTok_001400
sich	sich	PRF	Duden	tu_83_xTok_001402
nicht	nicht	PTKNEG	Duden	tu_83_xTok_001404
ihrer	ihr	PPOSAT	Duden	tu_83_xTok_001406
Wissenschaft	Wissenschaft	NN	Duden	tu_83_xTok_001407
<g/>
/
und	und	KON	Duden	tu_83_xTok_001411
im	im	APPRART	Duden	tu_83_xTok_001413
Diebstahl	Diebstahl	NN	Duden	tu_83_xTok_001415
Wohlerfahrenheit	Wohlerfahrenheit	NN	DWB	tu_83_xTok_001417
nicht	nicht	PTKNEG	Duden	tu_83_xTok_001419
gebraucht	brauchen	VVPP	Duden	tu_83_xTok_001421
<g/>
.
Oefters	öfters	ADV	Duden	tu_83_xTok_001423
seynd	sein	VAFIN	Duden	tu_83_xTok_001425
diese	diese	PDAT	Duden	tu_83_xTok_001427
drey	drei	CARD	Duden	tu_83_xTok_001429
Personen	Person	NN	Duden	tu_83_xTok_001431
in	in	APPR	Duden	tu_83_xTok_001433
Pester=	Pester	ADJA	oov	tu_83_xTok_001435
Ofner=	Ofner	ADJA	oov	tu_83_xTok_001437
Stuhlweissenburger=	Stuhlweissenburger	ADJA	oov	tu_83_xTok_001439
Tatern-	Tatern	ADJA	oov	tu_83_xTok_001442
Kecskemeter-	Kecskemeter	ADJA	oov	tu_83_xTok_001444
Zambôker-	Zambôker	ADJA	oov	tu_83_xTok_001446
Waitzner	Waitzner	ADJA	oov	tu_83_xTok_001448
und	und	KON	Duden	tu_83_xTok_001449
dergleichen	dergleichen	PIAT	Duden	tu_83_xTok_001451
mehr	mehr	ADV	Duden	tu_83_xTok_001453
nahend=	nahen	ADJA	Duden	tu_83_xTok_001455
und	und	KON	Duden	tu_83_xTok_001457
entfernt=	entfernt	ADJD	Duden	tu_83_xTok_001459
fallenden	fallen	ADJA	Duden	tu_83_xTok_001459b
Märkten	Markt	NN	Duden	tu_83_xTok_001461
erschienen	erscheinen	VVPP	Duden	tu_83_xTok_001462
<g/>
/
und	und	KON	Duden	tu_83_xTok_001466
ohne	ohne	APPR	Duden	tu_83_xTok_001468
Geld	Geld	NN	Duden	tu_83_xTok_001470
unterschiedliche	unterschiedlich	ADJA	Duden	tu_83_xTok_001472
Pöltz	Pelz	NN	Duden	tu_83_xTok_001474
<g/>
/
Stück	Stück	NN	Duden	tu_83_xTok_001478
Leinwat	Leinwand	NN	Duden	tu_83_xTok_001480
Schnopf=	Schnupftuch	TRUNC	Duden	tu_83_xTok_001483
und	und	KON	Duden	tu_83_xTok_001485
Halstüchl	Halstuch	NN	Duden	tu_83_xTok_001487
<g/>
/
Hüt	Hut	NN	Duden	tu_83_xTok_001491
und	und	KON	Duden	tu_83_xTok_001493
Kappen	Kappe	NN	Duden	tu_83_xTok_001495
<g/>
/
Kütl	Kittel	NN	Duden	tu_83_xTok_001499
und	und	KON	Duden	tu_83_xTok_001501
Röck	Rock	NN	Duden	tu_83_xTok_001502
<g/>
/
Geld	Geld	NN	Duden	tu_83_xTok_001506
und	und	KON	Duden	tu_83_xTok_001508
Müntz	Münze	NN	Duden	tu_83_xTok_001510
<g/>
/
Zischmen	Zischmen	NN	DWB	tu_83_xTok_001514
und	und	KON	Duden	tu_83_xTok_001516
Schuh	Schuh	NN	Duden	tu_83_xTok_001518
<g/>
/
mit	mit	APPR	Duden	tu_83_xTok_001522
einem	ein	ART	Duden	tu_83_xTok_001524
Wort	Wort	NN	Duden	tu_83_xTok_001525
alles	all	PIS	Duden	tu_83_xTok_001527
was	was	PRELS	Duden	tu_83_xTok_001529
ihnen	sie	PPER	Duden	tu_83_xTok_001531
unter	unter	APPR	Duden	tu_83_xTok_001533
die	d	ART	Duden	tu_83_xTok_001535
Händ	Hand	NN	Duden	tu_83_xTok_001537
gekommen	kommen	VVPP	Duden	tu_83_xTok_001539
eingekäuffet	einkaufen	VVPP	Duden	tu_83_xTok_001541
<g/>
/
und	und	KON	Duden	tu_83_xTok_001545
künstlich	künstlich	ADJD	Duden	tu_83_xTok_001547
verborgen	verbergen	VVPP	Duden	tu_83_xTok_001549
<g/>
.
Ja	ja	ADV	Duden	tu_83_xTok_001552
die	d	ART	Duden	tu_83_xTok_001554
Zahl	Zahl	NN	Duden	tu_83_xTok_001556
solcher	solch	PIAT	Duden	tu_83_xTok_001558
Kauffer	Käufer	NN	Duden	tu_83_xTok_001560
<g/>
/
und	und	KON	Duden	tu_83_xTok_001564
in	in	APPR	Duden	tu_83_xTok_001566
solcher	solch	PIAT	Duden	tu_83_xTok_001567
Kunst	Kunst	NN	Duden	tu_83_xTok_001569
erfahrnen	erfahren	ADJA	Duden	tu_83_xTok_001571
Persohnen	Person	NN	Duden	tu_83_xTok_001573
wuchse	wachsen	VVFIN	Duden	tu_83_xTok_001575
dergestalten	dergestalt	ADV	Duden	tu_83_xTok_001577
daß	dass	KOUS	Duden	tu_83_xTok_001579
sowohl	sowohl	KON	Duden	tu_83_xTok_001581
die	d	ART	Duden	tu_83_xTok_001584
Kauffer	Käufer	NN	Duden	tu_83_xTok_001586
als	als	KOKOM	Duden	tu_83_xTok_001588
Verkauffer	Verkäufer	NN	Duden	tu_83_xTok_001590
nicht	nicht	PTKNEG	Duden	tu_83_xTok_001592
genugsame	genugsam	ADJA	Duden	tu_83_xTok_001594
Acht	Acht	NN	Duden	tu_83_xTok_001596
haben	haben	VAINF	Duden	tu_83_xTok_001598
kunten	können	VMFIN	Duden	tu_83_xTok_001599
auf	auf	APPR	Duden	tu_83_xTok_001601
ihre	ihr	PPOSAT	Duden	tu_83_xTok_001603
Sachen	Sache	NN	Duden	tu_83_xTok_001605
<g/>
.
Obwohlen	obwohl	KON	Duden	tu_83_xTok_001608
Eva	Eva	NE	Duden	tu_83_xTok_001610
Kiss	Kiss	NE	oov	tu_83_xTok_001612
<g/>
,
und	und	KON	Duden	tu_83_xTok_001615
Anna	Anna	NE	Duden	tu_83_xTok_001617
<g/>
,
schon	schon	ADV	Duden	tu_83_xTok_001624
vor	vor	APPR	Duden	tu_83_xTok_001625
etlichen	etlich	PIAT	Duden	tu_83_xTok_001627
Jahren	Jahr	NN	Duden	tu_83_xTok_001629
von	von	APPR	Duden	tu_83_xTok_001631
etwelchen	etwelch	PIAT	Duden	tu_83_xTok_001633
anderen	andere	ADJA	Duden	tu_83_xTok_001635
Diebstahlen	Diebstahl	NN	Duden	tu_83_xTok_001637
<g/>
/
zweymal	zweimal	ADV	Duden	tu_83_xTok_001641
auf	auf	APPR	Duden	tu_83_xTok_001643
verschiedenen	verschieden	ADJA	Duden	tu_83_xTok_001644
Orten	Ort	NN	Duden	tu_83_xTok_001646
<g/>
/
und	und	KON	Duden	tu_83_xTok_001650
auch	auch	ADV	Duden	tu_83_xTok_001652
allhier	allhier	ADV	Duden	tu_83_xTok_001654
nicht	nicht	PTKNEG	Duden	tu_83_xTok_001656
gäntzlich	gänzlich	ADJD	Duden	tu_83_xTok_001658
nach	nach	APPR	Duden	tu_83_xTok_001660
ihren	ihr	PPOSAT	Duden	tu_83_xTok_001662
Verbrechen	Verbrechen	NN	Duden	tu_83_xTok_001664
abgestraffet	abstrafen	VVPP	Duden	tu_83_xTok_001667
worden	werden	VAPP	Duden	tu_83_xTok_001669
<g/>
/
in	in	APPR	Duden	tu_83_xTok_001673
Hofnung	Hoffnung	NN	Duden	tu_83_xTok_001675
sie	sie	PPER	Duden	tu_83_xTok_001677
werden	werden	VAFIN	Duden	tu_83_xTok_001679
von	von	APPR	Duden	tu_83_xTok_001681
denen	d	ART	Duden	tu_83_xTok_001683
Beleydigungen	Beleidigung	NN	Duden	tu_83_xTok_001685
GOttes	Gott	NN	Duden	tu_83_xTok_001688
abstehen	abstehen	VVINF	Duden	tu_83_xTok_001690
<g/>
/
haben	haben	VAFIN	Duden	tu_83_xTok_001694
sie	sie	PPER	Duden	tu_83_xTok_001696
dannoch	dannoch	ADV	DWB	tu_83_xTok_001698
anstatt	anstatt	APPR	Duden	tu_83_xTok_001700
einiger	einige	PIAT	Duden	tu_83_xTok_001702
Besserung	Besserung	NN	Duden	tu_83_xTok_001704
des	d	ART	Duden	tu_83_xTok_001705
Lebens	Leben	NN	Duden	tu_83_xTok_001707
ihre	ihr	PPOSAT	Duden	tu_83_xTok_001709
Boßheit	Bosheit	NN	Duden	tu_83_xTok_001711
auf	auf	APPR	Duden	tu_83_xTok_001713
ein	ein	ART	Duden	tu_83_xTok_001715
neues	neu	ADJ-NN	Duden	tu_83_xTok_001717
von	von	APPR	Duden	tu_83_xTok_001719
Ort	Ort	NN	Duden	tu_83_xTok_001721
zu	zu	APPR	Duden	tu_83_xTok_001723
Ort	Ort	NN	Duden	tu_83_xTok_001725
mehr	mehr	ADV	Duden	tu_83_xTok_001727
und	und	KON	Duden	tu_83_xTok_001729
mehr	mehr	ADV	Duden	tu_83_xTok_001731
ausgebreitet	ausbreiten	VVPP	Duden	tu_83_xTok_001732
<g/>
/
und	und	KON	Duden	tu_83_xTok_001736
zu	zu	APPR	Duden	tu_83_xTok_001738
Gödöle	Gödöllö	NE::top	oov	tu_83_xTok_001740
<g/>
,
Pëcsele	Pëcsele	NE::top	oov	tu_83_xTok_001743
<g/>
,
Totfaln	Totfaln	NE::top	oov	tu_83_xTok_001746
<g/>
,
Ullö	Üllö	NE::top	oov	tu_83_xTok_001749
bey	bei	APPR	Duden	tu_83_xTok_001751
nächtlicher Weille	nächtlicherweile	ADV		tu_83_xTok_001753
in	in	APPR	Duden	tu_83_xTok_001756
die	d	ART	Duden	tu_83_xTok_001758
Häuser	Haus	NN	Duden	tu_83_xTok_001760
eingebrochen	einbrechen	VVPP	Duden	tu_83_xTok_001762
<g/>
/
und	und	KON	Duden	tu_83_xTok_001766
allerhand	allerhand	ADJA	Duden	tu_83_xTok_001768
Einrichtung	Einrichtung	NN	Duden	tu_83_xTok_001770
Geld	Geld	NN	Duden	tu_83_xTok_001772
und	und	KON	Duden	tu_83_xTok_001774
Kleidungen	Kleidung	NN	Duden	tu_83_xTok_001775
hinweggetragen	hinwegtragen	VVPP	Duden	tu_83_xTok_001777
<g/>
/
dieweilen	dieweilen	KOUS	Duden	tu_83_xTok_001781
dann	dann	ADV	Duden	tu_83_xTok_001783
dergleichen	dergleichen	PIAT	Duden	tu_83_xTok_001785
in	in	APPR	Duden	tu_83_xTok_001787
denen	d	ART	Duden	tu_83_xTok_001789
Sünd	Sünde	NN	Duden	tu_83_xTok_001791
und	und	KON	Duden	tu_83_xTok_001792
Lastern	Laster	NN	Duden	tu_83_xTok_001794
ohne	ohne	APPR	Duden	tu_83_xTok_001796
Hofnung	Hoffnung	NN	Duden	tu_83_xTok_001798
einiger	einige	PIAT	Duden	tu_83_xTok_001800
Besserung	Besserung	NN	Duden	tu_83_xTok_001802
versunkene	versinken	ADJA	Duden	tu_83_xTok_001804
Personen	Person	NN	Duden	tu_83_xTok_001806
zu	zu	APPR	Duden	tu_83_xTok_001808
keinen	kein	PIAT	Duden	tu_83_xTok_001810
anderen	andere	ADJA	Duden	tu_83_xTok_001812
Ziehl	Ziel	NN	Duden	tu_83_xTok_001814
und	und	KON	Duden	tu_83_xTok_001816
End	Ende	NN	Duden	tu_83_xTok_001818
leben	leben	VVFIN	Duden	tu_83_xTok_001820
auf	auf	APPR	Duden	tu_83_xTok_001822
Erden	Erde	NN	Duden	tu_83_xTok_001824
<g/>
/
als	als	KOKOM	Duden	tu_83_xTok_001828
daß	dass	KOUS	Duden	tu_83_xTok_001830
sie	sie	PPER	Duden	tu_83_xTok_001832
GOtt	Gott	NN	Duden	tu_83_xTok_001834
den	d	ART	Duden	tu_83_xTok_001836
Allmächtigen	Allmächtiger	NN	Duden	tu_83_xTok_001837
mehr	mehr	ADV	Duden	tu_83_xTok_001839
und	und	KON	Duden	tu_83_xTok_001841
mehr	mehr	ADV	Duden	tu_83_xTok_001843
beleydigen	beleidigen	VVFIN	Duden	tu_83_xTok_001845
<g/>
/
ihren	ihr	PPOSAT	Duden	tu_83_xTok_001849
Nächsten	Nächste	NN	Duden	tu_83_xTok_001851
auf	auf	APPR	Duden	tu_83_xTok_001853
unterschiedliche	unterschiedlich	ADJA	Duden	tu_83_xTok_001855
Weis	Weise	NN	Duden	tu_83_xTok_001858
und	und	KON	Duden	tu_83_xTok_001860
Art	Art	NN	Duden	tu_83_xTok_001862
in	in	APPR	Duden	tu_83_xTok_001864
Schaden	Schaden	NN	Duden	tu_83_xTok_001866
und	und	KON	Duden	tu_83_xTok_001868
um	um	APPR	Duden	tu_83_xTok_001870
sein	sein	PPOSAT	Duden	tu_83_xTok_001872
Gut	Gut	NN	Duden	tu_83_xTok_001874
bringen	bringen	VVFIN	Duden	tu_83_xTok_001876
<g/>
/
daß	d	PDS	Duden	tu_83_xTok_001880
und	und	KON	Duden	tu_83_xTok_001882
jenes	jene	PDS	Duden	tu_83_xTok_001884
aufzuzehren	aufzehren	VVIZU	Duden	tu_83_xTok_001887
<g/>
/
so	so	PRELS	Duden	tu_83_xTok_001891
andere	ander	PIS	Duden	tu_83_xTok_001893
durch	durch	APPR	Duden	tu_83_xTok_001895
ihre	ihr	PPOSAT	Duden	tu_83_xTok_001897
blutige	blutig	ADJA	Duden	tu_83_xTok_001899
Schweißtropfen	Schweißtropfen	NN	Duden	tu_83_xTok_001899b
erworben	erwerben	VVPP	Duden	tu_83_xTok_001902
<g/>
.
Dannenhero	dannenhero	ADV	DWB	tu_83_xTok_001904
soll	sollen	VMFIN	Duden	tu_83_xTok_001906
Eva	Eva	NE	Duden	tu_83_xTok_001908
Kiss	Kiss	NE	oov	tu_83_xTok_001910
<g/>
,
und	und	KON	Duden	tu_83_xTok_001913
Anna	Anna	NE	Duden	tu_83_xTok_001915
Sávolyi	Sávolyi	NE	oov	tu_83_xTok_001917
durch	durch	APPR	Duden	tu_83_xTok_001919
das	d	ART	Duden	tu_83_xTok_001921
Schwerd	Schwert	NN	Duden	tu_83_xTok_001923
Freymanns	Freimann	NN	DWB	tu_83_xTok_001928
Georgius	Georgius	NE	oov	tu_83_xTok_001930
Pávelka	Pávelka	NE	oov	tu_83_xTok_001932
aber	aber	ADV	Duden	tu_83_xTok_001934
durch	durch	APPR	Duden	tu_83_xTok_001936
den	d	ART	Duden	tu_83_xTok_001938
Strang	Strang	NN	Duden	tu_83_xTok_001940
<g/>
/
als	als	KOKOM	Duden	tu_83_xTok_001944
wohlverdiente	wohlverdient	ADJA	Duden	tu_83_xTok_001946
Straffen	Strafe	NN	Duden	tu_83_xTok_001949
<g/>
/
hingerichtet	hinrichten	VVPP	Duden	tu_83_xTok_001953
werden	werden	VAINF	Duden	tu_83_xTok_001955
<g/>
.
GOtt	Gott	NN	Duden	tu_83_xTok_001958
sey	sein	VAIMP	Duden	tu_83_xTok_001960
ihrer	ihr	PPOSAT	Duden	tu_83_xTok_001961
armen	arm	ADJA	Duden	tu_83_xTok_001963
Seelen	Seele	NN	Duden	tu_83_xTok_001965
gnädig	gnädig	ADJD	Duden	tu_83_xTok_001967
<g/>
.
</p>
</doc>
