<doc id="fb_17780827_JohannH_MichaelH" delinquent_sexes="male" title="Todesurteil Johann H., Michael H." attrs="word lemma pos vocab id">
<head>
Jnhalt	Inhalt	NN	Duden	tu_115_xTok_000177
ihrer	ihr	PPOSAT	Duden	tu_115_xTok_000179
Verbrechen	Verbrechen	NN	Duden	tu_115_xTok_000181
<g/>
.
</head>
<p id="fb_17780827_JohannH_MichaelH_p_0001">
Diese	diese	PDAT	Duden	tu_115_xTok_000183
zween	zwei	CARD	Duden	tu_115_xTok_000186
Brüder	Bruder	NN	Duden	tu_115_xTok_000188
waren	sein	VAFIN	Duden	tu_115_xTok_000190
<g/>
,
und	und	KON	Duden	tu_115_xTok_000193
zwar	zwar	ADV	Duden	tu_115_xTok_000195
der	d	ART	Duden	tu_115_xTok_000197
Johann	Johann	NE	Duden	tu_115_xTok_000199
H.	H.	NE	oov	tu_115_xTok_000201
bis	bis	APPR	Duden	tu_115_xTok_000204
in	in	APPR	Duden	tu_115_xTok_000206
das	d	ART	Duden	tu_115_xTok_000208
17te	17	ADJA		tu_115_xTok_000209
<g/>
,
der	d	ART	Duden	tu_115_xTok_000214
Michael	Michael	NE	Duden	tu_115_xTok_000216
H.	H.	NE	oov	tu_115_xTok_000218
hingegen	hingegen	ADV	Duden	tu_115_xTok_000221
bis	bis	APPR	Duden	tu_115_xTok_000223
in	in	APPR	Duden	tu_115_xTok_000225
das	d	ART	Duden	tu_115_xTok_000227
20.	20	ADJA		tu_115_xTok_000229
Jahrsalter	Jahrsalter	NN	oov	tu_115_xTok_000231
bey	bei	APPR	Duden	tu_115_xTok_000233
ihren	ihr	PPOSAT	Duden	tu_115_xTok_000235
zu	zu	APPR	Duden	tu_115_xTok_000238
Riegerstorf	Riegersdorf	NE::top	oov	tu_115_xTok_000240
behaust	behaust	ADJD	Duden	tu_115_xTok_000242
gewesenen	sein	ADJA	Duden	tu_115_xTok_000244
Aeltern	Eltern	NN	Duden	tu_115_xTok_000246
in	in	APPR	Duden	tu_115_xTok_000248
Auf=	Aufhalt	TRUNC	Duden	tu_115_xTok_000250
und	und	KON	Duden	tu_115_xTok_000252
Unterhalte	Unterhalt	NN	Duden	tu_115_xTok_000254
<g/>
,
und	und	KON	Duden	tu_115_xTok_000257
giengen	gehen	VVFIN	Duden	tu_115_xTok_000259
denselben	derselbe	PDS	Duden	tu_115_xTok_000261
in	in	APPR	Duden	tu_115_xTok_000263
der	d	ART	Duden	tu_115_xTok_000265
Bauernwirthschaft	Bauernwirtschaft	NN	DWB	tu_115_xTok_000267
an	an	APPR	Duden	tu_115_xTok_000269
die	d	ART	Duden	tu_115_xTok_000271
Hand	Hand	NN	Duden	tu_115_xTok_000273
<g/>
,
hernach	hernach	PAV	Duden	tu_115_xTok_000276
aber	aber	ADV	Duden	tu_115_xTok_000279
begaben	begeben	VVFIN	Duden	tu_115_xTok_000281
sie	sie	PPER	Duden	tu_115_xTok_000283
sich	sich	PRF	Duden	tu_115_xTok_000285
in	in	APPR	Duden	tu_115_xTok_000287
Dienste	Dienst	NN	Duden	tu_115_xTok_000289
<g/>
,
und	und	KON	Duden	tu_115_xTok_000292
dienten	dienen	VVFIN	Duden	tu_115_xTok_000294
hin	hin	ADV	Duden	tu_115_xTok_000296
und	und	KON	Duden	tu_115_xTok_000298
wieder	wieder	ADV	Duden	tu_115_xTok_000300
als	als	KOKOM	Duden	tu_115_xTok_000301
Roßknechte	Rossknecht	NN	DWB	tu_115_xTok_000303
so lang	solang	ADV		tu_115_xTok_000305
<g/>
,
bis	bis	KOUS	Duden	tu_115_xTok_000310
er	er	PPER	Duden	tu_115_xTok_000312
Johann	Johann	NE	Duden	tu_115_xTok_000314
H.	H.	NE	oov	tu_115_xTok_000316
sich	sich	PRF	Duden	tu_115_xTok_000319
verehliget	verehelichen	VVPP	Duden	tu_115_xTok_000321
<g/>
,
eine	ein	ART	Duden	tu_115_xTok_000324
Bauernwirthschaft	Bauernwirtschaft	NN	DWB	tu_115_xTok_000326
selbst	selbst	ADV	Duden	tu_115_xTok_000329
angetretten	antreten	VVPP	Duden	tu_115_xTok_000331
<g/>
,
und	und	KON	Duden	tu_115_xTok_000334
nachdem	nachdem	KOUS	Duden	tu_115_xTok_000336
er	er	PPER	Duden	tu_115_xTok_000338
hierauf	hierauf	PAV	Duden	tu_115_xTok_000340
abgewirthschaftet	abwirtschaften	VVPP	Duden	tu_115_xTok_000342
<g/>
,
auf	auf	APPR	Duden	tu_115_xTok_000346
das	d	ART	Duden	tu_115_xTok_000348
Stehlen	stehlen	VVINF-NN	Duden	tu_115_xTok_000350
theils	teils	ADV	Duden	tu_115_xTok_000352
alleinig	alleinig	ADJD	Duden	tu_115_xTok_000354
<g/>
,
theils	teils	ADV	Duden	tu_115_xTok_000356
mit	mit	APPR	Duden	tu_115_xTok_000358
andern	andere	ADJA	Duden	tu_115_xTok_000360
Diebska me meraden	Diebskamerad	NN	oov	tu_115_xTok_000362
verlegt	verlegen	VVPP	Duden	tu_115_xTok_000365
hat	haben	VAFIN	Duden	tu_115_xTok_000367
<g/>
,
wessenthalben	wessenthalben	PWAV	Duden	tu_115_xTok_000370
er	er	PPER	Duden	tu_115_xTok_000372
dann	dann	ADV	Duden	tu_115_xTok_000374
zwischen	zwischen	APPR	Duden	tu_115_xTok_000376
den	d	ART	Duden	tu_115_xTok_000378
Jahren	Jahr	NN	Duden	tu_115_xTok_000380
1772.	1772	CARD		tu_115_xTok_000382
und	und	KON	Duden	tu_115_xTok_000384
1775.	1775	CARD		tu_115_xTok_000385b
viermal	viermal	ADV	Duden	tu_115_xTok_000389
bey	bei	APPR	Duden	tu_115_xTok_000391
dem	d	ART	Duden	tu_115_xTok_000393
Landgericht	Landgericht	NN	Duden	tu_115_xTok_000395
Leobendorf	Leobendorf	NE::top	oov	tu_115_xTok_000398
zum	zum	APPRART	Duden	tu_115_xTok_000400
Verhaft	Verhaft	NN	Duden	tu_115_xTok_000402
gebracht	bringen	VVPP	Duden	tu_115_xTok_000404
<g/>
,
hierüber	hierüber	PAV	Duden	tu_115_xTok_000408
das	d	ART	Duden	tu_115_xTok_000410
erste	erste	ADJA	Duden	tu_115_xTok_000412
mal	Mal	NN	Duden	tu_115_xTok_000412b
auf	auf	APPR	Duden	tu_115_xTok_000414
ein	ein	ART	Duden	tu_115_xTok_000416
halbes	halb	ADJA	Duden	tu_115_xTok_000418
Jahr	Jahr	NN	Duden	tu_115_xTok_000420
lang	lang	ADJD	Duden	tu_115_xTok_000422
zur	zur	APPRART	Duden	tu_115_xTok_000424
Herrschaftsarbeit	Herrschaftsarbeit	NN	DRW	tu_115_xTok_000426
in	in	APPR	Duden	tu_115_xTok_000429
Eisen	Eisen	NN	Duden	tu_115_xTok_000431
angestellet	anstellen	VVPP	Duden	tu_115_xTok_000433
<g/>
,
und	und	KON	Duden	tu_115_xTok_000436
nach	nach	APPR	Duden	tu_115_xTok_000438
ausgestandener	ausstehen	ADJA	Duden	tu_115_xTok_000440
Strafzeit	Strafzeit	NN	Duden	tu_115_xTok_000442
frey	frei	ADJD	Duden	tu_115_xTok_000445
entlassen	entlassen	VVPP	Duden	tu_115_xTok_000447
worden	werden	VAPP	Duden	tu_115_xTok_000449
ist	sein	VAFIN	Duden	tu_115_xTok_000451
<g/>
;
und	und	KON	Duden	tu_115_xTok_000454
obschon	obschon	KOUS	Duden	tu_115_xTok_000456
er	er	PPER	Duden	tu_115_xTok_000458
das	d	ART	Duden	tu_115_xTok_000460
zweyte	zweite	ADJA	Duden	tu_115_xTok_000462
und	und	KON	Duden	tu_115_xTok_000464
dritte=	dritte	ADJA	Duden	tu_115_xTok_000466
mal	Mal	NN	Duden	tu_115_xTok_000466b
theils	teils	ADV	Duden	tu_115_xTok_000469
heimlich	heimlich	ADJD	Duden	tu_115_xTok_000471
<g/>
,
theils	teils	ADV	Duden	tu_115_xTok_000474
mittels	mittels	APPR	Duden	tu_115_xTok_000476
gewaltsamer	gewaltsam	ADJA	Duden	tu_115_xTok_000478
Durchbrechung	Durchbrechung	NN	Duden	tu_115_xTok_000480
der	d	ART	Duden	tu_115_xTok_000482
Arrestmauern	Arrestmauer	NN	oov	tu_115_xTok_000484
entwichen	entweichen	VVPP	Duden	tu_115_xTok_000486
<g/>
,
wurde	werden	VAFIN	Duden	tu_115_xTok_000489
er	er	PPER	Duden	tu_115_xTok_000491
dennoch	dennoch	ADV	Duden	tu_115_xTok_000493
gar	gar	ADV	Duden	tu_115_xTok_000495
bald	bald	ADV	Duden	tu_115_xTok_000497
darauf	darauf	PAV	Duden	tu_115_xTok_000499
wieder	wieder	ADV	Duden	tu_115_xTok_000501
zum	zum	APPRART	Duden	tu_115_xTok_000503
vierten	vierte	ADJA	Duden	tu_115_xTok_000505
mal	Mal	NN	Duden	tu_115_xTok_000505b
in	in	APPR	Duden	tu_115_xTok_000507
einem	ein	ART	Duden	tu_115_xTok_000509
Diebstahl	Diebstahl	NN	Duden	tu_115_xTok_000511
samt	samt	APPR	Duden	tu_115_xTok_000513
seinem	sein	PPOSAT	Duden	tu_115_xTok_000515
Bruder	Bruder	NN	Duden	tu_115_xTok_000517
Michael	Michael	NE	Duden	tu_115_xTok_000519
H.	H.	NE	oov	tu_115_xTok_000521
zu	zu	APPR	Duden	tu_115_xTok_000524
Wolkerstorf	Wolkersdorf	NE::top	oov	tu_115_xTok_000526
betretten	betreten	VVPP	Duden	tu_115_xTok_000528
<g/>
,
sohin	sohin	ADV	Duden	tu_115_xTok_000531
dem	d	ART	Duden	tu_115_xTok_000533
Landgericht	Landgericht	NN	Duden	tu_115_xTok_000535
Leobendorf	Leobendorf	NE::top	oov	tu_115_xTok_000538
ausgeliefert	ausliefern	VVPP	Duden	tu_115_xTok_000540
<g/>
,
und	und	KON	Duden	tu_115_xTok_000544
über	über	APPR	Duden	tu_115_xTok_000546
die	d	ART	Duden	tu_115_xTok_000548
mit	mit	APPR	Duden	tu_115_xTok_000550
ihm	er	PPER	Duden	tu_115_xTok_000552
vollführte	vollführen	ADJA	Duden	tu_115_xTok_000554
Criminalverfahrung	Kriminalverfahrung	NN	oov	tu_115_xTok_000556
auf	auf	APPR	Duden	tu_115_xTok_000558
10	10	CARD		tu_115_xTok_000560
Jahre	Jahr	NN	Duden	tu_115_xTok_000563
in	in	APPR	Duden	tu_115_xTok_000566
eine	ein	ART	Duden	tu_115_xTok_000568
Festung	Festung	NN	Duden	tu_115_xTok_000570
verurtheilet	verurteilen	VVPP	Duden	tu_115_xTok_000572
<g/>
,
dahin	dahin	PAV	Duden	tu_115_xTok_000575
auch	auch	ADV	Duden	tu_115_xTok_000577
gegen	gegen	APPR	Duden	tu_115_xTok_000579
Ende	Ende	NN	Duden	tu_115_xTok_000581
des	d	ART	Duden	tu_115_xTok_000583
1776.	1776	CARD		tu_115_xTok_000585
Jahres	Jahr	NN	Duden	tu_115_xTok_000588
abgeschicket	abschicken	VVPP	Duden	tu_115_xTok_000590
<g/>
,
der	d	ART	Duden	tu_115_xTok_000593
Michael	Michael	NE	Duden	tu_115_xTok_000595
H.	H.	NE	oov	tu_115_xTok_000597
hingegen	hingegen	ADV	Duden	tu_115_xTok_000600
entlassen	entlassen	VVPP	Duden	tu_115_xTok_000602
<g/>
,
aus	aus	APPR	Duden	tu_115_xTok_000605
welch	welch	PWAT	Duden	tu_115_xTok_000607
seinem	sein	PPOSAT	Duden	tu_115_xTok_000609
Straforte	Strafort	NN	DWB	tu_115_xTok_000611
aber	aber	ADV	Duden	tu_115_xTok_000613
er	er	PPER	Duden	tu_115_xTok_000615
Johann	Johann	NE	Duden	tu_115_xTok_000617
H.	H.	NE	oov	tu_115_xTok_000619
samt	samt	APPR	Duden	tu_115_xTok_000622
einem	ein	ART	Duden	tu_115_xTok_000625
andern	andere	ADJA	Duden	tu_115_xTok_000627
Arrestanten	Arrestant	NN	Duden	tu_115_xTok_000629
nach	nach	APPR	Duden	tu_115_xTok_000631
vorläufig	vorläufig	ADJD	Duden	tu_115_xTok_000633
herabgeschlagenen	herabschlagen	ADJA	Duden	tu_115_xTok_000635
Fußeisen	Fußeisen	NN	DWB	tu_115_xTok_000637
auf	auf	APPR	Duden	tu_115_xTok_000639
eine	ein	ART	Duden	tu_115_xTok_000641
arglistige	arglistig	ADJA	Duden	tu_115_xTok_000643
Weise	Weise	NN	Duden	tu_115_xTok_000645
zu	zu	PTKZU	Duden	tu_115_xTok_000647
entweichen	entweichen	VVINF	Duden	tu_115_xTok_000649
Gelegenheit	Gelegenheit	NN	Duden	tu_115_xTok_000651
gefunden	finden	VVPP	Duden	tu_115_xTok_000653
hat	haben	VAFIN	Duden	tu_115_xTok_000655
<g/>
.
</p>
<p id="fb_17780827_JohannH_MichaelH_p_0002">
Allein	allein	ADV	Duden	tu_115_xTok_000657
diese	diese	PDAT	Duden	tu_115_xTok_000659
gerichtlichen	gerichtlich	ADJA	Duden	tu_115_xTok_000661
Verfahr=	Verfahrung	NN	DWB	tu_115_xTok_000663
und	und	KON	Duden	tu_115_xTok_000665
Abstrafungen	Abstrafung	NN	Duden	tu_115_xTok_000667
leiteten	leiten	VVFIN	Duden	tu_115_xTok_000669
ihn	er	PPER	Duden	tu_115_xTok_000672
Johann	Johann	NE	Duden	tu_115_xTok_000674
H.	H.	NE	oov	tu_115_xTok_000676
keineswegs	keineswegs	ADV	Duden	tu_115_xTok_000679
zu	zu	APPR	Duden	tu_115_xTok_000681
einiger	einige	PIAT	Duden	tu_115_xTok_000683
Besserung	Besserung	NN	Duden	tu_115_xTok_000685
<g/>
,
indem	indem	KOUS	Duden	tu_115_xTok_000688
er	er	PPER	Duden	tu_115_xTok_000690
sogleich	sogleich	ADV	Duden	tu_115_xTok_000692
mit	mit	APPR	Duden	tu_115_xTok_000694
diesen	diese	PDS	Duden	tu_115_xTok_000696
aus	aus	APPR	Duden	tu_115_xTok_000699
der	d	ART	Duden	tu_115_xTok_000701
Festung	Festung	NN	Duden	tu_115_xTok_000703
entwichenen	entweichen	ADJA	Duden	tu_115_xTok_000705
<g/>
,
und	und	KON	Duden	tu_115_xTok_000708
sohin	sohin	ADV	Duden	tu_115_xTok_000710
mehrerer	mehrere	PIAT	Duden	tu_115_xTok_000712
verübten	verüben	ADJA	Duden	tu_115_xTok_000714
Diebstähle	Diebstahl	NN	Duden	tu_115_xTok_000716
halber	halber	APPO	Duden	tu_115_xTok_000718
zu	zu	APPR	Duden	tu_115_xTok_000720
Bisamberg	Bisamberg	NE::top	oov	tu_115_xTok_000722
bereits	bereits	ADV	Duden	tu_115_xTok_000724
hingerichteten	hinrichten	ADJA	Duden	tu_115_xTok_000726
<g/>
,
liederlichen	liederlich	ADJA	Duden	tu_115_xTok_000729
Purschen	Bursche	NN	Duden	tu_115_xTok_000731
bey	bei	APPR	Duden	tu_115_xTok_000733
einem	ein	ART	Duden	tu_115_xTok_000735
Gärtner	Gärtner	NN	Duden	tu_115_xTok_000737
allhier	allhier	ADV	Duden	tu_115_xTok_000739
in	in	APPR	Duden	tu_115_xTok_000741
der	d	ART	Duden	tu_115_xTok_000743
Rossau	Rossau	NE::top	oov	tu_115_xTok_000745
einen	ein	ART	Duden	tu_115_xTok_000747
auf	auf	APPR	Duden	tu_115_xTok_000749
11	11	CARD		tu_115_xTok_000751
fl.	Flore	NN	DWB	tu_115_xTok_000754
21	21	CARD		tu_115_xTok_000756
kr.	Kreuzer	NN	Duden	tu_115_xTok_000759
angeschlagenen	anschlagen	ADJA	Duden	tu_115_xTok_000762
Diebstahl	Diebstahl	NN	Duden	tu_115_xTok_000764
<g/>
,
sohin	sohin	ADV	Duden	tu_115_xTok_000767
zu	zu	APPR	Duden	tu_115_xTok_000769
Trestorf	Tresdorf	NE::top	oov	tu_115_xTok_000771
eine	ein	ART	Duden	tu_115_xTok_000773
geringe	gering	ADJA	Duden	tu_115_xTok_000775
Dieberey	Dieberei	NN	Duden	tu_115_xTok_000777
begangen	begehen	VVPP	Duden	tu_115_xTok_000781
<g/>
,
alsdann	alsdann	ADV	Duden	tu_115_xTok_000784
aber	aber	ADV	Duden	tu_115_xTok_000786
<g/>
,
nachdem	nachdem	KOUS	Duden	tu_115_xTok_000789
ihn	er	PPER	Duden	tu_115_xTok_000791
Johann	Johann	NE	Duden	tu_115_xTok_000793
H.	H.	NE	oov	tu_115_xTok_000795
sein	sein	PPOSAT	Duden	tu_115_xTok_000798
diesfälliger	diesfällig	ADJA	Duden	tu_115_xTok_000800
Diebskamerad	Diebskamerad	NN	oov	tu_115_xTok_000804
verlassen	verlassen	VVPP	Duden	tu_115_xTok_000806
<g/>
,
seinen	sein	PPOSAT	Duden	tu_115_xTok_000809
Bruder	Bruder	NN	Duden	tu_115_xTok_000811
Michael	Michael	NE	Duden	tu_115_xTok_000813
H.	H.	NE	oov	tu_115_xTok_000815
sich	sich	PRF	Duden	tu_115_xTok_000818
zugesellet	zugesellen	VVPP	Duden	tu_115_xTok_000820
<g/>
,
und	und	KON	Duden	tu_115_xTok_000824
sowohl	sowohl	KON	Duden	tu_115_xTok_000826
mit	mit	APPR	Duden	tu_115_xTok_000828
dessen	d	PDAT	Duden	tu_115_xTok_000830
<g/>
,
als	als	KON	Duden	tu_115_xTok_000833
auch	auch	ADV	Duden	tu_115_xTok_000837
anderer	andere	ADJA	Duden	tu_115_xTok_000839
gerichtlich	gerichtlich	ADJD	Duden	tu_115_xTok_000841
bekannten	bekannt	ADJA	Duden	tu_115_xTok_000843
Diebe	Dieb	NN	Duden	tu_115_xTok_000846
Hilfleistung	Hilfeleistung	NN	Duden	tu_115_xTok_000848
immerfort	immerfort	ADV	Duden	tu_115_xTok_000850
mit	mit	APPR	Duden	tu_115_xTok_000852
Stehlen	stehlen	VVINF-NN	Duden	tu_115_xTok_000854
und	und	KON	Duden	tu_115_xTok_000856
Rauben	rauben	VVINF-NN	Duden	tu_115_xTok_000858
abgegeben	abgeben	VVPP	Duden	tu_115_xTok_000860
hat	haben	VAFIN	Duden	tu_115_xTok_000863
<g/>
.
</p>
<p id="fb_17780827_JohannH_MichaelH_p_0003">
Bey	bei	APPR	Duden	tu_115_xTok_000865
der	d	ART	Duden	tu_115_xTok_000867
wider	wider	APPR	Duden	tu_115_xTok_000869
sie	sie	PPER	Duden	tu_115_xTok_000871
beede	beide	PIAT	Duden	tu_115_xTok_000873
Delinquenten	Delinquent	NN	Duden	tu_115_xTok_000875
angestrengten	anstrengen	ADJA	Duden	tu_115_xTok_000877
Untersuchung	Untersuchung	NN	Duden	tu_115_xTok_000879
entdeckte	entdecken	VVFIN	Duden	tu_115_xTok_000882
sich	sich	PRF	Duden	tu_115_xTok_000884
sowohl	sowohl	KON	Duden	tu_115_xTok_000886
durch	durch	APPR	Duden	tu_115_xTok_000888
ihre	ihr	PPOSAT	Duden	tu_115_xTok_000890
selbst	selbst	ADV	Duden	tu_115_xTok_000892
eigen	eigen	ADJA	Duden	tu_115_xTok_000894
gemachte	machen	ADJA	Duden	tu_115_xTok_000896
Bekänntniß	Bekenntnis	NN	Duden	tu_115_xTok_000898
<g/>
,
als	als	KON	Duden	tu_115_xTok_000902
auch	auch	ADV	Duden	tu_115_xTok_000904
gerichtlich	gerichtlich	ADJD	Duden	tu_115_xTok_000906
<g/>
,
und	und	KON	Duden	tu_115_xTok_000909
eidlich	eidlich	ADJD	Duden	tu_115_xTok_000911
eingeholte	einholen	ADJA	Duden	tu_115_xTok_000913
Bestättigung	Bestätigung	NN	Duden	tu_115_xTok_000915
<g/>
,
daß	dass	KOUS	Duden	tu_115_xTok_000918
sie	sie	PPER	Duden	tu_115_xTok_000920
ungeachtet	ungeachtet	APPR	Duden	tu_115_xTok_000922
der	d	ART	Duden	tu_115_xTok_000924
von	von	APPR	Duden	tu_115_xTok_000926
ihnen	sie	PPER	Duden	tu_115_xTok_000928
in	in	APPR	Duden	tu_115_xTok_000930
den	d	ART	Duden	tu_115_xTok_000932
Gegenden	Gegend	NN	Duden	tu_115_xTok_000934
von	von	APPR	Duden	tu_115_xTok_000936
Korneuburg	Korneuburg	NE::top	oov	tu_115_xTok_000938
an	an	APPR	Duden	tu_115_xTok_000940
Eßwaaren	Esswaren	NN	Duden	tu_115_xTok_000942
begangenen	begehen	ADJA	Duden	tu_115_xTok_000944
<g/>
,
und	und	KON	Duden	tu_115_xTok_000947
zum	zum	APPRART	Duden	tu_115_xTok_000949
Theil	Teil	NN	Duden	tu_115_xTok_000951
einbekännten	einbekennen	ADJA	Duden	tu_115_xTok_000953
Diebereyen	Dieberei	NN	Duden	tu_115_xTok_000955
Erstens	erstens	ADV	Duden	tu_115_xTok_000956
den	d	ART	Duden	tu_115_xTok_000958
6ten	6	ADJA		tu_115_xTok_000960
August	August	NN	Duden	tu_115_xTok_000963
vorigen	vorige	ADJA	Duden	tu_115_xTok_000965
Jahrs	Jahr	NN	Duden	tu_115_xTok_000967
mit	mit	APPR	Duden	tu_115_xTok_000969
Beyhilfe	Beihilfe	NN	Duden	tu_115_xTok_000972
zweener	zwei	CARD	Duden	tu_115_xTok_000974
anderer	andere	ADJA	Duden	tu_115_xTok_000976
Kameraden	Kamerad	NN	Duden	tu_115_xTok_000979
zu	zu	APPR	Duden	tu_115_xTok_000981
Trestorf	Tresdorf	NE::top	oov	tu_115_xTok_000983
aus	aus	APPR	Duden	tu_115_xTok_000985
einem	ein	ART	Duden	tu_115_xTok_000987
eröffneten	eröffnen	ADJA	Duden	tu_115_xTok_000989
Keller	Keller	NN	Duden	tu_115_xTok_000991
Selchfleisch	Selchfleisch	NN	Duden	tu_115_xTok_000993
<g/>
,
Schmalz	Schmalz	NN	Duden	tu_115_xTok_000996
<g/>
,
und	und	KON	Duden	tu_115_xTok_000999
Wein	Wein	NN	Duden	tu_115_xTok_001001
im	im	APPRART	Duden	tu_115_xTok_001003
beschwornen	beschwören	ADJA	Duden	tu_115_xTok_001005
Werth	Wert	NN	Duden	tu_115_xTok_001007
von	von	APPR	Duden	tu_115_xTok_001009
26	26	CARD		tu_115_xTok_001011
fl.	Flore	NN	DWB	tu_115_xTok_001013
21	21	CARD		tu_115_xTok_001016
kr.	Kreuzer	NN	Duden	tu_115_xTok_001018
Zweytens	zweitens	ADV	Duden	tu_115_xTok_001021
<g/>
;
im	im	APPRART	Duden	tu_115_xTok_001025
September	September	NN	Duden	tu_115_xTok_001027
darauf	darauf	PAV	Duden	tu_115_xTok_001029
Nachts	nachts	ADV	Duden	tu_115_xTok_001031
zu	zu	APPR	Duden	tu_115_xTok_001033
Leobendorf	Leobendorf	NE::top	Duden	tu_115_xTok_001035
mittels	mittels	APPR	Duden	tu_115_xTok_001037
Erbrechung	Erbrechung	NN	DWB	tu_115_xTok_001039
des	d	ART	Duden	tu_115_xTok_001042
Kanzleyfensters	Kanzleifenster	NN	oov	tu_115_xTok_001044
<g/>
,
und	und	KON	Duden	tu_115_xTok_001047
Aufbrechung	Aufbrechung	NN	oov	tu_115_xTok_001049
der	d	ART	Duden	tu_115_xTok_001051
darinn	darin	PAV	Duden	tu_115_xTok_001053
verwahrten	verwahren	ADJA	Duden	tu_115_xTok_001055
Kassa=Truhe	Kassatruhe	NN	DRW	tu_115_xTok_001057
<g/>
,
einen	ein	ART	Duden	tu_115_xTok_001060
auf	auf	APPR	Duden	tu_115_xTok_001062
44	44	CARD		tu_115_xTok_001064
fl.	Flore	NN	DWB	tu_115_xTok_001066
13	13	CARD		tu_115_xTok_001069
kr.	Kreuzer	NN	Duden	tu_115_xTok_001071
an	an	APPR	Duden	tu_115_xTok_001074
baarem	bar	ADJA	Duden	tu_115_xTok_001076
Geld	Geld	NN	Duden	tu_115_xTok_001078
beeidigten	beeidigen	ADJA	Duden	tu_115_xTok_001080
Betrag	Betrag	NN	Duden	tu_115_xTok_001082
<g/>
,
dann	dann	ADV	Duden	tu_115_xTok_001086
Drittens	drittens	ADV	Duden	tu_115_xTok_001088
gleich	gleich	ADV	Duden	tu_115_xTok_001090
in	in	APPR	Duden	tu_115_xTok_001092
einigen	einige	PIAT	Duden	tu_115_xTok_001094
Tagen	Tag	NN	Duden	tu_115_xTok_001096
darnach	darnach	PAV	Duden	tu_115_xTok_001098
in	in	APPR	Duden	tu_115_xTok_001100
Vergesellschaftung	Vergesellschaftung	NN	Duden	tu_115_xTok_001102
ihres	ihr	PPOSAT	Duden	tu_115_xTok_001105
Vetters	Vetter	NN	Duden	tu_115_xTok_001107
Leopold	Leopold	NE	Duden	tu_115_xTok_001109
H.	H.	NE	oov	tu_115_xTok_001111
einen	ein	ART	Duden	tu_115_xTok_001114
Bauren	Bauer	NN	Duden	tu_115_xTok_001116
zu	zu	APPR	Duden	tu_115_xTok_001118
Haselbach	Haselbach	NE::top	oov	tu_115_xTok_001120
mittels	mittels	APPR	Duden	tu_115_xTok_001122
gewaltthätiger	gewalttätig	ADJA	Duden	tu_115_xTok_001125
Aufsprengung	Aufsprengung	NN	Duden	tu_115_xTok_001127
dessen	d	PDAT	Duden	tu_115_xTok_001129
Kastens	Kasten	NN	Duden	tu_115_xTok_001131
<g/>
,
an	an	APPR	Duden	tu_115_xTok_001134
baarem	bar	ADJA	Duden	tu_115_xTok_001136
Geld	Geld	NN	Duden	tu_115_xTok_001138
<g/>
,
und	und	KON	Duden	tu_115_xTok_001141
Geldes Werth	Geldeswert	NN		tu_115_xTok_001143
zusamm	zusammen	ADV	Duden	tu_115_xTok_001147
192	192	CARD		tu_115_xTok_001149
fl.	Flore	NN	DWB	tu_115_xTok_001151
44	44	CARD		tu_115_xTok_001154
kr.	Kreuzer	NN	Duden	tu_115_xTok_001156
entfremdet	entfremden	VVPP	Duden	tu_115_xTok_001159
<g/>
,
weiters	weiters	ADV	Duden	tu_115_xTok_001162
Viertens	viertens	ADV	Duden	tu_115_xTok_001164
<g/>
:
den	d	ART	Duden	tu_115_xTok_001167
20ten	20	ADJA		tu_115_xTok_001169
October	Oktober	NN	Duden	tu_115_xTok_001172
einem	ein	ART	Duden	tu_115_xTok_001174
Herrschaft	Herrschaft	NN	Duden	tu_115_xTok_001176
Bisambergischen	Bisambergisch	ADJA	oov	tu_115_xTok_001178
Unterthan	Untertan	NN	Duden	tu_115_xTok_001179
Abends	abends	ADV	Duden	tu_115_xTok_001181
aus	aus	APPR	Duden	tu_115_xTok_001183
dem	d	ART	Duden	tu_115_xTok_001185
Stall	Stall	NN	Duden	tu_115_xTok_001187
2	2	CARD		tu_115_xTok_001189
Pferde	Pferd	NN	Duden	tu_115_xTok_001191
sammt	samt	APPR	Duden	tu_115_xTok_001193
den	d	ART	Duden	tu_115_xTok_001196
Geschirren	Geschirr	NN	Duden	tu_115_xTok_001198
im	im	APPRART	Duden	tu_115_xTok_001200
beschwornen	beschwören	ADJA	Duden	tu_115_xTok_001202
Werth	Wert	NN	Duden	tu_115_xTok_001204
pr.	per	APPR	Duden	tu_115_xTok_001206
80	80	CARD		tu_115_xTok_001209
fl.	Flore	NN	DWB	tu_115_xTok_001211
48	48	CARD		tu_115_xTok_001213
kr.	Kreuzer	NN	Duden	tu_115_xTok_001215
und	und	KON	Duden	tu_115_xTok_001218
eben	eben	ADV	Duden	tu_115_xTok_001220
selbe	selbe	PDAT	Duden	tu_115_xTok_001222
Nacht	Nacht	NN	Duden	tu_115_xTok_001224
einer	ein	ART	Duden	tu_115_xTok_001226
Unterthaninn	Untertanin	NN	Duden	tu_115_xTok_001228
zu	zu	APPR	Duden	tu_115_xTok_001230
Trestorf	Tresdorf	NE::top	oov	tu_115_xTok_001232
aus	aus	APPR	Duden	tu_115_xTok_001234
dem	d	ART	Duden	tu_115_xTok_001236
von	von	APPR	Duden	tu_115_xTok_001238
ihnen	sie	PPER	Duden	tu_115_xTok_001240
aufgesperrten	aufsperren	ADJA	Duden	tu_115_xTok_001242
Stadel	Stadel	NN	Duden	tu_115_xTok_001244
ein	ein	ART	Duden	tu_115_xTok_001246
auf	auf	APPR	Duden	tu_115_xTok_001248
35	35	CARD		tu_115_xTok_001250
fl.	Flore	NN	DWB	tu_115_xTok_001252
angeschlagenermassen	angeschlagenermaßen	ADV	oov	tu_115_xTok_001255
halbgedecktes	halbgedeckt	ADJA	oov	tu_115_xTok_001257
Kalesch	Kalesche	NN	Duden	tu_115_xTok_001259
entführet	entführen	VVPP	Duden	tu_115_xTok_001261
haben	haben	VAINF	Duden	tu_115_xTok_001262
<g/>
.
</p>
<p id="fb_17780827_JohannH_MichaelH_p_0004">
Fünftens	fünftens	ADV	Duden	tu_115_xTok_001264
<g/>
:
haben	haben	VAFIN	Duden	tu_115_xTok_001267
sie	sie	PPER	Duden	tu_115_xTok_001269
zween	zwei	CARD	Duden	tu_115_xTok_001271
Delinquenten	Delinquent	NN	Duden	tu_115_xTok_001273
<g/>
,
nachdem	nachdem	KOUS	Duden	tu_115_xTok_001276
von	von	APPR	Duden	tu_115_xTok_001278
ihnen	sie	PPER	Duden	tu_115_xTok_001280
den	d	ART	Duden	tu_115_xTok_001283
10.	10	ADJA		tu_115_xTok_001285
November	November	NN	Duden	tu_115_xTok_001286
darauf	darauf	PAV	Duden	tu_115_xTok_001290
dem	d	ART	Duden	tu_115_xTok_001292
Sattler	Sattler	NN	Duden	tu_115_xTok_001294
und	und	KON	Duden	tu_115_xTok_001296
Wagner	Wagner	NN	Duden	tu_115_xTok_001298
des	d	ART	Duden	tu_115_xTok_001300
Stifts	Stift	NN	Duden	tu_115_xTok_001302
Klosterneuburg	Klosterneuburg	NE::top	oov	tu_115_xTok_001304
aus	aus	APPR	Duden	tu_115_xTok_001307
der	d	ART	Duden	tu_115_xTok_001309
Werkstatt	Werkstatt	NN	Duden	tu_115_xTok_001311
einige	einige	PIAT	Duden	tu_115_xTok_001313
im	im	APPRART	Duden	tu_115_xTok_001315
Werth	Wert	NN	Duden	tu_115_xTok_001317
auf	auf	APPR	Duden	tu_115_xTok_001319
1	1	CARD		tu_115_xTok_001321
fl.	Flore	NN	DWB	tu_115_xTok_001323
57	57	CARD		tu_115_xTok_001326
kr.	Kreuzer	NN	Duden	tu_115_xTok_001328
angesetzt=	ansetzen	ADJA	Duden	tu_115_xTok_001330
und	und	KON	Duden	tu_115_xTok_001332
andere	andere	ADJA	Duden	tu_115_xTok_001334
unbestimmte	unbestimmt	ADJA	Duden	tu_115_xTok_001336
Kleinigkeiten	Kleinigkeit	NN	Duden	tu_115_xTok_001338
entwendet	entwenden	VVPP	Duden	tu_115_xTok_001340
worden	werden	VAPP	Duden	tu_115_xTok_001342
<g/>
,
den	d	ART	Duden	tu_115_xTok_001345
Entschluß	Entschluss	NN	Duden	tu_115_xTok_001347
gefasset	fassen	VVPP	Duden	tu_115_xTok_001350
<g/>
,
besagte	besagen	ADJA	Duden	tu_115_xTok_001354
zwey	zwei	CARD	Duden	tu_115_xTok_001356
ihnen	sie	PPER	Duden	tu_115_xTok_001358
ziemlich	ziemlich	ADV	Duden	tu_115_xTok_001360
bemittelt	bemittelt	ADJD	Duden	tu_115_xTok_001362
zu	zu	PTKZU	Duden	tu_115_xTok_001364
seyn	sein	VAINF	Duden	tu_115_xTok_001366
angeschienene	anscheinen	ADJA	DWB	tu_115_xTok_001367
Leute	Leute	NN	Duden	tu_115_xTok_001371
auszurauben	ausrauben	VVIZU	Duden	tu_115_xTok_001373
<g/>
,
und	und	KON	Duden	tu_115_xTok_001376
sind	sein	VAFIN	Duden	tu_115_xTok_001378
zu	zu	APPR	Duden	tu_115_xTok_001380
Bewerkstelligung	Bewerkstelligung	NN	Duden	tu_115_xTok_001383
dieses	diese	PDAT	Duden	tu_115_xTok_001385
ihres	ihr	PPOSAT	Duden	tu_115_xTok_001387
boshaften	boshaft	ADJA	Duden	tu_115_xTok_001389
Vorhabens	Vorhaben	NN	Duden	tu_115_xTok_001391
den	d	ART	Duden	tu_115_xTok_001393
23.	23	ADJA		tu_115_xTok_001395
des	d	ART	Duden	tu_115_xTok_001397
erst erwehnten	ersterwähnt	ADJA		tu_115_xTok_001399
Monats	Monat	NN	Duden	tu_115_xTok_001403
in	in	APPR	Duden	tu_115_xTok_001405
den	d	ART	Duden	tu_115_xTok_001407
Hof	Hof	NN	Duden	tu_115_xTok_001409
hineingeschliechen	hineinschleichen	VVPP	Duden	tu_115_xTok_001410
<g/>
,
und	und	KON	Duden	tu_115_xTok_001416
in	in	APPR	Duden	tu_115_xTok_001418
einer	ein	ART	Duden	tu_115_xTok_001420
Schupfe	Schupfen	NN	Duden	tu_115_xTok_001422
bis	bis	APPR	Duden	tu_115_xTok_001424
gegen	gegen	APPR	Duden	tu_115_xTok_001426
Mitternacht	Mitternacht	NN	Duden	tu_115_xTok_001428
versteckter	versteckt	ADJD	Duden	tu_115_xTok_001431
geblieben	bleiben	VVPP	Duden	tu_115_xTok_001434
<g/>
,
wohin	wohin	PWAV	Duden	tu_115_xTok_001437
sie	sie	PPER	Duden	tu_115_xTok_001439
sich	sich	PRF	Duden	tu_115_xTok_001441
<g/>
,
nachdem	nachdem	KOUS	Duden	tu_115_xTok_001444
der	d	ART	Duden	tu_115_xTok_001446
Johann	Johann	NE	Duden	tu_115_xTok_001448
H.	H.	NE	oov	tu_115_xTok_001450
vorläufig	vorläufig	ADJD	Duden	tu_115_xTok_001453
von	von	APPR	Duden	tu_115_xTok_001455
dem	d	ART	Duden	tu_115_xTok_001457
Hof	Hof	NN	Duden	tu_115_xTok_001459
einen	ein	ART	Duden	tu_115_xTok_001461
Prügel	Prügel	NN	Duden	tu_115_xTok_001463
<g/>
,
der	d	ART	Duden	tu_115_xTok_001466
Michael	Michael	NE	Duden	tu_115_xTok_001468
H.	H.	NE	oov	tu_115_xTok_001470
aber	aber	ADV	Duden	tu_115_xTok_001473
einen	ein	ART	Duden	tu_115_xTok_001475
Kögel	Kögel	NN	DWB	tu_115_xTok_001477
<g/>
,
um	um	KOUI	Duden	tu_115_xTok_001480
sich	sich	PRF	Duden	tu_115_xTok_001482
hiermit	hiermit	PAV	Duden	tu_115_xTok_001483
allenfalls	allenfalls	ADV	Duden	tu_115_xTok_001486
wehren	wehren	VVINF	Duden	tu_115_xTok_001488
zu	zu	PTKZU	Duden	tu_115_xTok_001490
können	können	VMINF	Duden	tu_115_xTok_001492
<g/>
,
mitgenommen	mitnehmen	VVPP	Duden	tu_115_xTok_001495
<g/>
,
in	in	APPR	Duden	tu_115_xTok_001498
des	d	ART	Duden	tu_115_xTok_001500
Sattlers	Sattler	NN	Duden	tu_115_xTok_001502
und	und	KON	Duden	tu_115_xTok_001504
Wagners	Wagner	NN	Duden	tu_115_xTok_001506
Schlafzimmer	Schlafzimmer	NN	Duden	tu_115_xTok_001508
<g/>
,
wovon	wovon	PWAV	Duden	tu_115_xTok_001511
sie	sie	PPER	Duden	tu_115_xTok_001513
die	d	ART	Duden	tu_115_xTok_001515
nur	nur	ADV	Duden	tu_115_xTok_001517
mit	mit	APPR	Duden	tu_115_xTok_001519
Schnalle	Schnalle	NN	Duden	tu_115_xTok_001523
zugewesene	zugewesen	ADJA	oov	tu_115_xTok_001526
Thür	Tür	NN	Duden	tu_115_xTok_001529
in	in	APPR	Duden	tu_115_xTok_001531
aller	all	PIAT	Duden	tu_115_xTok_001533
Stille	Stille	NN	Duden	tu_115_xTok_001535
eröffnet	eröffnen	VVPP	Duden	tu_115_xTok_001537
<g/>
,
hinein	hinein	PTKVZ	Duden	tu_115_xTok_001540
begeben	hineinbegeben	VVPP	Duden	tu_115_xTok_001542
haben	haben	VAFIN	Duden	tu_115_xTok_001544
<g/>
.
</p>
<p id="fb_17780827_JohannH_MichaelH_p_0005">
Allda	allda	ADV	Duden	tu_115_xTok_001546
hat	haben	VAFIN	Duden	tu_115_xTok_001548
der	d	ART	Duden	tu_115_xTok_001550
Johann	Johann	NE	Duden	tu_115_xTok_001552
H.	H.	NE	oov	tu_115_xTok_001554
den	d	ART	Duden	tu_115_xTok_001557
vom	vom	APPRART	Duden	tu_115_xTok_001559
Bette	Bett	NN	Duden	tu_115_xTok_001561
aufgesprungenen	aufspringen	ADJA	Duden	tu_115_xTok_001563
Wagner	Wagner	NN	Duden	tu_115_xTok_001566
bey	bei	APPR	Duden	tu_115_xTok_001568
dem	d	ART	Duden	tu_115_xTok_001570
Hals	Hals	NN	Duden	tu_115_xTok_001572
ergriffen	ergreifen	VVPP	Duden	tu_115_xTok_001574
<g/>
,
in	in	APPR	Duden	tu_115_xTok_001577
das	d	ART	Duden	tu_115_xTok_001579
Bett	Bett	NN	Duden	tu_115_xTok_001581
geworfen	werfen	VVPP	Duden	tu_115_xTok_001583
<g/>
,
und	und	KON	Duden	tu_115_xTok_001586
an	an	APPR	Duden	tu_115_xTok_001588
Händen	Hand	NN	Duden	tu_115_xTok_001589
und	und	KON	Duden	tu_115_xTok_001592
Füssen	Fuß	NN	Duden	tu_115_xTok_001594
mit	mit	APPR	Duden	tu_115_xTok_001596
4.	4	CARD		tu_115_xTok_001598
eigends	eigens	ADV	Duden	tu_115_xTok_001601
hierzu	hierzu	PAV	Duden	tu_115_xTok_001603
mitgenommenen	mitnehmen	ADJA	Duden	tu_115_xTok_001606
Strickeln	Strick	NN	Duden	tu_115_xTok_001608
härtiglich	härtiglich	ADJD	DWB	tu_115_xTok_001609
gebunden	binden	VVPP	Duden	tu_115_xTok_001612
<g/>
,
der	d	ART	Duden	tu_115_xTok_001615
Michael	Michael	NE	Duden	tu_115_xTok_001617
H.	H.	NE	oov	tu_115_xTok_001619
aber	aber	ADV	Duden	tu_115_xTok_001622
untereinstens	untereinstens	ADV	DWB	tu_115_xTok_001624
den	d	ART	Duden	tu_115_xTok_001626
Sattler	Sattler	NN	Duden	tu_115_xTok_001628
in	in	APPR	Duden	tu_115_xTok_001638
seinem	sein	PPOSAT	Duden	tu_115_xTok_001640
Bette	Bett	NN	Duden	tu_115_xTok_001642
angefallen	anfallen	VVPP	Duden	tu_115_xTok_001644
<g/>
,
gleichfalls	gleichfalls	ADV	Duden	tu_115_xTok_001647
an	an	APPR	Duden	tu_115_xTok_001649
Händen	Hand	NN	Duden	tu_115_xTok_001651
und	und	KON	Duden	tu_115_xTok_001653
Füssen	Fuß	NN	Duden	tu_115_xTok_001655
gebunden	binden	VVPP	Duden	tu_115_xTok_001657
<g/>
,
sohin	sohin	ADV	Duden	tu_115_xTok_001661
beede	beide	PIS	Duden	tu_115_xTok_001663
mit	mit	APPR	Duden	tu_115_xTok_001665
ihren	ihr	PPOSAT	Duden	tu_115_xTok_001667
Tucheten	Tuchent	NN	Duden	tu_115_xTok_001669
zugehüllet	zuhüllen	VVPP	DWB	tu_115_xTok_001671
<g/>
,
hierüber	hierüber	PAV	Duden	tu_115_xTok_001674
Liecht	Licht	NN	Duden	tu_115_xTok_001676
gemacht	machen	VVPP	Duden	tu_115_xTok_001679
<g/>
,
und	und	KON	Duden	tu_115_xTok_001682
sowohl	sowohl	KON	Duden	tu_115_xTok_001684
von	von	APPR	Duden	tu_115_xTok_001686
einem	ein	PIS	Duden	tu_115_xTok_001688
<g/>
,
als	als	KON	Duden	tu_115_xTok_001691
dem	d	ART	Duden	tu_115_xTok_001693
anderen	ander	PIS	Duden	tu_115_xTok_001695
Geld	Geld	NN	Duden	tu_115_xTok_001697
abgefordert	abfordern	VVPP	DWB	tu_115_xTok_001699
<g/>
,
solches	solch	PIS	Duden	tu_115_xTok_001703
auch	auch	ADV	Duden	tu_115_xTok_001705
nebst	nebst	APPR	Duden	tu_115_xTok_001707
einigen	einige	PIAT	Duden	tu_115_xTok_001709
in	in	APPR	Duden	tu_115_xTok_001711
den	d	ART	Duden	tu_115_xTok_001713
Behältnissen	Behältnis	NN	Duden	tu_115_xTok_001715
<g/>
,
und	und	KON	Duden	tu_115_xTok_001718
sonst	sonst	ADV	Duden	tu_115_xTok_001720
im	im	APPRART	Duden	tu_115_xTok_001722
Zimmer	Zimmer	NN	Duden	tu_115_xTok_001724
herumgelegenen	herumliegen	ADJA	Duden	tu_115_xTok_001725
Gewand	Gewand	NN	Duden	tu_115_xTok_001729
abgeraubet	abrauben	VVPP	DWB	tu_115_xTok_001731
<g/>
,
wordurch	wodurch	PWAV	Duden	tu_115_xTok_001735
also	also	ADV	Duden	tu_115_xTok_001738
diese	diese	PDAT	Duden	tu_115_xTok_001740
beede	beide	PIS	Duden	tu_115_xTok_001742
in	in	APPR	Duden	tu_115_xTok_001744
einem	ein	ART	Duden	tu_115_xTok_001746
beschwornen	beschwören	ADJA	Duden	tu_115_xTok_001749
Schaden	Schaden	NN	Duden	tu_115_xTok_001752
von	von	APPR	Duden	tu_115_xTok_001754
176	176	CARD		tu_115_xTok_001756
fl.	Flore	NN	DWB	tu_115_xTok_001758
versetzet	versetzen	VVPP	Duden	tu_115_xTok_001761
worden	werden	VAPP	Duden	tu_115_xTok_001764
sind	sein	VAFIN	Duden	tu_115_xTok_001766
<g/>
.
</p>
<p id="fb_17780827_JohannH_MichaelH_p_0006">
Hierauf	hierauf	PAV	Duden	tu_115_xTok_001768
haben	haben	VAFIN	Duden	tu_115_xTok_001770
sie	sie	PPER	Duden	tu_115_xTok_001772
beede	beide	PIAT	Duden	tu_115_xTok_001774
Delinquenten	Delinquent	NN	Duden	tu_115_xTok_001776
Sechstens	sechstens	ADV	Duden	tu_115_xTok_001778
dem	d	ART	Duden	tu_115_xTok_001780
Wirth	Wirt	NN	Duden	tu_115_xTok_001782
zu	zu	APPR	Duden	tu_115_xTok_001784
Matzen	Matzen	NE::top	oov	tu_115_xTok_001786
nächtlicher Weile	nächtlicherweile	ADV		tu_115_xTok_001788
aus	aus	APPR	Duden	tu_115_xTok_001793
seinem	sein	PPOSAT	Duden	tu_115_xTok_001795
mit	mit	APPR	Duden	tu_115_xTok_001797
einem	ein	ART	Duden	tu_115_xTok_001799
Vorhängschloß	Vorhängeschloss	NN	Duden	tu_115_xTok_001801
versehen=	versehen	ADJA	Duden	tu_115_xTok_001803
und	und	KON	Duden	tu_115_xTok_001806
von	von	APPR	Duden	tu_115_xTok_001808
ihnen	sie	PPER	Duden	tu_115_xTok_001810
eröfneten	eröffnen	ADJA	Duden	tu_115_xTok_001812
Stall	Stall	NN	Duden	tu_115_xTok_001815
ein	ein	ART	Duden	tu_115_xTok_001817
Paar	paar	PIAT	Duden	tu_115_xTok_001819
Pferde	Pferd	NN	Duden	tu_115_xTok_001822
sammt	samt	APPR	Duden	tu_115_xTok_001824
Geschirr	Geschirr	NN	Duden	tu_115_xTok_001826
im	im	APPRART	Duden	tu_115_xTok_001830
beeidigtem	beeidigen	ADJA	Duden	tu_115_xTok_001832
Werth	Wert	NN	Duden	tu_115_xTok_001834
von	von	APPR	Duden	tu_115_xTok_001836
128	128	CARD		tu_115_xTok_001838
fl.	Flore	NN	DWB	tu_115_xTok_001840
hinweg	hinweg	ADV	Duden	tu_115_xTok_001843
nach	nach	APPR	Duden	tu_115_xTok_001845
Pockfließ	Bockfließ	NE::top	oov	tu_115_xTok_001847
geritten	reiten	VVPP	Duden	tu_115_xTok_001849
<g/>
,
selbe	selbe	PDS	Duden	tu_115_xTok_001852
in	in	APPR	Duden	tu_115_xTok_001855
ein	ein	ART	Duden	tu_115_xTok_001857
allda	allda	ADV	Duden	tu_115_xTok_001859
bey	bei	APPR	Duden	tu_115_xTok_001861
einem	ein	ART	Duden	tu_115_xTok_001863
Bauern	Bauer	NN	Duden	tu_115_xTok_001865
in	in	APPR	Duden	tu_115_xTok_001867
einer	ein	ART	Duden	tu_115_xTok_001869
Schupfe	Schupfen	NN	Duden	tu_115_xTok_001871
gestandenes	stehen	ADJA	Duden	tu_115_xTok_001873
<g/>
,
auf	auf	APPR	Duden	tu_115_xTok_001875
62	62	CARD		tu_115_xTok_001877
fl.	Flore	NN	DWB	tu_115_xTok_001879
15	15	CARD		tu_115_xTok_001882
kr.	Kreuzer	NN	Duden	tu_115_xTok_001884
eidlich	eidlich	ADJD	Duden	tu_115_xTok_001887
angeschlagenes	anschlagen	ADJA	Duden	tu_115_xTok_001889
Kalesch	Kalesche	NN	Duden	tu_115_xTok_001891
angespannet	anspannen	VVPP	Duden	tu_115_xTok_001893
<g/>
,
und	und	KON	Duden	tu_115_xTok_001896
sich	sich	PRF	Duden	tu_115_xTok_001898
anmit	anmit	ADV	Duden	tu_115_xTok_001900
geflüchtet	flüchten	VVPP	Duden	tu_115_xTok_001902
<g/>
.
Endlich	endlich	ADV	Duden	tu_115_xTok_001905
haben	haben	VAFIN	Duden	tu_115_xTok_001907
sie	sie	PPER	Duden	tu_115_xTok_001909
kurz	kurz	ADJD	Duden	tu_115_xTok_001911
vor	vor	APPR	Duden	tu_115_xTok_001913
ihrer	ihr	PPOSAT	Duden	tu_115_xTok_001915
gegenwärtigen	gegenwärtig	ADJA	Duden	tu_115_xTok_001917
Verhaftnehmung	Verhaftnehmung	NN	DWB	tu_115_xTok_001919
einen	ein	ART	Duden	tu_115_xTok_001921
Diebstahl	Diebstahl	NN	Duden	tu_115_xTok_001923
zu	zu	APPR	Duden	tu_115_xTok_001925
Bisamberg	Bisamberg	NE::top	oov	tu_115_xTok_001927
auszuüben	ausüben	VVIZU	Duden	tu_115_xTok_001929
versuchet	versuchen	VVPP	Duden	tu_115_xTok_001931
<g/>
,
woran	woran	PWAV	Duden	tu_115_xTok_001934
sie	sie	PPER	Duden	tu_115_xTok_001936
aber	aber	ADV	Duden	tu_115_xTok_001938
nach	nach	APPR	Duden	tu_115_xTok_001940
einer	ein	ART	Duden	tu_115_xTok_001942
mit	mit	APPR	Duden	tu_115_xTok_001944
einem	ein	ART	Duden	tu_115_xTok_001946
Stemmeisen	Stemmeisen	NN	Duden	tu_115_xTok_001948
durch	durch	APPR	Duden	tu_115_xTok_001950
die	d	ART	Duden	tu_115_xTok_001952
Mauer	Mauer	NN	Duden	tu_115_xTok_001954
schon	schon	ADV	Duden	tu_115_xTok_001956
ziemlich	ziemlich	ADV	Duden	tu_115_xTok_001958
bewirkten	bewirken	ADJA	Duden	tu_115_xTok_001960
Oeffnung	Öffnung	NN	Duden	tu_115_xTok_001962
von	von	APPR	Duden	tu_115_xTok_001964
einigen	einige	PIAT	Duden	tu_115_xTok_001966
zufällig	zufällig	ADJD	Duden	tu_115_xTok_001968
dahin	dahin	PAV	Duden	tu_115_xTok_001970
gekommenen	kommen	ADJA	Duden	tu_115_xTok_001972
Leuten	Leute	NN	Duden	tu_115_xTok_001975
verhindert	verhindern	VVPP	Duden	tu_115_xTok_001977
<g/>
,
und	und	KON	Duden	tu_115_xTok_001980
verfolgt	verfolgen	VVPP	Duden	tu_115_xTok_001982
worden	werden	VAPP	Duden	tu_115_xTok_001984
sind	sein	VAFIN	Duden	tu_115_xTok_001986
<g/>
,
während	während	APPR	Duden	tu_115_xTok_001989
welchen	welch	PRELS	Duden	tu_115_xTok_001991
der	d	ART	Duden	tu_115_xTok_001993
Michael	Michael	NE	Duden	tu_115_xTok_001995
H.	H.	NE	oov	tu_115_xTok_001997
zwar	zwar	ADV	Duden	tu_115_xTok_002000
erwischt	erwischen	VVPP	Duden	tu_115_xTok_002002
<g/>
,
jedoch	jedoch	KON	Duden	tu_115_xTok_002005
durch	durch	APPR	Duden	tu_115_xTok_002007
ihn	er	PPER	Duden	tu_115_xTok_002009
Johann	Johann	NE	Duden	tu_115_xTok_002011
H.	H.	NE	oov	tu_115_xTok_002013
mittels	mittels	APPR	Duden	tu_115_xTok_002016
Verwundung	Verwundung	NN	Duden	tu_115_xTok_002019
des	d	ART	Duden	tu_115_xTok_002021
Verfolgers	Verfolger	NN	Duden	tu_115_xTok_002023
anwiederum	anwiederum	ADV	oov	tu_115_xTok_002025
gerettet	retten	VVPP	Duden	tu_115_xTok_002027
worden	werden	VAPP	Duden	tu_115_xTok_002029
ist	sein	VAFIN	Duden	tu_115_xTok_002031
<g/>
.
</p>
<p id="fb_17780827_JohannH_MichaelH_p_0007">
Durch	durch	APPR	Duden	tu_115_xTok_002033
diese	diese	PDAT	Duden	tu_115_xTok_002035
von	von	APPR	Duden	tu_115_xTok_002037
ihnen	sie	PPER	Duden	tu_115_xTok_002039
Delinquenten	Delinquent	NN	Duden	tu_115_xTok_002041
selbst	selbst	ADV	Duden	tu_115_xTok_002043
geständig	geständig	ADJD	Duden	tu_115_xTok_002045
<g/>
,
auch	auch	ADV	Duden	tu_115_xTok_002048
gesetzmäßig	gesetzmäßig	ADJD	Duden	tu_115_xTok_002050
erhobenermassen	erhobenermaßen	ADV	oov	tu_115_xTok_002053
verübte	verüben	ADJA	Duden	tu_115_xTok_002055
Diebstähle	Diebstahl	NN	Duden	tu_115_xTok_002057
<g/>
,
und	und	KON	Duden	tu_115_xTok_002060
den	d	ART	Duden	tu_115_xTok_002062
begangenen	begehen	ADJA	Duden	tu_115_xTok_002064
Raub	Raub	NN	Duden	tu_115_xTok_002066
demnach	demnach	PAV	Duden	tu_115_xTok_002068
ist	sein	VAFIN	Duden	tu_115_xTok_002070
den	d	ART	Duden	tu_115_xTok_002072
dießfälligen	diesfällig	ADJA	Duden	tu_115_xTok_002074
Partheyen	Partei	NN	Duden	tu_115_xTok_002076
ein	ein	ART	Duden	tu_115_xTok_002078
Schaden	Schaden	NN	Duden	tu_115_xTok_002080
zusamm	zusammen	ADV	Duden	tu_115_xTok_002082
von	von	APPR	Duden	tu_115_xTok_002084
756	756	CARD		tu_115_xTok_002086
fl.	Flore	NN	DWB	tu_115_xTok_002088
19	19	CARD		tu_115_xTok_002091
kr.	Kreuzer	NN	Duden	tu_115_xTok_002093
zugewachsen	zuwachsen	VVPP	Duden	tu_115_xTok_002096
<g/>
,
und	und	KON	Duden	tu_115_xTok_002099
solcher	solch	PIS	Duden	tu_115_xTok_002101
über	über	APPR	Duden	tu_115_xTok_002103
beschehene	beschehen	ADJA	DWB	tu_115_xTok_002105
Zurückstellung	Zurückstellung	NN	Duden	tu_115_xTok_002107
<g/>
,
und	und	KON	Duden	tu_115_xTok_002111
sonst	sonst	ADV	Duden	tu_115_xTok_002113
gemachte	machen	ADJA	Duden	tu_115_xTok_002115
Vergütung	Vergütung	NN	Duden	tu_115_xTok_002117
nur	nur	ADV	Duden	tu_115_xTok_002119
bis	bis	APPR	Duden	tu_115_xTok_002121
auf	auf	APPR	Duden	tu_115_xTok_002123
380	380	CARD		tu_115_xTok_002125
fl.	Flore	NN	DWB	tu_115_xTok_002127
47	47	CARD		tu_115_xTok_002130
ein	ein	ART	Duden	tu_115_xTok_002132
6tel	Sechstel	NN	Duden	tu_115_xTok_002133
kr.	Kreuzer	NN	Duden	tu_115_xTok_002136
getilget	tilgen	VVPP	Duden	tu_115_xTok_002139
worden	werden	VAPP	Duden	tu_115_xTok_002141
<g/>
.
</p>
<head>
Jnhalt	Inhalt	NN	Duden	tu_115_xTok_002143
ihres	ihr	PPOSAT	Duden	tu_115_xTok_002145
Urtheils	Urteil	NN	Duden	tu_115_xTok_002147
<g/>
.
</head>
<p id="fb_17780827_JohannH_MichaelH_p_0008">
Dieser	diese	PDAT	Duden	tu_115_xTok_002149
Johann	Johann	NE	Duden	tu_115_xTok_002151
H.	H.	NE	oov	tu_115_xTok_002153
und	und	KON	Duden	tu_115_xTok_002156
Michael	Michael	NE	Duden	tu_115_xTok_002158
H.	H.	NE	oov	tu_115_xTok_002160
sollen	sollen	VMFIN	Duden	tu_115_xTok_002163
vor	vor	APPR	Duden	tu_115_xTok_002165
das	d	ART	Duden	tu_115_xTok_002167
allhiesige	allhiesig	ADJA	DWB	tu_115_xTok_002169
Schottenthor	Schottentor	NE::top	oov	tu_115_xTok_002172
auf	auf	APPR	Duden	tu_115_xTok_002174
die	d	ART	Duden	tu_115_xTok_002176
gewöhnliche	gewöhnlich	ADJA	Duden	tu_115_xTok_002178
Richtstatt	Richtstatt	NN	DWB	tu_115_xTok_002180
geführet	führen	VVPP	Duden	tu_115_xTok_002182
<g/>
,
allda	allda	ADV	Duden	tu_115_xTok_002185
mit	mit	APPR	Duden	tu_115_xTok_002187
dem	d	ART	Duden	tu_115_xTok_002189
Schwert	Schwert	NN	Duden	tu_115_xTok_002191
vom	vom	APPRART	Duden	tu_115_xTok_002193
Leben	Leben	NN	Duden	tu_115_xTok_002195
zum	zum	APPRART	Duden	tu_115_xTok_002197
Tod	Tod	NN	Duden	tu_115_xTok_002199
hingerichtet	hinrichten	VVPP	Duden	tu_115_xTok_002201
<g/>
,
sodann	sodann	ADV	Duden	tu_115_xTok_002204
ihre	ihr	PPOSAT	Duden	tu_115_xTok_002206
Körper	Körper	NN	Duden	tu_115_xTok_002208
auf	auf	APPR	Duden	tu_115_xTok_002210
die	d	ART	Duden	tu_115_xTok_002212
Räder	Rad	NN	Duden	tu_115_xTok_002214
gelegt	legen	VVPP	Duden	tu_115_xTok_002216
<g/>
,
die	d	ART	Duden	tu_115_xTok_002219
Köpfe	Kopf	NN	Duden	tu_115_xTok_002221
auf	auf	APPR	Duden	tu_115_xTok_002223
die	d	ART	Duden	tu_115_xTok_002225
Pfähle	Pfahl	NN	Duden	tu_115_xTok_002227
gesteckt	stecken	VVPP	Duden	tu_115_xTok_002229
<g/>
,
und	und	KON	Duden	tu_115_xTok_002232
hierüber	hierüber	PAV	Duden	tu_115_xTok_002234
ein	ein	ART	Duden	tu_115_xTok_002237
Galgen	Galgen	NN	Duden	tu_115_xTok_002239
mit	mit	APPR	Duden	tu_115_xTok_002241
herabhangendem	herabhängen	ADJA	Duden	tu_115_xTok_002243
Stricke	Strick	NN	Duden	tu_115_xTok_002245
aufgerichtet	aufrichten	VVPP	Duden	tu_115_xTok_002247
werden	werden	VAINF	Duden	tu_115_xTok_002250
<g/>
.
</p>
Dieses	diese	PDS	Duden	tu_115_xTok_002252
ihnen	sie	PPER	Duden	tu_115_xTok_002254
zur	zur	APPRART	Duden	tu_115_xTok_002256
wohlverdienten	wohlverdient	ADJA	Duden	tu_115_xTok_002258
Strafe	Strafe	NN	Duden	tu_115_xTok_002260
<g/>
,
andern	ander	PIS	Duden	tu_115_xTok_002263
aber	aber	ADV	Duden	tu_115_xTok_002265
ihresgleichen	ihresgleichen	PIS	Duden	tu_115_xTok_002267
zum	zum	APPRART	Duden	tu_115_xTok_002268
erspiegelnden	erspiegeln	ADJA	DWB	tu_115_xTok_002270
Abscheuen	Abscheu	NN	Duden	tu_115_xTok_002272
<g/>
.
Gott	Gott	NN	Duden	tu_115_xTok_002274
sey	sein	VAIMP	Duden	tu_115_xTok_002276
ihren	ihr	PPOSAT	Duden	tu_115_xTok_002278
armen	arm	ADJA	Duden	tu_115_xTok_002280
Seelen	Seele	NN	Duden	tu_115_xTok_002282
gnädig	gnädig	ADJD	Duden	tu_115_xTok_002284
und	und	KON	Duden	tu_115_xTok_002286
barmherzig	barmherzig	ADJD	Duden	tu_115_xTok_002288
<g/>
!
</doc>
