<doc id="fb_17790304_MichaelS_PhilippL_" delinquent_sexes="male" title="Todesurteil Michael S., Philipp L., Martin P." attrs="word lemma pos vocab id">
<head>
Jnnhalt	Inhalt	NN	Duden	tu_116_xTok_000224
ihrer	ihr	PPOSAT	Duden	tu_116_xTok_000226
Verbrechen	Verbrechen	NN	Duden	tu_116_xTok_000228
<g/>
.
</head>
<p id="fb_17790304_MichaelS_PhilippL__p_0001">
Diese	diese	PDAT	Duden	tu_116_xTok_000230
vier	vier	CARD	Duden	tu_116_xTok_000233
Mannspersonen	Mannsperson	NN	Duden	tu_116_xTok_000235
hatten	haben	VAFIN	Duden	tu_116_xTok_000237
<g/>
,
und	und	KON	Duden	tu_116_xTok_000240
zwar	zwar	ADV	Duden	tu_116_xTok_000242
der	d	ART	Duden	tu_116_xTok_000244
Michael	Michael	NE	Duden	tu_116_xTok_000246
S.	S.	NE	oov	tu_116_xTok_000248
bis	bis	APPR	Duden	tu_116_xTok_000251
in	in	APPR	Duden	tu_116_xTok_000252
das	d	ART	Duden	tu_116_xTok_000254
8te	8	ADJA		tu_116_xTok_000256
<g/>
,
der	d	ART	Duden	tu_116_xTok_000260
Philipp	Philipp	NE	Duden	tu_116_xTok_000262
L.	L.	NE	oov	tu_116_xTok_000264
bis	bis	APPR	Duden	tu_116_xTok_000267
in	in	APPR	Duden	tu_116_xTok_000269
das	d	ART	Duden	tu_116_xTok_000271
16.	16	ADJA		tu_116_xTok_000273
der	d	ART	Duden	tu_116_xTok_000275
Martin	Martin	NE	Duden	tu_116_xTok_000277
P.	P.	NE	oov	tu_116_xTok_000279
bis	bis	APPR	Duden	tu_116_xTok_000282
in	in	APPR	Duden	tu_116_xTok_000283
das	d	ART	Duden	tu_116_xTok_000285
13.	13	ADJA		tu_116_xTok_000287
dann	dann	ADV	Duden	tu_116_xTok_000289
der	d	ART	Duden	tu_116_xTok_000291
Stephan	Stephan	NE	Duden	tu_116_xTok_000293
K.	K.	NE	oov	tu_116_xTok_000295
bis	bis	APPR	Duden	tu_116_xTok_000298
in	in	APPR	Duden	tu_116_xTok_000300
das	d	ART	Duden	tu_116_xTok_000302
16.	16	ADJA		tu_116_xTok_000304
Jahresalter	Jahresalter	NN	oov	tu_116_xTok_000306
bey	bei	APPR	Duden	tu_116_xTok_000307
ihren	ihr	PPOSAT	Duden	tu_116_xTok_000309
in	in	APPR	Duden	tu_116_xTok_000311
obgedacht=	obgedacht	ADJA	oov	tu_116_xTok_000313
ihren	ihr	PPOSAT	Duden	tu_116_xTok_000315
Geburtsörtern	Geburtsort	NN	Duden	tu_116_xTok_000317
zum	zum	APPRART	Duden	tu_116_xTok_000319
Theil	Teil	NN	Duden	tu_116_xTok_000321
behausten	behaust	ADJA	Duden	tu_116_xTok_000323
<g/>
,
zum	zum	APPRART	Duden	tu_116_xTok_000325
Theil	Teil	NN	Duden	tu_116_xTok_000327
Jnwohnungsweise	inwohnungsweise	ADV	oov	tu_116_xTok_000329
befindlich	befindlich	ADJD	Duden	tu_116_xTok_000331
gewesenen	sein	ADJA	Duden	tu_116_xTok_000333
Aeltern	Eltern	NN	Duden	tu_116_xTok_000335
den	d	ART	Duden	tu_116_xTok_000337
Auf	Aufhalt	TRUNC	Duden	tu_116_xTok_000339
und	und	KON	Duden	tu_116_xTok_000340
Unterhalt	Unterhalt	NN	Duden	tu_116_xTok_000342
<g/>
,
und	und	KON	Duden	tu_116_xTok_000345
halfen	helfen	VVFIN	Duden	tu_116_xTok_000347
denselben	derselbe	PDS	Duden	tu_116_xTok_000349
nicht	nicht	PTKNEG	Duden	tu_116_xTok_000351
nur	nur	ADV	Duden	tu_116_xTok_000353
die	d	ART	Duden	tu_116_xTok_000355
Bauern=	Bauernarbeit	TRUNC	DWB	tu_116_xTok_000357
sondern	sondern	KON	Duden	tu_116_xTok_000359
auch	auch	ADV	Duden	tu_116_xTok_000360
andere	andere	ADJA	Duden	tu_116_xTok_000362
häusliche	häuslich	ADJA	Duden	tu_116_xTok_000364
Arbeiten	Arbeit	NN	Duden	tu_116_xTok_000366
verrichten	verrichten	VVINF	Duden	tu_116_xTok_000368
<g/>
,
sohin	sohin	ADV	Duden	tu_116_xTok_000371
aber	aber	ADV	Duden	tu_116_xTok_000373
begaben	begeben	VVFIN	Duden	tu_116_xTok_000375
sie	sie	PPER	Duden	tu_116_xTok_000377
sich	sich	PRF	Duden	tu_116_xTok_000379
in	in	APPR	Duden	tu_116_xTok_000380
Dienste	Dienst	NN	Duden	tu_116_xTok_000382
<g/>
,
und	und	KON	Duden	tu_116_xTok_000385
standen	stehen	VVFIN	Duden	tu_116_xTok_000387
in	in	APPR	Duden	tu_116_xTok_000389
selben	selbe	PDS	Duden	tu_116_xTok_000391
als	als	KOKOM	Duden	tu_116_xTok_000393
Roß=	Rossknecht	TRUNC	DWB	tu_116_xTok_000395
und	und	KON	Duden	tu_116_xTok_000397
Bauernknechte	Bauernknecht	NN	Duden	tu_116_xTok_000399
in so lang	insolang	ADV		tu_116_xTok_000401
<g/>
,
bis	bis	KOUS	Duden	tu_116_xTok_000407
sie	sie	PPER	Duden	tu_116_xTok_000409
wegen	wegen	APPR	Duden	tu_116_xTok_000411
verschiedentlich	verschiedentlich	ADV	Duden	tu_116_xTok_000413
begangenen	begehen	ADJA	Duden	tu_116_xTok_000415
Diebereyen	Dieberei	NN	Duden	tu_116_xTok_000417
theils	teils	ADV	Duden	tu_116_xTok_000419
hierorts	hierorts	ADV	Duden	tu_116_xTok_000420
<g/>
,
theils	teils	ADV	Duden	tu_116_xTok_000423
aber	aber	ADV	Duden	tu_116_xTok_000425
auch	auch	ADV	Duden	tu_116_xTok_000427
bey	bei	APPR	Duden	tu_116_xTok_000429
anderen	andere	ADJA	Duden	tu_116_xTok_000431
Landesgerichten	Landgericht	NN	Duden	tu_116_xTok_000433
während	während	APPR	Duden	tu_116_xTok_000435
einigen	einige	PIAT	Duden	tu_116_xTok_000437
Jahren	Jahr	NN	Duden	tu_116_xTok_000440
öfters	öfters	ADV	Duden	tu_116_xTok_000442
gefänglich	gefänglich	ADJD	Duden	tu_116_xTok_000444
innen	innen	PTKVZ	Duden	tu_116_xTok_000446
gerathen	innengeraten	VVPP	oov	tu_116_xTok_000448
<g/>
,
und	und	KON	Duden	tu_116_xTok_000451
hierüber	hierüber	PAV	Duden	tu_116_xTok_000453
vielfältig	vielfältig	ADJD	Duden	tu_116_xTok_000455
abgestrafet	abstrafen	VVPP	Duden	tu_116_xTok_000456
worden	werden	VAPP	Duden	tu_116_xTok_000458
sind	sein	VAFIN	Duden	tu_116_xTok_000460
<g/>
.
</p>
<p id="fb_17790304_MichaelS_PhilippL__p_0002">
Allein	allein	ADV	Duden	tu_116_xTok_000462
alle	all	PIAT	Duden	tu_116_xTok_000464
diese	diese	PDAT	Duden	tu_116_xTok_000466
gerichtlichen	gerichtlich	ADJA	Duden	tu_116_xTok_000468
Droh=	Drohung	NN	Duden	tu_116_xTok_000470
und	und	KON	Duden	tu_116_xTok_000472
Abstrafungen	Abstrafungen	NN	Duden	tu_116_xTok_000474
fruchteten	fruchten	VVFIN	Duden	tu_116_xTok_000476
bey	bei	APPR	Duden	tu_116_xTok_000479
ihnen	sie	PPER	Duden	tu_116_xTok_000481
nichts	nichts	PIS	Duden	tu_116_xTok_000483
<g/>
,
sondern	sondern	KON	Duden	tu_116_xTok_000486
sie	sie	PPER	Duden	tu_116_xTok_000488
verlegten	verlegen	VVFIN	DWB	tu_116_xTok_000490
sich	sich	PRF	Duden	tu_116_xTok_000492
vielmehr	vielmehr	ADV	Duden	tu_116_xTok_000494
auf	auf	APPR	Duden	tu_116_xTok_000496
den	d	ART	Duden	tu_116_xTok_000498
Müßiggang	Müßiggang	NN	Duden	tu_116_xTok_000500
<g/>
,
und	und	KON	Duden	tu_116_xTok_000503
gesellten	beigesellen	VVFIN	Duden	tu_116_xTok_000505
sich	sich	PRF	Duden	tu_116_xTok_000507
zerschiedenen	zerschieden	ADJA	DWB	tu_116_xTok_000509
zum	zum	APPRART	Duden	tu_116_xTok_000511
Theil	Teil	NN	Duden	tu_116_xTok_000513
gerichtlich	gerichtlich	ADJD	Duden	tu_116_xTok_000515
bekannten	bekannt	ADJA	Duden	tu_116_xTok_000517
liederlichen	liederlich	ADJA	Duden	tu_116_xTok_000520
Purschen	Bursche	NN	Duden	tu_116_xTok_000522
bey	bei	PTKVZ	Duden	tu_116_xTok_000524
<g/>
;
und	und	KON	Duden	tu_116_xTok_000527
hat	haben	VAFIN	Duden	tu_116_xTok_000529
sich	sich	PRF	Duden	tu_116_xTok_000531
demnach	demnach	PAV	Duden	tu_116_xTok_000533
vermöge	vermöge	APPR	Duden	tu_116_xTok_000535
der	d	ART	Duden	tu_116_xTok_000537
mit	mit	APPR	Duden	tu_116_xTok_000539
ihnen	sie	PPER	Duden	tu_116_xTok_000541
vorgenommenen	vornehmen	ADJA	Duden	tu_116_xTok_000543
gütigen	gütig	ADJA	Duden	tu_116_xTok_000545
Criminalverfahrungen	Kriminalverfahrung	NN	oov	tu_116_xTok_000547
sowohl	sowohl	KON	Duden	tu_116_xTok_000549
durch	durch	APPR	Duden	tu_116_xTok_000550
ihre	ihr	PPOSAT	Duden	tu_116_xTok_000552
selbst	selbst	ADV	Duden	tu_116_xTok_000554
eigene	eigen	ADJA	Duden	tu_116_xTok_000556
Bekänntnisse	Bekenntnis	NN	Duden	tu_116_xTok_000558
<g/>
,
als	als	KON	Duden	tu_116_xTok_000561
auch	auch	ADV	Duden	tu_116_xTok_000563
durch	durch	APPR	Duden	tu_116_xTok_000565
die	d	ART	Duden	tu_116_xTok_000567
hierüber	hierüber	PAV	Duden	tu_116_xTok_000569
gerichtlich	gerichtlich	ADJD	Duden	tu_116_xTok_000571
und	und	KON	Duden	tu_116_xTok_000574
eidlich	eidlich	ADJD	Duden	tu_116_xTok_000576
erhobene	erheben	ADJA	Duden	tu_116_xTok_000578
Befunde	Befund	NN	Duden	tu_116_xTok_000580
bestättiget	bestätigen	VVPP	Duden	tu_116_xTok_000582
<g/>
,
daß	dass	KOUS	Duden	tu_116_xTok_000585
</p>
<p id="fb_17790304_MichaelS_PhilippL__p_0003">
Erstens	erstens	ADV	Duden	tu_116_xTok_000586
<g/>
,
er	er	PPER	Duden	tu_116_xTok_000589
Michael	Michael	NE	Duden	tu_116_xTok_000591
S.	S.	NE	oov	tu_116_xTok_000593
und	und	KON	Duden	tu_116_xTok_000596
Stephan	Stephan	NE	Duden	tu_116_xTok_000598
K.	K.	NE	oov	tu_116_xTok_000600
mit	mit	APPR	Duden	tu_116_xTok_000603
noch	noch	ADV	Duden	tu_116_xTok_000605
anderen	andere	ADJA	Duden	tu_116_xTok_000607
drey	drei	CARD	Duden	tu_116_xTok_000609
Kameraden	Kamerad	NN	Duden	tu_116_xTok_000610
am	am	APPRART	Duden	tu_116_xTok_000612
Samstage	Samstag	NN	Duden	tu_116_xTok_000614
3	3	CARD		tu_116_xTok_000616
Wochen	Woche	NN	Duden	tu_116_xTok_000618
vor	vor	APPR	Duden	tu_116_xTok_000620
Weihnachten	Weihnachten	NN	Duden	tu_116_xTok_000622
des	d	ART	Duden	tu_116_xTok_000624
1775.	1775	CARD		tu_116_xTok_000626
Jahrs	Jahr	NN	Duden	tu_116_xTok_000627
bey	bei	APPR	Duden	tu_116_xTok_000629
ihrer	ihr	PPOSAT	Duden	tu_116_xTok_000631
allseitigen	allseitig	ADJA	Duden	tu_116_xTok_000633
Zusammenkunft	Zusammenkunft	NN	Duden	tu_116_xTok_000635
zu	zu	APPR	Duden	tu_116_xTok_000637
Neunkirchen	Neunkirchen	NE::top	oov	tu_116_xTok_000639
sich	sich	PRF	Duden	tu_116_xTok_000641
verabredet	verabreden	VVPP	Duden	tu_116_xTok_000643
<g/>
,
nächtlicher Weile	nächtlicherweile	ADV		tu_116_xTok_000647
einen	ein	ART	Duden	tu_116_xTok_000651
zu	zu	APPR	Duden	tu_116_xTok_000653
Wart	Warth	NE::top	oov	tu_116_xTok_000655
unweit	unweit	APPR	Duden	tu_116_xTok_000657
Aspang	Aspang	NE::top	oov	tu_116_xTok_000659
in	in	APPR	Duden	tu_116_xTok_000661
der	d	ART	Duden	tu_116_xTok_000663
sogenannten	sogenannt	ADJA	Duden	tu_116_xTok_000665
Ludel	Ludel	NE::top	oov	tu_116_xTok_000668
einschichtig	einschichtig	ADJD	Duden	tu_116_xTok_000670
wohnenden	wohnen	ADJA	Duden	tu_116_xTok_000672
Bauern	Bauer	NN	Duden	tu_116_xTok_000674
<g/>
,
der	d	PRELS	Duden	tu_116_xTok_000677
dem	d	ART	Duden	tu_116_xTok_000679
Stephan	Stephan	NE	Duden	tu_116_xTok_000681
K.	K.	NE	oov	tu_116_xTok_000683
schon	schon	ADV	Duden	tu_116_xTok_000685
bekannt	bekannt	ADJD	Duden	tu_116_xTok_000687
war	sein	VAFIN	Duden	tu_116_xTok_000689
<g/>
,
zu	zu	PTKZU	Duden	tu_116_xTok_000692
berauben	berauben	VVINF	Duden	tu_116_xTok_000694
<g/>
,
und	und	KON	Duden	tu_116_xTok_000697
sie	sie	PPER	Duden	tu_116_xTok_000699
beede	beide	PIS	Duden	tu_116_xTok_000701
zur	zur	APPRART	Duden	tu_116_xTok_000703
Abendszeit	Abendzeit	NN	Duden	tu_116_xTok_000705
bey	bei	APPR	Duden	tu_116_xTok_000707
diesem	diese	PDAT	Duden	tu_116_xTok_000708
Bauern	Bauer	NN	Duden	tu_116_xTok_000710
um	um	APPR	Duden	tu_116_xTok_000712
die	d	ART	Duden	tu_116_xTok_000714
Nachtherberg	Nachtherberge	NN	DWB	tu_116_xTok_000716
angehalten	anhalten	VVPP	Duden	tu_116_xTok_000718
haben	haben	VAFIN	Duden	tu_116_xTok_000720
<g/>
,
welche	welch	PRELS	Duden	tu_116_xTok_000723
ihnen	sie	PPER	Duden	tu_116_xTok_000725
auch	auch	ADV	Duden	tu_116_xTok_000726
von	von	APPR	Duden	tu_116_xTok_000728
demselben	derselbe	PDS	Duden	tu_116_xTok_000730
nebst	nebst	APPR	Duden	tu_116_xTok_000732
abgereichtem	abreichen	ADJA	Duden	tu_116_xTok_000734
Nachtmahle	Nachtmahl	NN	Duden	tu_116_xTok_000736
verwilliget	verwilligen	VVPP	DWB	tu_116_xTok_000738
<g/>
;
hierauf	hierauf	PAV	Duden	tu_116_xTok_000741
aber	aber	ADV	Duden	tu_116_xTok_000744
<g/>
,
da	da	KOUS	Duden	tu_116_xTok_000747
schon	schon	ADV	Duden	tu_116_xTok_000749
alle	all	PIAT	Duden	tu_116_xTok_000751
Hausleute	Hausleute	NN	Duden	tu_116_xTok_000753
in	in	APPR	Duden	tu_116_xTok_000755
der	d	ART	Duden	tu_116_xTok_000757
nämlichen	nämlich	ADJA	Duden	tu_116_xTok_000759
Rauchstube	Rauchstube	NN	DRW	tu_116_xTok_000761
<g/>
,
die	d	PRELS	Duden	tu_116_xTok_000764
ihnen	sie	PPER	Duden	tu_116_xTok_000765
Delinquenten	Delinquent	NN	Duden	tu_116_xTok_000767
zum	zum	APPRART	Duden	tu_116_xTok_000769
Nachtlager	Nachtlager	NN	Duden	tu_116_xTok_000771
angewiesen	anweisen	VVPP	Duden	tu_116_xTok_000773
war	sein	VAFIN	Duden	tu_116_xTok_000775
<g/>
,
geschlafen	schlafen	VVPP	Duden	tu_116_xTok_000778
<g/>
,
ihre	ihr	PPOSAT	Duden	tu_116_xTok_000780
mittlerweile	mittlerweile	ADV	Duden	tu_116_xTok_000782
daraussen	draußen	ADV	Duden	tu_116_xTok_000784
sich	sich	PRF	Duden	tu_116_xTok_000786
verborgen	verborgen	ADJD	Duden	tu_116_xTok_000788
gehaltenen	halten	ADJA	Duden	tu_116_xTok_000790
Raubsgespäne	Raubgespan	NN	oov	tu_116_xTok_000792
in	in	APPR	Duden	tu_116_xTok_000793
die	d	ART	Duden	tu_116_xTok_000795
Stube	Stube	NN	Duden	tu_116_xTok_000797
eingelassen	einlassen	VVPP	Duden	tu_116_xTok_000799
wurden	werden	VAFIN	Duden	tu_116_xTok_000801
<g/>
,
wornach	wornach	PWAV	Duden	tu_116_xTok_000804
sie	sie	PPER	Duden	tu_116_xTok_000806
den	d	ART	Duden	tu_116_xTok_000808
Bauern	Bauer	NN	Duden	tu_116_xTok_000810
aus	aus	APPR	Duden	tu_116_xTok_000812
seinem	sein	PPOSAT	Duden	tu_116_xTok_000814
Bette	Bett	NN	Duden	tu_116_xTok_000815
herausgeworfen	herauswerfen	VVPP	Duden	tu_116_xTok_000817
<g/>
,
ihn	er	PPER	Duden	tu_116_xTok_000820
und	und	KON	Duden	tu_116_xTok_000822
seine	sein	PPOSAT	Duden	tu_116_xTok_000824
Dienstmagd	Dienstmagd	NN	Duden	tu_116_xTok_000826
an	an	APPR	Duden	tu_116_xTok_000828
Händen	Hand	NN	Duden	tu_116_xTok_000830
und	und	KON	Duden	tu_116_xTok_000832
Füssen	Fuß	NN	Duden	tu_116_xTok_000833
<g/>
,
sein	sein	PPOSAT	Duden	tu_116_xTok_000836
Eheweib	Eheweib	NN	Duden	tu_116_xTok_000838
aber	aber	ADV	Duden	tu_116_xTok_000840
<g/>
,
wie	wie	KOKOM	Duden	tu_116_xTok_000843
auch	auch	ADV	Duden	tu_116_xTok_000845
die	d	ART	Duden	tu_116_xTok_000847
3	3	CARD		tu_116_xTok_000849
Kinder	Kind	NN	Duden	tu_116_xTok_000851
sammt	samt	APPR	Duden	tu_116_xTok_000853
einem	ein	ART	Duden	tu_116_xTok_000855
alten	alt	ADJA	Duden	tu_116_xTok_000857
Weib	Weib	NN	Duden	tu_116_xTok_000860
an	an	APPR	Duden	tu_116_xTok_000862
Händen	Hand	NN	Duden	tu_116_xTok_000864
allein	allein	ADV	Duden	tu_116_xTok_000866
zum	zum	APPRART	Duden	tu_116_xTok_000868
Theil	Teil	NN	Duden	tu_116_xTok_000870
mit	mit	APPR	Duden	tu_116_xTok_000872
bey	bei	APPR	Duden	tu_116_xTok_000874
sich	sich	PRF	Duden	tu_116_xTok_000876
gehabten	haben	ADJA	Duden	tu_116_xTok_000878
Strickeln	Strick	NN	Duden	tu_116_xTok_000880
<g/>
,
zum	zum	APPRART	Duden	tu_116_xTok_000884
Theil	Teil	NN	Duden	tu_116_xTok_000886
mit	mit	APPR	Duden	tu_116_xTok_000888
einigen	einige	PIAT	Duden	tu_116_xTok_000890
gleich	gleich	ADV	Duden	tu_116_xTok_000892
in	in	APPR	Duden	tu_116_xTok_000894
der	d	ART	Duden	tu_116_xTok_000896
Stube	Stube	NN	Duden	tu_116_xTok_000898
vorgefundenen	vorfinden	ADJA	Duden	tu_116_xTok_000900
Bandeln	Band	NN	Duden	tu_116_xTok_000901
schmerzlich	schmerzlich	ADJD	Duden	tu_116_xTok_000903
gebunden	binden	VVPP	Duden	tu_116_xTok_000905
<g/>
,
nebstbey	nebstbei	ADV	Duden	tu_116_xTok_000908
auch	auch	ADV	Duden	tu_116_xTok_000910
den	d	ART	Duden	tu_116_xTok_000912
Bauer	Bauer	NN	Duden	tu_116_xTok_000914
<g/>
,
sein	sein	PPOSAT	Duden	tu_116_xTok_000917
Eheweib	Eheweib	NN	Duden	tu_116_xTok_000919
<g/>
,
und	und	KON	Duden	tu_116_xTok_000923
seine	sein	PPOSAT	Duden	tu_116_xTok_000925
Dienstmagd	Dienstmagd	NN	Duden	tu_116_xTok_000927
mit	mit	APPR	Duden	tu_116_xTok_000929
Fäusten	Faust	NN	Duden	tu_116_xTok_000931
auf	auf	APPR	Duden	tu_116_xTok_000933
den	d	ART	Duden	tu_116_xTok_000935
Kopf	Kopf	NN	Duden	tu_116_xTok_000937
heftig	heftig	ADJD	Duden	tu_116_xTok_000939
geschlagen	schlagen	VVPP	Duden	tu_116_xTok_000941
<g/>
,
weiters	weiters	ADV	Duden	tu_116_xTok_000945
den	d	ART	Duden	tu_116_xTok_000947
Bauern	Bauer	NN	Duden	tu_116_xTok_000949
an	an	APPR	Duden	tu_116_xTok_000951
beeden	beide	PIAT	Duden	tu_116_xTok_000953
Waden	Wade	NN	Duden	tu_116_xTok_000955
mit	mit	APPR	Duden	tu_116_xTok_000957
Spannlichtern	Spanlicht	NN	DWB	tu_116_xTok_000959
zweymal	zweimal	ADV	Duden	tu_116_xTok_000960
gebrennet	brennen	VVPP	Duden	tu_116_xTok_000962
<g/>
,
und	und	KON	Duden	tu_116_xTok_000965
ihm	er	PPER	Duden	tu_116_xTok_000967
andurch	andurch	ADV	DWB	tu_116_xTok_000969
das	d	ART	Duden	tu_116_xTok_000971
Geständniß	Geständnis	NN	Duden	tu_116_xTok_000973
seines	sein	PPOSAT	Duden	tu_116_xTok_000975
Geldes	Geld	NN	Duden	tu_116_xTok_000977
abgepresset	abpressen	VVPP	Duden	tu_116_xTok_000978
<g/>
,
sodann	sodann	ADV	Duden	tu_116_xTok_000981
mit	mit	APPR	Duden	tu_116_xTok_000983
brennenden	brennend	ADJA	Duden	tu_116_xTok_000985
Spänen	Span	NN	Duden	tu_116_xTok_000987
auf	auf	APPR	Duden	tu_116_xTok_000989
den	d	ART	Duden	tu_116_xTok_000991
mit	mit	APPR	Duden	tu_116_xTok_000993
Stroh	Stroh	NN	Duden	tu_116_xTok_000995
gedeckten	decken	ADJA	Duden	tu_116_xTok_000997
Boden	Boden	NN	Duden	tu_116_xTok_001000
sich	sich	PRF	Duden	tu_116_xTok_001002
begeben	begeben	VVPP	Duden	tu_116_xTok_001004
<g/>
,
allda	allda	ADV	Duden	tu_116_xTok_001007
aus	aus	APPR	Duden	tu_116_xTok_001009
mehreren	mehrere	PIAT	Duden	tu_116_xTok_001011
zum	zum	APPRART	Duden	tu_116_xTok_001013
Theil	Teil	NN	Duden	tu_116_xTok_001015
mit	mit	APPR	Duden	tu_116_xTok_001017
Gewalt	Gewalt	NN	Duden	tu_116_xTok_001019
eröffneten	eröffnen	ADJA	Duden	tu_116_xTok_001022
Truhen	Truhe	NN	Duden	tu_116_xTok_001024
verschiedenes	verschieden	ADJA	Duden	tu_116_xTok_001026
Gewand	Gewand	NN	Duden	tu_116_xTok_001028
<g/>
,
baares	bar	ADJA	Duden	tu_116_xTok_001031
Geld	Geld	NN	Duden	tu_116_xTok_001033
<g/>
,
und	und	KON	Duden	tu_116_xTok_001036
herumgehangenes	herumhängen	ADJA	Duden	tu_116_xTok_001037
Selchfleisch	Selchfleisch	NN	Duden	tu_116_xTok_001039
hinweggeraubet	hinwegrauben	VVPP	DRW	tu_116_xTok_001041
<g/>
,
und	und	KON	Duden	tu_116_xTok_001044
andurch	andurch	ADV	DWB	tu_116_xTok_001046
besagten	besagt	ADJA	Duden	tu_116_xTok_001048
Bauersleuten	Bauersleute	NN	Duden	tu_116_xTok_001049
einen	ein	ART	Duden	tu_116_xTok_001051
auf	auf	APPR	Duden	tu_116_xTok_001053
47	47	CARD		tu_116_xTok_001055
fl.	Flore	NN	DWB	tu_116_xTok_001057
1	1	CARD		tu_116_xTok_001060
kr.	Kreuzer	NN	Duden	tu_116_xTok_001062
beeidigten	beeidigen	ADJA	Duden	tu_116_xTok_001065
<g/>
,
und	und	KON	Duden	tu_116_xTok_001068
noch	noch	ADV	Duden	tu_116_xTok_001070
gänzlich	gänzlich	ADJD	Duden	tu_116_xTok_001072
ruckständigen	ruckständig	ADJA	DWB	tu_116_xTok_001073
Schaden	Schaden	NN	Duden	tu_116_xTok_001075
zugefüget	zufügen	VVPP	Duden	tu_116_xTok_001077
haben	haben	VAFIN	Duden	tu_116_xTok_001079
<g/>
.
</p>
<p id="fb_17790304_MichaelS_PhilippL__p_0004">
Zweytens	zweitens	ADV	Duden	tu_116_xTok_001081
haben	haben	VAFIN	Duden	tu_116_xTok_001083
diese	diese	PDAT	Duden	tu_116_xTok_001085
vorernannte	vorernennen	ADJA	DWB	tu_116_xTok_001087
zween	zwei	CARD	Duden	tu_116_xTok_001089
Delinquenten	Delinquent	NN	Duden	tu_116_xTok_001091
mit	mit	APPR	Duden	tu_116_xTok_001093
noch	noch	ADV	Duden	tu_116_xTok_001095
einem	ein	ART	Duden	tu_116_xTok_001096
dritten	dritte	ADJA	Duden	tu_116_xTok_001098
Pursch	Bursche	NN	Duden	tu_116_xTok_001100
in	in	APPR	Duden	tu_116_xTok_001102
einigen	einige	PIAT	Duden	tu_116_xTok_001104
Tägen	Tag	NN	Duden	tu_116_xTok_001106
darauf	darauf	PAV	Duden	tu_116_xTok_001108
zu	zu	APPR	Duden	tu_116_xTok_001110
Solenau	Solenau	NE::top	oov	tu_116_xTok_001112
nächtlicher Weile	nächtlicherweile	ADV		tu_116_xTok_001114
aus	aus	APPR	Duden	tu_116_xTok_001117
einem	ein	ART	Duden	tu_116_xTok_001119
Stall	Stall	NN	Duden	tu_116_xTok_001121
3	3	CARD		tu_116_xTok_001123
Schaafe	Schaf	NN	Duden	tu_116_xTok_001125
davon	davon	PTKVZ	Duden	tu_116_xTok_001127
getragen	davontragen	VVPP	Duden	tu_116_xTok_001129
<g/>
,
und	und	KON	Duden	tu_116_xTok_001132
</p>
<p id="fb_17790304_MichaelS_PhilippL__p_0005">
Drittens	drittens	ADV	Duden	tu_116_xTok_001133
mit	mit	APPR	Duden	tu_116_xTok_001135
noch	noch	ADV	Duden	tu_116_xTok_001137
einem	ein	ART	Duden	tu_116_xTok_001139
vierten	vierte	ADJA	Duden	tu_116_xTok_001141
Kameraden	Kamerad	NN	Duden	tu_116_xTok_001143
zu	zu	APPR	Duden	tu_116_xTok_001145
Schottwien	Schottwien	NE::top	oov	tu_116_xTok_001147
zur	zur	APPRART	Duden	tu_116_xTok_001149
nämlichen	nämlich	ADJA	Duden	tu_116_xTok_001150
Adventszeit	Adventzeit	NN	Duden	tu_116_xTok_001152
einen	ein	ART	Duden	tu_116_xTok_001154
Gewanddiebstahl	Gewanddiebstahl	NN	oov	tu_116_xTok_001156
mittels	mittels	APPR	Duden	tu_116_xTok_001158
Erbrechung	Erbrechung	NN	DWB	tu_116_xTok_001160
des	d	ART	Duden	tu_116_xTok_001162
Hausdaches	Hausdach	NN	Duden	tu_116_xTok_001163
verübet	verüben	VVPP	Duden	tu_116_xTok_001165
<g/>
;
welcher	welch	PRELS	Duden	tu_116_xTok_001168
beeden	beide	PIAT	Duden	tu_116_xTok_001170
Diebstähle	Diebstahl	NN	Duden	tu_116_xTok_001172
jedoch	jedoch	ADV	Duden	tu_116_xTok_001174
er	er	PPER	Duden	tu_116_xTok_001176
Michael	Michael	NE	Duden	tu_116_xTok_001178
S.	S.	NE	oov	tu_116_xTok_001180
weder	weder	KON	Duden	tu_116_xTok_001182
geständig	geständig	ADJD	Duden	tu_116_xTok_001184
<g/>
,
noch	noch	KON	Duden	tu_116_xTok_001187
überführet	überführen	VVPP	Duden	tu_116_xTok_001189
ist	sein	VAFIN	Duden	tu_116_xTok_001191
<g/>
.
Hierüber	hierüber	PAV	Duden	tu_116_xTok_001194
haben	haben	VAFIN	Duden	tu_116_xTok_001196
zwar	zwar	ADV	Duden	tu_116_xTok_001198
sie	sie	PPER	Duden	tu_116_xTok_001200
beede	beide	PIS	Duden	tu_116_xTok_001202
sich	sich	PRF		tu_116_xTok_001203
von einander	voneinander	ADV		tu_116_xTok_001206
abgesonderet	absondern	VVPP	Duden	tu_116_xTok_001210
<g/>
,
jedoch	jedoch	KON	Duden	tu_116_xTok_001213
hat	haben	VAFIN	Duden	tu_116_xTok_001215
er	er	PPER	Duden	tu_116_xTok_001217
Michael	Michael	NE	Duden	tu_116_xTok_001219
S.	S.	NE	oov	tu_116_xTok_001221
im	im	APPRART	Duden	tu_116_xTok_001224
Sommer	Sommer	NN	Duden	tu_116_xTok_001226
darauf	darauf	PAV	Duden	tu_116_xTok_001227
1776	1776	CARD		tu_116_xTok_001229
mit	mit	APPR	Duden	tu_116_xTok_001231
dem	d	ART	Duden	tu_116_xTok_001233
Martin	Martin	NE	Duden	tu_116_xTok_001235
P.	P.	NE	oov	tu_116_xTok_001237
Philipp	Philipp	NE	Duden	tu_116_xTok_001240
L.	L.	NE	oov	tu_116_xTok_001242
und	und	KON	Duden	tu_116_xTok_001245
noch	noch	ADV	Duden	tu_116_xTok_001247
zwey	zwei	CARD	Duden	tu_116_xTok_001249
anderen	andere	ADJA	Duden	tu_116_xTok_001251
Purschen	Bursche	NN	Duden	tu_116_xTok_001252
</p>
<p id="fb_17790304_MichaelS_PhilippL__p_0006">
Viertens	viertens	ADV	Duden	tu_116_xTok_001253
zu	zu	APPR	Duden	tu_116_xTok_001255
Anfangs	Anfang	NN	Duden	tu_116_xTok_001257
July	Juli	NN	Duden	tu_116_xTok_001259
im	im	APPRART	Duden	tu_116_xTok_001261
Stammerstorfer	Stammersdorfer	ADJA	oov	tu_116_xTok_001263
Gebiete	Gebiet	NN	Duden	tu_116_xTok_001265
einen	ein	ART	Duden	tu_116_xTok_001267
Kellereinbruch	Kellereinbruch	NN	oov	tu_116_xTok_001268
<g/>
.
Dann	dann	ADV	Duden	tu_116_xTok_001271
</p>
<p id="fb_17790304_MichaelS_PhilippL__p_0007">
Fünftens	fünftens	ADV	Duden	tu_116_xTok_001272
er	er	PPER	Duden	tu_116_xTok_001274
Michael	Michael	NE	Duden	tu_116_xTok_001276
S.	S.	NE	oov	tu_116_xTok_001278
mit	mit	APPR	Duden	tu_116_xTok_001281
dem	d	ART	Duden	tu_116_xTok_001283
Philipp	Philipp	NE	Duden	tu_116_xTok_001285
L.	L.	NE	oov	tu_116_xTok_001287
den	d	ART	Duden	tu_116_xTok_001290
5ten	5	ADJA		tu_116_xTok_001292
ersterwähnten	ersterwähnt	ADJA	Duden	tu_116_xTok_001295
Monats	Monat	NN	Duden	tu_116_xTok_001298
July	Juli	NN	Duden	tu_116_xTok_001300
zu	zu	APPR	Duden	tu_116_xTok_001302
Wolkerstorf	Wolkersdorf	NE::top	oov	tu_116_xTok_001304
bey	bei	APPR	Duden	tu_116_xTok_001306
hellem	hell	ADJA	Duden	tu_116_xTok_001308
Tage	Tag	NN	Duden	tu_116_xTok_001310
mittels	mittels	APPR	Duden	tu_116_xTok_001312
gewaltsamer	gewaltsam	ADJA	Duden	tu_116_xTok_001314
Hinwegreißung	Hinwegreißung	NN	oov	tu_116_xTok_001317
des	d	ART	Duden	tu_116_xTok_001319
Vorhängschlosses	Vorhängeschloss	NN	Duden	tu_116_xTok_001321
von	von	APPR	Duden	tu_116_xTok_001323
der	d	ART	Duden	tu_116_xTok_001325
Eingangsthür	Eingangstür	NN	Duden	tu_116_xTok_001327
<g/>
,
und	und	KON	Duden	tu_116_xTok_001330
sohinniger	sohinig	ADJA	oov	tu_116_xTok_001331
Erbrechung	Erbrechung	NN	DWB	tu_116_xTok_001333
der	d	ART	Duden	tu_116_xTok_001335
Truhen	Truhe	NN	Duden	tu_116_xTok_001337
einen	ein	ART	Duden	tu_116_xTok_001339
Gewanddiebstahl	Gewanddiebstahl	NN	oov	tu_116_xTok_001341
im	im	APPRART	Duden	tu_116_xTok_001343
beschwornem	beschwören	ADJA	Duden	tu_116_xTok_001345
Wert	Wert	NN	Duden	tu_116_xTok_001348
pr.	per	APPR	Duden	tu_116_xTok_001350
71.	71	CARD		tu_116_xTok_001353
fl.	Flore	NN	DWB	tu_116_xTok_001355
41.	41	CARD		tu_116_xTok_001358
kr.	Kreuzer	NN	Duden	tu_116_xTok_001360
bewerkstelliget	bewerkstelligen	VVPP	Duden	tu_116_xTok_001363
<g/>
.
</p>
<p id="fb_17790304_MichaelS_PhilippL__p_0008">
Sechstens	sechstens	ADV	Duden	tu_116_xTok_001365
hat	haben	VAFIN	Duden	tu_116_xTok_001367
der	d	ART	Duden	tu_116_xTok_001369
Michael	Michael	NE	Duden	tu_116_xTok_001371
S.	S.	NE	oov	tu_116_xTok_001373
Philipp	Philipp	NE	Duden	tu_116_xTok_001376
L.	L.	NE	oov	tu_116_xTok_001378
und	und	KON	Duden	tu_116_xTok_001381
Martin	Martin	NE	Duden	tu_116_xTok_001383
P.	P.	NE	oov	tu_116_xTok_001385
sammt	samt	APPR	Duden	tu_116_xTok_001388
noch	noch	ADV	Duden	tu_116_xTok_001389
4	4	CARD		tu_116_xTok_001391
Kerln	Kerl	NN	Duden	tu_116_xTok_001393
den	d	ART	Duden	tu_116_xTok_001395
6.	6	ADJA		tu_116_xTok_001397
July	Juli	NN	Duden	tu_116_xTok_001399
besagten	besagt	ADJA	Duden	tu_116_xTok_001401
Jahrs	Jahr	NN	Duden	tu_116_xTok_001403
zur	zur	APPRART	Duden	tu_116_xTok_001405
Nachtszeit	Nachtzeit	NN	Duden	tu_116_xTok_001407
auf	auf	APPR	Duden	tu_116_xTok_001409
der	d	ART	Duden	tu_116_xTok_001411
Horner	Horner	ADJA	oov	tu_116_xTok_001413
Strasse	Straße	NN	Duden	tu_116_xTok_001416
bey	bei	APPR	Duden	tu_116_xTok_001418
Rußbach	Rußbach	NE::top	oov	tu_116_xTok_001420
zween	zwei	CARD	Duden	tu_116_xTok_001422
Weinbauern	Weinbauer	NN	Duden	tu_116_xTok_001424
<g/>
,
bey	bei	APPR	Duden	tu_116_xTok_001427
denen	d	PRELS	Duden	tu_116_xTok_001429
sie	sie	PPER	Duden	tu_116_xTok_001431
vorhero	vorhero	ADV	DWB	tu_116_xTok_001433
in	in	APPR	Duden	tu_116_xTok_001435
einem	ein	ART	Duden	tu_116_xTok_001436
Würtshause	Wirtshaus	NN	Duden	tu_116_xTok_001438
<g/>
,
woselbst	woselbst	ADV	Duden	tu_116_xTok_001441
solche	solch	PIS	Duden	tu_116_xTok_001443
ihre	ihr	PPOSAT	Duden	tu_116_xTok_001445
Pferde	Pferd	NN	Duden	tu_116_xTok_001447
abgefutert	abfüttern	VVPP	Duden	tu_116_xTok_001449
<g/>
,
Beygürteln	Beigürtel	NN	DWB	tu_116_xTok_001452
mit	mit	APPR	Duden	tu_116_xTok_001455
Geld	Geld	NN	Duden	tu_116_xTok_001457
beobachtet	beobachten	VVPP	Duden	tu_116_xTok_001459
<g/>
,
vorgepasset	vorpassen	VVPP	DWB	tu_116_xTok_001462
<g/>
,
und	und	KON	Duden	tu_116_xTok_001465
nachdem	nachdem	KOUS	Duden	tu_116_xTok_001467
der	d	ART	Duden	tu_116_xTok_001469
erste	erste	ADJ-NN	Duden	tu_116_xTok_001471
durch	durch	APPR	Duden	tu_116_xTok_001473
geleisteten	leisten	ADJA	Duden	tu_116_xTok_001475
Widerstand	Widerstand	NN	Duden	tu_116_xTok_001478
nach	nach	APPR	Duden	tu_116_xTok_001480
von	von	APPR	Duden	tu_116_xTok_001482
dieser	diese	PDAT	Duden	tu_116_xTok_001484
Räuberrotte	Räuberrotte	NN	DWB	tu_116_xTok_001486
überkommenen	überkommen	ADJA	Duden	tu_116_xTok_001488
vielfältigen	vielfältig	ADJA	Duden	tu_116_xTok_001490
Schlägen	Schlag	NN	Duden	tu_116_xTok_001493
<g/>
,
und	und	KON	Duden	tu_116_xTok_001496
Verwundungen	Verwundung	NN	Duden	tu_116_xTok_001498
entronnen	entrinnen	VVPP	Duden	tu_116_xTok_001500
<g/>
,
den	d	ART	Duden	tu_116_xTok_001503
zweyten	zweite	ADJA	Duden	tu_116_xTok_001505
Weinbauer	Weinbauer	NN	Duden	tu_116_xTok_001507
<g/>
,
sammt	samt	APPR	Duden	tu_116_xTok_001511
einem	ein	ART	Duden	tu_116_xTok_001513
bey	bei	APPR	Duden	tu_116_xTok_001515
sich	sich	PRF	Duden	tu_116_xTok_001517
auf	auf	APPR	Duden	tu_116_xTok_001519
dem	d	ART	Duden	tu_116_xTok_001521
Wagen	Wagen	NN	Duden	tu_116_xTok_001523
gehabten	haben	ADJA	Duden	tu_116_xTok_001525
kleinen	klein	ADJA	Duden	tu_116_xTok_001527
Buben	Bub	NN	Duden	tu_116_xTok_001529
von	von	APPR	Duden	tu_116_xTok_001532
dem	d	ART	Duden	tu_116_xTok_001534
Wagen	Wagen	NN	Duden	tu_116_xTok_001536
herabgerissen	herabreißen	VVPP	oov	tu_116_xTok_001538
<g/>
,
unter	unter	APPR	Duden	tu_116_xTok_001541
sehr	sehr	ADV	Duden	tu_116_xTok_001543
vielen	viel	PIAT	Duden	tu_116_xTok_001545
Mißhandlungen	Misshandlung	NN	Duden	tu_116_xTok_001547
ihm	er	PPER	Duden	tu_116_xTok_001548
seine	sein	PPOSAT	Duden	tu_116_xTok_001550
Beygürtel	Beigürtel	NN	DWB	tu_116_xTok_001552
mit	mit	APPR	Duden	tu_116_xTok_001554
9	9	CARD		tu_116_xTok_001556
fl.	Flore	NN	DWB	tu_116_xTok_001558
58	58	CARD		tu_116_xTok_001561
kr.	Kreuzer	NN	Duden	tu_116_xTok_001563
nebst	nebst	APPR	Duden	tu_116_xTok_001566
anderen	andere	ADJA	Duden	tu_116_xTok_001568
Sachen	Sache	NN	Duden	tu_116_xTok_001570
<g/>
,
und	und	KON	Duden	tu_116_xTok_001573
dem	d	ART	Duden	tu_116_xTok_001575
kleinen	klein	ADJA	Duden	tu_116_xTok_001576
Buben	Bub	NN	Duden	tu_116_xTok_001578
seine	sein	PPOSAT	Duden	tu_116_xTok_001580
wenige	wenig	PIAT	Duden	tu_116_xTok_001582
Barschaft	Barschaft	NN	Duden	tu_116_xTok_001584
pr.	per	APPR	Duden	tu_116_xTok_001586
1	1	CARD		tu_116_xTok_001589
fl.	Flore	NN	DWB	tu_116_xTok_001591
33	33	CARD		tu_116_xTok_001594
kr	Kreuzer	NN	Duden	tu_116_xTok_001596
gewaltthätig	gewalttätig	ADJD	Duden	tu_116_xTok_001598
abrauben	abrauben	VVINF	DWB	tu_116_xTok_001600
<g/>
,
und	und	KON	Duden	tu_116_xTok_001604
in	in	APPR	Duden	tu_116_xTok_001606
der	d	ART	Duden	tu_116_xTok_001608
nämlichen	nämlich	ADJA	Duden	tu_116_xTok_001610
Nacht	Nacht	NN	Duden	tu_116_xTok_001612
</p>
<p id="fb_17790304_MichaelS_PhilippL__p_0009">
Siebentens	siebtens	ADV	Duden	tu_116_xTok_001613
bey	bei	APPR	Duden	tu_116_xTok_001615
Stetteldorf	Stetteldorf	NE::top	oov	tu_116_xTok_001617
<g/>
,
einen	ein	ART	Duden	tu_116_xTok_001620
Keller	Keller	NN	Duden	tu_116_xTok_001622
Einbruch	Einbruch	NN	Duden	tu_116_xTok_001624
zum	zum	APPRART	Duden	tu_116_xTok_001626
Theil	Teil	NN	Duden	tu_116_xTok_001628
geständig	geständig	ADJD	Duden	tu_116_xTok_001629
<g/>
,
zum	zum	APPRART	Duden	tu_116_xTok_001632
Theil	Teil	NN	Duden	tu_116_xTok_001634
überwiesenermaßen	überwiesenermaßen	ADV	oov	tu_116_xTok_001636
ausüben	ausüben	VVINF	Duden	tu_116_xTok_001638
geholfen	helfen	VVPP	Duden	tu_116_xTok_001640
<g/>
.
</p>
<p id="fb_17790304_MichaelS_PhilippL__p_0010">
Achtens	achtens	ADV	Duden	tu_116_xTok_001642
wurde	werden	VAFIN	Duden	tu_116_xTok_001644
von	von	APPR	Duden	tu_116_xTok_001646
dem	d	ART	Duden	tu_116_xTok_001648
Martin	Martin	NE	Duden	tu_116_xTok_001650
P.	P.	NE	oov	tu_116_xTok_001652
in	in	APPR	Duden	tu_116_xTok_001655
Vergesellschaftung	Vergesellschaftung	NN	Duden	tu_116_xTok_001657
eines	ein	ART	Duden	tu_116_xTok_001659
von	von	APPR	Duden	tu_116_xTok_001660
dieser	diese	PDAT	Duden	tu_116_xTok_001662
Räuberrotte	Räuberrotte	NN	DWB	tu_116_xTok_001664
bereits	bereits	ADV	Duden	tu_116_xTok_001666
anderwärtig	anderwärtig	ADJD	Duden	tu_116_xTok_001668
gerichtlich	gerichtlich	ADJD	Duden	tu_116_xTok_001670
abgeurtheilten	aburteilen	ADJA	Duden	tu_116_xTok_001672
Kerls	Kerl	NN	Duden	tu_116_xTok_001675
den	d	ART	Duden	tu_116_xTok_001677
16.	16	ADJA		tu_116_xTok_001679
Julii	Juli	NN	Duden	tu_116_xTok_001681
bey	bei	APPR	Duden	tu_116_xTok_001683
Tage	Tag	NN	Duden	tu_116_xTok_001685
zu	zu	APPR	Duden	tu_116_xTok_001687
Unterhausenthall	Unterhausental	NE::top	oov	tu_116_xTok_001689
mittels	mittels	APPR	Duden	tu_116_xTok_001691
Erbrechung	Erbrechung	NN	DWB	tu_116_xTok_001693
des	d	ART	Duden	tu_116_xTok_001696
Fenstergatters	Fenstergatter	NN	oov	tu_116_xTok_001698
verschiedenes	verschieden	ADJA	Duden	tu_116_xTok_001700
auf	auf	APPR	Duden	tu_116_xTok_001702
28	28	CARD		tu_116_xTok_001704
fl.	Flore	NN	DWB	tu_116_xTok_001706
23	23	CARD		tu_116_xTok_001709
kr.	Kreuzer	NN	Duden	tu_116_xTok_001711
eidlich	eidlich	ADJD	Duden	tu_116_xTok_001714
angeschlagenens	anschlagen	ADJA	Duden	tu_116_xTok_001716
Gewand	Gewand	NN	Duden	tu_116_xTok_001719
entfremdet	entfremden	VVPP	Duden	tu_116_xTok_001721
<g/>
.
</p>
<p id="fb_17790304_MichaelS_PhilippL__p_0011">
Neuntens	neuntens	ADV	Duden	tu_116_xTok_001723
haben	haben	VAFIN	Duden	tu_116_xTok_001725
der	d	ART	Duden	tu_116_xTok_001727
Michael	Michael	NE	Duden	tu_116_xTok_001729
S.	S.	NE	oov	tu_116_xTok_001731
und	und	KON	Duden	tu_116_xTok_001734
Philipp	Philipp	NE	Duden	tu_116_xTok_001736
L.	L.	NE	oov	tu_116_xTok_001738
von	von	APPR	Duden	tu_116_xTok_001741
einigen	einige	PIAT	Duden	tu_116_xTok_001743
eben	eben	ADV	Duden	tu_116_xTok_001745
kurz	kurz	ADJD	Duden	tu_116_xTok_001746
darauf	darauf	PAV	Duden	tu_116_xTok_001748
von	von	APPR	Duden	tu_116_xTok_001750
ihren	ihr	PPOSAT	Duden	tu_116_xTok_001752
Kammeraden	Kamerad	NN	Duden	tu_116_xTok_001754
zu	zu	APPR	Duden	tu_116_xTok_001756
Himberg	Himberg	NE::top	oov	tu_116_xTok_001758
gewaltsammer	gewaltsam	ADJA	Duden	tu_116_xTok_001760
Weise	Weise	NN	Duden	tu_116_xTok_001762
wissentlich	wissentlich	ADJD	Duden	tu_116_xTok_001763
gestohlenen	stehlen	ADJA	Duden	tu_116_xTok_001765
Gut	Gut	NN	Duden	tu_116_xTok_001767
ihrer	ihr	PPOSAT	Duden	tu_116_xTok_001769
Angabe	Angabe	NN	Duden	tu_116_xTok_001771
gemäß	gemäß	APPO	Duden	tu_116_xTok_001773
Theil	teil	PTKVZ	Duden	tu_116_xTok_001775
genommen	teilnehmen	VVPP	Duden	tu_116_xTok_001777
<g/>
,
nicht	nicht	PTKNEG	Duden	tu_116_xTok_001779
minder	minder	ADV	Duden	tu_116_xTok_001781
</p>
<p id="fb_17790304_MichaelS_PhilippL__p_0012">
Zehentens	zehntens	ADV	Duden	tu_116_xTok_001782
erst gemeldte	erstgemeldet	ADJA		tu_116_xTok_001784
zween	zwei	CARD	Duden	tu_116_xTok_001788
Delinquenten	Delinquent	NN	Duden	tu_116_xTok_001790
<g/>
,
samt	samt	APPR	Duden	tu_116_xTok_001793
noch	noch	ADV	Duden	tu_116_xTok_001795
3	3	CARD		tu_116_xTok_001797
neuerdings	neuerdings	ADV	Duden	tu_116_xTok_001799
angeworbenen	anwerben	ADJA	Duden	tu_116_xTok_001802
Raubsgespännen	Raubgespan	NN	oov	tu_116_xTok_001804
den	d	ART	Duden	tu_116_xTok_001806
30.	30	ADJA		tu_116_xTok_001808
Julii	Juli	NN	Duden	tu_116_xTok_001810
besagten	besagt	ADJA	Duden	tu_116_xTok_001812
Jahrs	Jahr	NN	Duden	tu_116_xTok_001814
nächtlicher Weile	nächtlicherweile	ADV		tu_116_xTok_001815
hinter	hinter	APPR	Duden	tu_116_xTok_001819
Minkendorf	Minkendorf	NE::top	oov	tu_116_xTok_001821
auf	auf	APPR	Duden	tu_116_xTok_001823
den	d	ART	Duden	tu_116_xTok_001825
Ebreichstorfer	Ebreichsdorfer	ADJA	oov	tu_116_xTok_001827
Dam	Damm	NN	Duden	tu_116_xTok_001829
einen	ein	ART	Duden	tu_116_xTok_001831
mit	mit	APPR	Duden	tu_116_xTok_001834
2	2	CARD		tu_116_xTok_001836
Pferden	Pferd	NN	Duden	tu_116_xTok_001838
bespannten	bespannen	ADJA	Duden	tu_116_xTok_001840
Flechtenwagen	Flechtenwagen	NN	oov	tu_116_xTok_001842
aufgehalten	aufhalten	VVPP	Duden	tu_116_xTok_001844
<g/>
,
einen	ein	ART	Duden	tu_116_xTok_001847
Juden	Jude	NN	Duden	tu_116_xTok_001849
<g/>
,
und	und	KON	Duden	tu_116_xTok_001851
einen	ein	ART	Duden	tu_116_xTok_001853
Handwerkspursch	Handwerksbursche	NN	Duden	tu_116_xTok_001855
<g/>
,
so	so	PRELS	Duden	tu_116_xTok_001858
darauf	darauf	PAV	Duden	tu_116_xTok_001860
gesessen	sitzen	VVPP	Duden	tu_116_xTok_001862
<g/>
,
unter	unter	APPR	Duden	tu_116_xTok_001865
mit	mit	APPR	Duden	tu_116_xTok_001867
einer	ein	ART	Duden	tu_116_xTok_001869
Flinte	Flinte	NN	Duden	tu_116_xTok_001871
gemacht	machen	ADJA	Duden	tu_116_xTok_001874
todesgefährlichen	todesgefährlich	ADJA	DWB	tu_116_xTok_001876
Drohungen	Drohung	NN	Duden	tu_116_xTok_001878
ihres	ihr	PPOSAT	Duden	tu_116_xTok_001880
Geldes	Geld	NN	Duden	tu_116_xTok_001882
<g/>
,
und	und	KON	Duden	tu_116_xTok_001885
ihrer	ihr	PPOSAT	Duden	tu_116_xTok_001887
Haabschaft	Habschaft	NN	Duden	tu_116_xTok_001888
beraubet	berauben	VVPP	Duden	tu_116_xTok_001890
<g/>
,
und	und	KON	Duden	tu_116_xTok_001893
andurch	andurch	ADV	DWB	tu_116_xTok_001895
einen	ein	ART	Duden	tu_116_xTok_001897
beschwornen	beschwören	ADJA	Duden	tu_116_xTok_001899
Schaden	Schaden	NN	Duden	tu_116_xTok_001901
von	von	APPR	Duden	tu_116_xTok_001903
51	51	CARD		tu_116_xTok_001904
fl.	Flore	NN	DWB	tu_116_xTok_001906
30	30	CARD		tu_116_xTok_001909
kr.	Kreuzer	NN	Duden	tu_116_xTok_001911
verursachet	verursachen	VVPP	Duden	tu_116_xTok_001914
<g/>
.
Weiters	weiters	ADV	Duden	tu_116_xTok_001917
hat	haben	VAFIN	Duden	tu_116_xTok_001919
</p>
<p id="fb_17790304_MichaelS_PhilippL__p_0013">
Eilftens	elftens	ADV	Duden	tu_116_xTok_001920
der	d	ART	Duden	tu_116_xTok_001922
Michael	Michael	NE	Duden	tu_116_xTok_001924
S.	S.	NE	oov	tu_116_xTok_001926
und	und	KON	Duden	tu_116_xTok_001929
Philipp	Philipp	NE	Duden	tu_116_xTok_001931
L.	L.	NE	oov	tu_116_xTok_001933
in	in	APPR	Duden	tu_116_xTok_001936
Vergesellschaftung	Vergesellschaftung	NN	Duden	tu_116_xTok_001938
zweyer	zwei	CARD	Duden	tu_116_xTok_001939
Pursche	Bursche	NN	Duden	tu_116_xTok_001941
von	von	APPR	Duden	tu_116_xTok_001943
vorberührter	vorberühren	ADJA	DWB	tu_116_xTok_001945
Räuberbande	Räuberbande	NN	Duden	tu_116_xTok_001947
zwey	zwei	CARD	Duden	tu_116_xTok_001949
den	d	ART	Duden	tu_116_xTok_001951
4.	4	ADJA		tu_116_xTok_001953
August	August	NN	Duden	tu_116_xTok_001955
darauf	darauf	PAV	Duden	tu_116_xTok_001956
zu	zu	APPR	Duden	tu_116_xTok_001958
Katzelstorf	Katzelsdorf	NE::top	oov	tu_116_xTok_001960
gestohlene	stehlen	ADJA	Duden	tu_116_xTok_001962
Schaafe	Schaf	NN	Duden	tu_116_xTok_001964
verzehret	verzehren	VVPP	Duden	tu_116_xTok_001966
<g/>
.
Dann	dann	ADV	Duden	tu_116_xTok_001969
</p>
<p id="fb_17790304_MichaelS_PhilippL__p_0014">
Zwölftens	zwölftens	ADV	Duden	tu_116_xTok_001970
<g/>
,
samt	samt	APPR	Duden	tu_116_xTok_001973
zwey	zwei	CARD	Duden	tu_116_xTok_001975
anderen	andere	ADJA	Duden	tu_116_xTok_001977
Kerln	Kerl	NN	Duden	tu_116_xTok_001979
von	von	APPR	Duden	tu_116_xTok_001981
7.	7	ADJA		tu_116_xTok_001983
auf	auf	APPR	Duden	tu_116_xTok_001986
den	d	ART	Duden	tu_116_xTok_001988
8.	8	ADJA		tu_116_xTok_001990
August	August	NN	Duden	tu_116_xTok_001993
zu	zu	APPR	Duden	tu_116_xTok_001994
Laxenburg	Laxenburg	NE::top	oov	tu_116_xTok_001996
eine	ein	ART	Duden	tu_116_xTok_001998
Eisgrube	Eisgrube	NN	DWB	tu_116_xTok_002000
gewaltthätiger	gewalttätig	ADJA	Duden	tu_116_xTok_002002
Weise	Weise	NN	Duden	tu_116_xTok_002004
erbrochen	erbrechen	VVPP	Duden	tu_116_xTok_002006
<g/>
,
und	und	KON	Duden	tu_116_xTok_002009
daraus	daraus	PAV	Duden	tu_116_xTok_002011
Butter	Butter	NN	Duden	tu_116_xTok_002014
<g/>
,
Fleisch	Fleisch	NN	Duden	tu_116_xTok_002017
und	und	KON	Duden	tu_116_xTok_002019
Wein	Wein	NN	Duden	tu_116_xTok_002021
entwendet	entwenden	VVPP	Duden	tu_116_xTok_002023
<g/>
.
Ferners	ferner	ADV	Duden	tu_116_xTok_002026
wurde	werden	VAFIN	Duden	tu_116_xTok_002028
</p>
<p id="fb_17790304_MichaelS_PhilippL__p_0015">
Dreyzehntens	dreizehntens	ADV	DWB	tu_116_xTok_002029
von	von	APPR	Duden	tu_116_xTok_002031
ihm	er	PPER	Duden	tu_116_xTok_002033
Michael	Michael	NE	Duden	tu_116_xTok_002035
S.	S.	NE	oov	tu_116_xTok_002037
Philipp	Philipp	NE	Duden	tu_116_xTok_002040
L.	L.	NE	oov	tu_116_xTok_002042
und	und	KON	Duden	tu_116_xTok_002045
Martin	Martin	NE	Duden	tu_116_xTok_002047
P.	P.	NE	oov	tu_116_xTok_002049
in	in	APPR	Duden	tu_116_xTok_002051
Vergesellschaftung	Vergesellschaftung	NN	Duden	tu_116_xTok_002053
noch	noch	ADV	Duden	tu_116_xTok_002055
4	4	CARD		tu_116_xTok_002057
Raubsgespäne	Raubgespan	NN	oov	tu_116_xTok_002059
den	d	ART	Duden	tu_116_xTok_002061
11.	11	ADJA		tu_116_xTok_002063
besagten	besagt	ADJA	Duden	tu_116_xTok_002065
Monats	Monat	NN	Duden	tu_116_xTok_002067
zur	zur	APPRART	Duden	tu_116_xTok_002068
Nachtszeit	Nachtzeit	NN	Duden	tu_116_xTok_002070
auf	auf	APPR	Duden	tu_116_xTok_002072
der	d	ART	Duden	tu_116_xTok_002074
Strasse	Straße	NN	Duden	tu_116_xTok_002076
bey	bei	APPR	Duden	tu_116_xTok_002078
Stamersdorf	Stammersdorf	NE::top	oov	tu_116_xTok_002080
ein	ein	ART	Duden	tu_116_xTok_002082
Kalesch	Kalesche	NN	Duden	tu_116_xTok_002084
in	in	APPR	Duden	tu_116_xTok_002086
einer	ein	ART	Duden	tu_116_xTok_002088
rauberischen	räuberisch	ADJA	Duden	tu_116_xTok_002089
Absicht	Absicht	NN	Duden	tu_116_xTok_002091
unter	unter	APPR	Duden	tu_116_xTok_002093
unzählig	unzählig	ADJA	Duden	tu_116_xTok_002095
mit	mit	APPR	Duden	tu_116_xTok_002097
ihren	ihr	PPOSAT	Duden	tu_116_xTok_002099
zu	zu	APPR	Duden	tu_116_xTok_002101
diesem	diese	PDAT	Duden	tu_116_xTok_002103
Ende	Ende	NN	Duden	tu_116_xTok_002105
im	im	APPRART	Duden	tu_116_xTok_002107
dortigen	dortig	ADJA	Duden	tu_116_xTok_002109
Wald	Wald	NN	Duden	tu_116_xTok_002112
vorher	vorher	ADV	Duden	tu_116_xTok_002114
abgeschnittenen	abschneiden	ADJA	Duden	tu_116_xTok_002116
Stöcken	Stock	NN	Duden	tu_116_xTok_002118
auf	auf	APPR	Duden	tu_116_xTok_002120
dem	d	ART	Duden	tu_116_xTok_002122
Fuhrknecht	Fuhrknecht	NN	DWB	tu_116_xTok_002124
sowohl	sowohl	KON	Duden	tu_116_xTok_002126
<g/>
,
als	als	KON	Duden	tu_116_xTok_002130
auch	auch	ADV	Duden	tu_116_xTok_002132
die	d	ART	Duden	tu_116_xTok_002134
darin	darin	PAV	Duden	tu_116_xTok_002136
gewesenen	sein	ADJA	Duden	tu_116_xTok_002138
zwey	zwei	CARD	Duden	tu_116_xTok_002140
Mannspersonen	Mannsperson	NN	Duden	tu_116_xTok_002142
angebrachten	anbringen	ADJA	Duden	tu_116_xTok_002144
heftigen	heftig	ADJA	Duden	tu_116_xTok_002147
Schlägen	Schlag	NN	Duden	tu_116_xTok_002149
angehalten	anhalten	VVPP	Duden	tu_116_xTok_002151
<g/>
,
an	an	APPR	Duden	tu_116_xTok_002154
welch	welch	PRELAT	Duden	tu_116_xTok_002156
ihren	ihr	PPOSAT	Duden	tu_116_xTok_002158
Vorhaben	Vorhaben	NN	Duden	tu_116_xTok_002160
aber	aber	ADV	Duden	tu_116_xTok_002162
sie	sie	PPER	Duden	tu_116_xTok_002164
durch	durch	APPR	Duden	tu_116_xTok_002165
den	d	ART	Duden	tu_116_xTok_002167
geleisteten	leisten	ADJA	Duden	tu_116_xTok_002169
Widerstand	Widerstand	NN	Duden	tu_116_xTok_002171
verhindert	verhindern	VVPP	Duden	tu_116_xTok_002173
worden	werden	VAPP	Duden	tu_116_xTok_002175
sind	sein	VAFIN	Duden	tu_116_xTok_002177
<g/>
.
Und	und	KON	Duden	tu_116_xTok_002180
endlich	endlich	ADV	Duden	tu_116_xTok_002182
</p>
<p id="fb_17790304_MichaelS_PhilippL__p_0016">
Vierzehntens	vierzehntens	ADV	oov	tu_116_xTok_002183
hat	haben	VAFIN	Duden	tu_116_xTok_002185
der	d	ART	Duden	tu_116_xTok_002187
Philipp	Philipp	NE	Duden	tu_116_xTok_002189
L.	L.	NE	oov	tu_116_xTok_002191
und	und	KON	Duden	tu_116_xTok_002194
Martin	Martin	NE	Duden	tu_116_xTok_002196
P.	P.	NE	oov	tu_116_xTok_002198
mit	mit	APPR	Duden	tu_116_xTok_002201
zweyen	zwei	CARD	Duden	tu_116_xTok_002203
bisher	bisher	ADV	Duden	tu_116_xTok_002204
zur	zur	APPRART	Duden	tu_116_xTok_002206
gerichtlichen	gerichtlich	ADJA	Duden	tu_116_xTok_002208
Bestrafung	Bestrafung	NN	Duden	tu_116_xTok_002210
gezogenen	ziehen	ADJA	Duden	tu_116_xTok_002212
Diebsgespänen	Diebsgespan	NN	DRW	tu_116_xTok_002214
den	d	ART	Duden	tu_116_xTok_002216
16.	16	ADJA		tu_116_xTok_002218
darauf	darauf	PAV	Duden	tu_116_xTok_002219
1776.	1776	CARD		tu_116_xTok_002221
zu	zu	APPR	Duden	tu_116_xTok_002223
Ebersdorf	Ebersdorf	NE::top	oov	tu_116_xTok_002225
nächst	nächst	APPR	Duden	tu_116_xTok_002227
Ulrichskirchen	Ulrichskirchen	NE::top	oov	tu_116_xTok_002229
bey	bei	APPR	Duden	tu_116_xTok_002231
einem	ein	ART	Duden	tu_116_xTok_002233
Wirth	Wirt	NN	Duden	tu_116_xTok_002235
mittels	mittels	APPR	Duden	tu_116_xTok_002236
gewaltsamer	gewaltsam	ADJA	Duden	tu_116_xTok_002238
Erbrechung	Erbrechung	NN	DWB	tu_116_xTok_002240
des	d	ART	Duden	tu_116_xTok_002242
Backofens	Backofen	NN	Duden	tu_116_xTok_002244
<g/>
,
und	und	KON	Duden	tu_116_xTok_002247
Hineinschliefung	Hineinschliefung	NN	oov	tu_116_xTok_002249
durch	durch	APPR	Duden	tu_116_xTok_002252
selben	selbe	PDS	Duden	tu_116_xTok_002254
einen	ein	ART	Duden	tu_116_xTok_002256
Gelddiebstahl	Gelddiebstahl	NN	DRW	tu_116_xTok_002258
beschwornermassen	beschworenermaßen	ADV	oov	tu_116_xTok_002260
von	von	APPR	Duden	tu_116_xTok_002262
65	65	CARD		tu_116_xTok_002264
fl.	Flore	NN	DWB	tu_116_xTok_002266
15	15	CARD		tu_116_xTok_002269
kr.	Kreuzer	NN	Duden	tu_116_xTok_002270
auf	auf	APPR	Duden	tu_116_xTok_002273
höchst	höchst	ADV	Duden	tu_116_xTok_002275
vermessene	vermessen	ADJA	Duden	tu_116_xTok_002277
Art	Art	NN	Duden	tu_116_xTok_002279
unternommen	unternehmen	VVPP	Duden	tu_116_xTok_002281
<g/>
.
</p>
<p id="fb_17790304_MichaelS_PhilippL__p_0017">
Obschon	obschon	KOUS	Duden	tu_116_xTok_002283
nun	nun	ADV	Duden	tu_116_xTok_002285
der	d	ART	Duden	tu_116_xTok_002287
den	d	ART	Duden	tu_116_xTok_002289
dießfälligen	diesfällig	ADJA	Duden	tu_116_xTok_002291
Partheyen	Partei	NN	Duden	tu_116_xTok_002293
durch	durch	APPR	Duden	tu_116_xTok_002295
diese	diese	PDAT	Duden	tu_116_xTok_002297
von	von	APPR	Duden	tu_116_xTok_002299
ihnen	sie	PPER	Duden	tu_116_xTok_002301
Delinquenten	Delinquent	NN	Duden	tu_116_xTok_002304
sowohl	sowohl	KON	Duden	tu_116_xTok_002306
selbst	selbst	ADV	Duden	tu_116_xTok_002308
geständige	geständig	ADJA	Duden	tu_116_xTok_002310
als	als	KON	Duden	tu_116_xTok_002312
auch	auch	ADV	Duden	tu_116_xTok_002314
rechtlich	rechtlich	ADJD	Duden	tu_116_xTok_002316
erhobene	erheben	ADJA	Duden	tu_116_xTok_002318
Strassenraubereyen	Straßenräuberei	NN	DWB	tu_116_xTok_002319
und	und	KON	Duden	tu_116_xTok_002321
Diebstähle	Diebstahl	NN	Duden	tu_116_xTok_002323
zugefügte	zufügen	ADJA	Duden	tu_116_xTok_002325
Schaden	Schaden	NN	Duden	tu_116_xTok_002327
zusammen	zusammen	ADV	Duden	tu_116_xTok_002329
von	von	APPR	Duden	tu_116_xTok_002331
371	371	CARD		tu_116_xTok_002332
fl.	Flore	NN	DWB	tu_116_xTok_002334
10	10	CARD		tu_116_xTok_002337
kr.	Kreuzer	NN	Duden	tu_116_xTok_002339
theils	teils	ADV	Duden	tu_116_xTok_002342
durch	durch	APPR	Duden	tu_116_xTok_002344
die	d	ART	Duden	tu_116_xTok_002346
beschehene	beschehen	ADJA	DWB	tu_116_xTok_002348
Vergütung	Vergütung	NN	Duden	tu_116_xTok_002350
<g/>
,
Theils	teils	ADV	Duden	tu_116_xTok_002353
freywillige	freiwillig	ADJA	Duden	tu_116_xTok_002355
Nachsicht	Nachsicht	NN	Duden	tu_116_xTok_002358
der	d	ART	Duden	tu_116_xTok_002360
beschädigten	beschädigt	ADJ-NN	Duden	tu_116_xTok_002362
in	in	APPR	Duden	tu_116_xTok_002364
etwas	etwas	ADV	Duden	tu_116_xTok_002366
vermindert	vermindern	VVPP	Duden	tu_116_xTok_002368
worden	werden	VAPP	Duden	tu_116_xTok_002370
<g/>
,
so	so	ADV	Duden	tu_116_xTok_002373
verbleibt	verbleiben	VVFIN	Duden	tu_116_xTok_002375
doch	doch	ADV	Duden	tu_116_xTok_002378
aus	aus	APPR	Duden	tu_116_xTok_002380
diesen	diese	PDAT	Duden	tu_116_xTok_002382
Verbrechen	Verbrechen	NN	Duden	tu_116_xTok_002384
noch	noch	ADV	Duden	tu_116_xTok_002386
ein	ein	ART	Duden	tu_116_xTok_002388
Schadens=Ruckstand	Schadensrückstand	NN	oov	tu_116_xTok_002390
von	von	APPR	Duden	tu_116_xTok_002392
265	265	CARD		tu_116_xTok_002393
fl.	Flore	NN	DWB	tu_116_xTok_002395
31	31	CARD		tu_116_xTok_002398
kr.	Kreuzer	NN	Duden	tu_116_xTok_002400
</p>
<head>
Jnhalt	Inhalt	NN	Duden	tu_116_xTok_002402
ihres	ihr	PPOSAT	Duden	tu_116_xTok_002404
Urtheils	Urteil	NN	Duden	tu_116_xTok_002406
<g/>
.
</head>
<p id="fb_17790304_MichaelS_PhilippL__p_0018">
Dieser	diese	PDAT	Duden	tu_116_xTok_002408
Michael	Michael	NE	Duden	tu_116_xTok_002410
S.	S.	NE	oov	tu_116_xTok_002412
Philipp	Philipp	NE	Duden	tu_116_xTok_002415
L.	L.	NE	oov	tu_116_xTok_002417
Martin	Martin	NE	Duden	tu_116_xTok_002420
P.	P.	NE	oov	tu_116_xTok_002422
und	und	KON	Duden	tu_116_xTok_002425
Stephan	Stephan	NE	Duden	tu_116_xTok_002427
K.	K.	NE	oov	tu_116_xTok_002429
sollen	sollen	VMFIN	Duden	tu_116_xTok_002431
vor	vor	APPR	Duden	tu_116_xTok_002433
das	d	ART	Duden	tu_116_xTok_002435
alhiesige	allhiesig	ADJA	DWB	tu_116_xTok_002437
Schottenthor	Schottentor	NE::top	oov	tu_116_xTok_002439
auf	auf	APPR	Duden	tu_116_xTok_002441
die	d	ART	Duden	tu_116_xTok_002443
gewöhnliche	gewöhnlich	ADJA	Duden	tu_116_xTok_002445
Richtstatt	Richtstatt	NN	DWB	tu_116_xTok_002446
geführet	führen	VVPP	Duden	tu_116_xTok_002448
<g/>
,
alda	allda	ADV	Duden	tu_116_xTok_002451
mit	mit	APPR	Duden	tu_116_xTok_002453
dem	d	ART	Duden	tu_116_xTok_002455
Schwerdt	Schwert	NN	Duden	tu_116_xTok_002457
vom	vom	APPRART	Duden	tu_116_xTok_002459
Leben	Leben	NN	Duden	tu_116_xTok_002461
zum	zum	APPRART	Duden	tu_116_xTok_002462
Tod	Tod	NN	Duden	tu_116_xTok_002464
hingerichtet	hinrichten	VVPP	Duden	tu_116_xTok_002466
<g/>
,
sodann	sodann	ADV	Duden	tu_116_xTok_002469
ihre	ihr	PPOSAT	Duden	tu_116_xTok_002471
Körper	Körper	NN	Duden	tu_116_xTok_002473
auf	auf	APPR	Duden	tu_116_xTok_002475
die	d	ART	Duden	tu_116_xTok_002477
Räder	Rad	NN	Duden	tu_116_xTok_002479
gelegt	legen	VVPP	Duden	tu_116_xTok_002480
<g/>
,
die	d	ART	Duden	tu_116_xTok_002483
Köpfe	Kopf	NN	Duden	tu_116_xTok_002485
auf	auf	APPR	Duden	tu_116_xTok_002487
die	d	ART	Duden	tu_116_xTok_002489
Pfähle	Pfahl	NN	Duden	tu_116_xTok_002491
gestecket	stecken	VVPP	Duden	tu_116_xTok_002493
<g/>
,
und	und	KON	Duden	tu_116_xTok_002496
hierüber	hierüber	PAV	Duden	tu_116_xTok_002498
ein	ein	ART	Duden	tu_116_xTok_002500
Galgen	Galgen	NN	Duden	tu_116_xTok_002501
mit	mit	APPR	Duden	tu_116_xTok_002503
herabhangenden	herabhängen	ADJA	Duden	tu_116_xTok_002505
Stricke	Strick	NN	Duden	tu_116_xTok_002507
aufgerichtet	aufrichten	VVPP	Duden	tu_116_xTok_002509
werden	werden	VAINF	Duden	tu_116_xTok_002511
<g/>
.
</p>
Dieses	diese	PDS	Duden	tu_116_xTok_002513
ihnen	sie	PPER	Duden	tu_116_xTok_002515
zur	zur	APPRART	Duden	tu_116_xTok_002517
wohlverdienten	wohlverdient	ADJA	Duden	tu_116_xTok_002519
Strafe	Strafe	NN	Duden	tu_116_xTok_002521
<g/>
,
andern	ander	PIS	Duden	tu_116_xTok_002524
aber	aber	ADV	Duden	tu_116_xTok_002526
ihres gleichen	ihresgleichen	PIS		tu_116_xTok_002528
<g/>
,
zum	zum	APPRART	Duden	tu_116_xTok_002532
erspieglenden	erspiegeln	ADJA	DWB	tu_116_xTok_002534
Abscheu	Abscheu	NN	Duden	tu_116_xTok_002536
<g/>
.
Gott	Gott	NN	Duden	tu_116_xTok_002538
sey	sein	VAIMP	Duden	tu_116_xTok_002540
ihren	ihr	PPOSAT	Duden	tu_116_xTok_002542
armen	arm	ADJA	Duden	tu_116_xTok_002544
Seelen	Seele	NN	Duden	tu_116_xTok_002546
gnädig	gnädig	ADJD	Duden	tu_116_xTok_002548
und	und	KON	Duden	tu_116_xTok_002550
barmherzig	barmherzig	ADJD	Duden	tu_116_xTok_002552
<g/>
.
</doc>
