<doc id="fb_17730422_LeopoldK_JosephR" delinquent_sexes="male" title="Todesurteil Leopold K., Joseph R." attrs="word lemma pos vocab id">
<head>
Jnhalt	Inhalt	NN	Duden	tu_101_xTok_000176
ihres	ihr	PPOSAT	Duden	tu_101_xTok_000178
Verbrechens	Verbrechen	NN	Duden	tu_101_xTok_000180
<g/>
.
</head>
<p id="fb_17730422_LeopoldK_JosephR_p_0001">
Diese	diese	PDAT	Duden	tu_101_xTok_000182
Delinquenten	Delinquent	NN	Duden	tu_101_xTok_000185
sind	sein	VAFIN	Duden	tu_101_xTok_000187
vorhin	vorhin	ADV	Duden	tu_101_xTok_000189
zu	zu	APPR	Duden	tu_101_xTok_000191
Wullersdorf	Wullersdorf	NE::top	oov	tu_101_xTok_000193
<g/>
,
einem	ein	ART	Duden	tu_101_xTok_000196
in	in	APPR	Duden	tu_101_xTok_000198
dem	d	ART	Duden	tu_101_xTok_000200
V. U. M. B.	ViertelunterManhartsberg	NE::top		tu_101_xTok_000201
liegenden	liegen	ADJA	Duden	tu_101_xTok_000213
Orte	Ort	NN	Duden	tu_101_xTok_000215
<g/>
,
als	als	KOKOM	Duden	tu_101_xTok_000218
Bauernknechte	Bauernknecht	NN	Duden	tu_101_xTok_000220
in	in	APPR	Duden	tu_101_xTok_000222
Diensten	Dienst	NN	Duden	tu_101_xTok_000224
gestanden	stehen	VVPP	Duden	tu_101_xTok_000225
<g/>
,
aus	aus	APPR	Duden	tu_101_xTok_000228
solchen	solch	PIS	Duden	tu_101_xTok_000230
aber	aber	ADV	Duden	tu_101_xTok_000232
den	d	ART	Duden	tu_101_xTok_000234
7.	7	ADJA		tu_101_xTok_000236
Februarii	Februar	NN	Duden	tu_101_xTok_000238
<g/>
,
als	als	KOKOM	Duden	tu_101_xTok_000241
am	am	APPRART	Duden	tu_101_xTok_000243
Sonntage	Sonntag	NN	Duden	tu_101_xTok_000245
nach	nach	APPR	Duden	tu_101_xTok_000246
Lichtmeßen	Lichtmess	NN	Duden	tu_101_xTok_000248
dieses	diese	PDAT	Duden	tu_101_xTok_000250
Jahres	Jahr	NN	Duden	tu_101_xTok_000252
<g/>
,
zugleich	zugleich	ADV	Duden	tu_101_xTok_000255
ausgetreten	austreten	VVPP	Duden	tu_101_xTok_000257
<g/>
,
und	und	KON	Duden	tu_101_xTok_000260
den	d	ART	Duden	tu_101_xTok_000262
16.	16	ADJA		tu_101_xTok_000264
darauf	darauf	PAV	Duden	tu_101_xTok_000265
<g/>
,
ihrem	ihr	PPOSAT	Duden	tu_101_xTok_000268
Vorgeben	Vorgeben	NN	Duden	tu_101_xTok_000270
nach	nach	APPO	Duden	tu_101_xTok_000272
<g/>
,
in	in	APPR	Duden	tu_101_xTok_000275
der	d	ART	Duden	tu_101_xTok_000277
Absicht	Absicht	NN	Duden	tu_101_xTok_000279
allhier	allhier	ADV	Duden	tu_101_xTok_000281
Haus=	Hausknechtsdienst	TRUNC	DRW	tu_101_xTok_000283
oder	oder	KON	Duden	tu_101_xTok_000285
Fuhrknechtsdienste	Fuhrknechtdienst	NN	oov	tu_101_xTok_000286
zu	zu	PTKZU	Duden	tu_101_xTok_000288
suchen	suchen	VVINF	Duden	tu_101_xTok_000290
<g/>
,
von	von	APPR	Duden	tu_101_xTok_000293
dannen	dannen	ADV	Duden	tu_101_xTok_000295
abgegangen	abgehen	VVPP	Duden	tu_101_xTok_000297
<g/>
,
wo	wo	PWAV	Duden	tu_101_xTok_000300
sohin	sohin	ADV	Duden	tu_101_xTok_000302
sie	sie	PPER	Duden	tu_101_xTok_000303
jedoch	jedoch	ADV	Duden	tu_101_xTok_000305
eben	eben	ADV	Duden	tu_101_xTok_000307
auf	auf	APPR	Duden	tu_101_xTok_000309
ihrer	ihr	PPOSAT	Duden	tu_101_xTok_000311
diesfälligen	diesfällig	ADJA	Duden	tu_101_xTok_000313
Hierherreise	Hierherreise	NN	oov	tu_101_xTok_000315
den	d	ART	Duden	tu_101_xTok_000317
Entschluß	Entschluss	NN	Duden	tu_101_xTok_000319
gefasset	fassen	VVPP	Duden	tu_101_xTok_000321
haben	haben	VAFIN	Duden	tu_101_xTok_000324
<g/>
,
dem	d	ART	Duden	tu_101_xTok_000327
Pfarrer	Pfarrer	NN	Duden	tu_101_xTok_000329
zu	zu	APPR	Duden	tu_101_xTok_000331
Träßkirchen	Traiskirchen	NE::top	oov	tu_101_xTok_000333
<g/>
,
bey	bei	APPR	Duden	tu_101_xTok_000336
welchem	welch	PRELS	Duden	tu_101_xTok_000338
der	d	ART	Duden	tu_101_xTok_000340
Leopold	Leopold	NE	Duden	tu_101_xTok_000342
K.	K.	NE	oov	tu_101_xTok_000345
im	im	APPRART	Duden	tu_101_xTok_000348
1770sten	1770	ADJA		tu_101_xTok_000350
Jahre	Jahr	NN	Duden	tu_101_xTok_000353
<g/>
,
von	von	APPR	Duden	tu_101_xTok_000356
Lichtmeßen	Lichtmess	NN	Duden	tu_101_xTok_000358
bis	bis	APPR	Duden	tu_101_xTok_000360
nach	nach	APPR	Duden	tu_101_xTok_000362
Pfingsten	Pfingsten	NN	Duden	tu_101_xTok_000364
<g/>
,
als	als	KOKOM	Duden	tu_101_xTok_000366
Hausknecht	Hausknecht	NN	Duden	tu_101_xTok_000368
gedienet	dienen	VVPP	Duden	tu_101_xTok_000370
<g/>
,
und	und	KON	Duden	tu_101_xTok_000373
andurch	andurch	ADV	DWB	tu_101_xTok_000375
von	von	APPR	Duden	tu_101_xTok_000377
der	d	ART	Duden	tu_101_xTok_000379
ganzen	ganz	ADJA	Duden	tu_101_xTok_000381
Beschaffenheit	Beschaffenheit	NN	Duden	tu_101_xTok_000383
des	d	ART	Duden	tu_101_xTok_000386
dasigen	dasig	ADJA	Duden	tu_101_xTok_000388
Pfarrhofes	Pfarrhof	NN	Duden	tu_101_xTok_000390
eine	ein	ART	Duden	tu_101_xTok_000392
vollkommene	vollkommen	ADJA	Duden	tu_101_xTok_000394
Känntniß	Kenntnis	NN	Duden	tu_101_xTok_000396
gehabt	haben	VAPP	Duden	tu_101_xTok_000398
hat	haben	VAFIN	Duden	tu_101_xTok_000400
<g/>
,
nächtlicher Weile	nächtlicherweile	ADV		tu_101_xTok_000402
sein	sein	PPOSAT	Duden	tu_101_xTok_000406
Geld	Geld	NN	Duden	tu_101_xTok_000408
abzurauben	abrauben	VVIZU	DWB	tu_101_xTok_000410
<g/>
.
</p>
<p id="fb_17730422_LeopoldK_JosephR_p_0002">
Jn	in	APPR	Duden	tu_101_xTok_000412
Folge	Folge	NN	Duden	tu_101_xTok_000414
dieser	diese	PDAT	Duden	tu_101_xTok_000416
ihrer	ihr	PPOSAT	Duden	tu_101_xTok_000418
rauberischen	räuberisch	ADJA	Duden	tu_101_xTok_000420
Gesinnung	Gesinnung	NN	Duden	tu_101_xTok_000422
haben	haben	VAFIN	Duden	tu_101_xTok_000424
sie	sie	PPER	Duden	tu_101_xTok_000426
nach	nach	APPR	Duden	tu_101_xTok_000428
ihrer	ihr	PPOSAT	Duden	tu_101_xTok_000429
den	d	ART	Duden	tu_101_xTok_000431
18.	18	ADJA		tu_101_xTok_000433
erstgemeldten	erstgemeldet	ADJA	oov	tu_101_xTok_000435
Monats	Monat	NN	Duden	tu_101_xTok_000437
erfolgten	erfolgen	ADJA	Duden	tu_101_xTok_000439
Hierherkunft	Hierherkunft	NN	oov	tu_101_xTok_000441
<g/>
,
in	in	APPR	Duden	tu_101_xTok_000444
der	d	ART	Duden	tu_101_xTok_000445
Leopoldstadt	Leopoldstadt	NE::top	oov	tu_101_xTok_000447
<g/>
,
in	in	APPR	Duden	tu_101_xTok_000450
einem	ein	ART	Duden	tu_101_xTok_000452
sichern	sicher	ADJA	DWB	tu_101_xTok_000454
Wirtshaus	Wirtshaus	NN	Duden	tu_101_xTok_000456
<g/>
,
ein	ein	ART	Duden	tu_101_xTok_000459
kleines	klein	ADJA	Duden	tu_101_xTok_000461
Mittagmal	Mittagmahl	NN	Duden	tu_101_xTok_000463
eingenommen	einnehmen	VVPP	Duden	tu_101_xTok_000466
<g/>
,
und	und	KON	Duden	tu_101_xTok_000469
sich	sich	PRF	Duden	tu_101_xTok_000471
gleich	gleich	ADV	Duden	tu_101_xTok_000473
darauf	darauf	PAV	Duden	tu_101_xTok_000475
durch	durch	APPR	Duden	tu_101_xTok_000477
die	d	ART	Duden	tu_101_xTok_000479
Stadt	Stadt	NN	Duden	tu_101_xTok_000481
auf	auf	APPR	Duden	tu_101_xTok_000483
die	d	ART	Duden	tu_101_xTok_000484
Wieden	Wieden	NE::top	oov	tu_101_xTok_000486
hinaus	hinaus	PTKVZ	Duden	tu_101_xTok_000488
begeben	hinausbegeben	VVPP	Duden	tu_101_xTok_000490
<g/>
,
von	von	APPR	Duden	tu_101_xTok_000493
welcher	welch	PRELS	Duden	tu_101_xTok_000495
sie	sie	PPER	Duden	tu_101_xTok_000497
sodann	sodann	ADV	Duden	tu_101_xTok_000499
auf	auf	APPR	Duden	tu_101_xTok_000501
einen	ein	ART	Duden	tu_101_xTok_000503
angetroffenen	antreffen	ADJA	Duden	tu_101_xTok_000505
leeren	leer	ADJA	Duden	tu_101_xTok_000508
Mühlwagen	Mühlwagen	NN	DWB	tu_101_xTok_000510
bis	bis	APPR	Duden	tu_101_xTok_000512
an	an	APPR	Duden	tu_101_xTok_000514
die	d	ART	Duden	tu_101_xTok_000516
Wegscheide	Wegscheide	NN	Duden	tu_101_xTok_000518
der	d	ART	Duden	tu_101_xTok_000520
Baadnerstrasse	Badnerstraße	NE::top	oov	tu_101_xTok_000522
fortgefahren	fortfahren	VVPP	Duden	tu_101_xTok_000525
<g/>
,
von	von	APPR	Duden	tu_101_xTok_000528
da	da	ADV	Duden	tu_101_xTok_000530
aus	aus	APZR	Duden	tu_101_xTok_000532
aber	aber	ADV	Duden	tu_101_xTok_000534
zu	zu	APPR	Duden	tu_101_xTok_000536
Fuß	Fuß	NN	Duden	tu_101_xTok_000538
nacher	nacher	APPR	DWB	tu_101_xTok_000540
Träßkirchen	Traiskirchen	NE::top	oov	tu_101_xTok_000542
abgegangen	abgehen	VVPP	Duden	tu_101_xTok_000543
sind	sein	VAFIN	Duden	tu_101_xTok_000545
<g/>
.
</p>
<p id="fb_17730422_LeopoldK_JosephR_p_0003">
Als	als	KOUS	Duden	tu_101_xTok_000547
sie	sie	PPER	Duden	tu_101_xTok_000549
nun	nun	ADV	Duden	tu_101_xTok_000551
daselbst	daselbst	ADV	Duden	tu_101_xTok_000554
nach	nach	APPR	Duden	tu_101_xTok_000556
7	7	CARD		tu_101_xTok_000558
Uhr	Uhr	NN	Duden	tu_101_xTok_000560
Abends	abends	ADV	Duden	tu_101_xTok_000562
eingetroffen	eintreffen	VVPP	Duden	tu_101_xTok_000564
<g/>
,
und	und	KON	Duden	tu_101_xTok_000567
bis	bis	APPR	Duden	tu_101_xTok_000569
gegen	gegen	APPR	Duden	tu_101_xTok_000570
9.	9	CARD		tu_101_xTok_000572
Uhr	Uhr	NN	Duden	tu_101_xTok_000574
in	in	APPR	Duden	tu_101_xTok_000576
einem	ein	ART	Duden	tu_101_xTok_000578
dasigen	dasig	ADJA	Duden	tu_101_xTok_000580
Wirthshause	Wirthshaus	NN	Duden	tu_101_xTok_000582
verblieben	verbleiben	VVPP	Duden	tu_101_xTok_000584
<g/>
,
haben	haben	VAFIN	Duden	tu_101_xTok_000587
sie	sie	PPER	Duden	tu_101_xTok_000589
sich	sich	PRF	Duden	tu_101_xTok_000590
darüberhin	darüberhin	ADV	oov	tu_101_xTok_000592
rückwärts	rückwärts	ADV	Duden	tu_101_xTok_000594
des	d	ART	Duden	tu_101_xTok_000596
Pfarrhofes	Pfarrhof	NN	Duden	tu_101_xTok_000598
<g/>
,
vor	vor	APPR	Duden	tu_101_xTok_000601
einem	ein	ART	Duden	tu_101_xTok_000603
Hause	Haus	NN	Duden	tu_101_xTok_000605
<g/>
,
von	von	APPR	Duden	tu_101_xTok_000608
welchem	welch	PRELS	Duden	tu_101_xTok_000610
man	man	PIS	Duden	tu_101_xTok_000613
gerad	gerade	ADV	Duden	tu_101_xTok_000615
auf	auf	APPR	Duden	tu_101_xTok_000617
die	d	ART	Duden	tu_101_xTok_000619
Fenster	Fenster	NN	Duden	tu_101_xTok_000621
des	d	ART	Duden	tu_101_xTok_000623
im	im	APPRART	Duden	tu_101_xTok_000625
ersten	erste	ADJA	Duden	tu_101_xTok_000627
Stock	Stock	NN	Duden	tu_101_xTok_000629
befindlichen	befindlich	ADJA	Duden	tu_101_xTok_000631
Schlafzimmer	Schlafzimmer	NN	Duden	tu_101_xTok_000633
des	d	ART	Duden	tu_101_xTok_000636
Pfarrer	Pfarrer	NN	Duden	tu_101_xTok_000638
sehen	sehen	VVINF	Duden	tu_101_xTok_000640
kann	können	VMFIN	Duden	tu_101_xTok_000642
<g/>
,
auf	auf	APPR	Duden	tu_101_xTok_000645
die	d	ART	Duden	tu_101_xTok_000647
Erde	Erde	NN	Duden	tu_101_xTok_000649
niedergeleget	niederlegen	VVPP	Duden	tu_101_xTok_000651
<g/>
,
und	und	KON	Duden	tu_101_xTok_000654
allda	allda	ADV	Duden	tu_101_xTok_000656
bis	bis	APPR	Duden	tu_101_xTok_000657
nach	nach	APPR	Duden	tu_101_xTok_000659
Mitternacht	Mitternacht	NN	Duden	tu_101_xTok_000661
verweilet	verweilen	VVPP	Duden	tu_101_xTok_000663
<g/>
,
alsdann	alsdann	ADV	Duden	tu_101_xTok_000666
aber	aber	ADV	Duden	tu_101_xTok_000668
<g/>
,
weilen	weilen	KOUS	DWB	tu_101_xTok_000671
sie	sie	PPER	Duden	tu_101_xTok_000673
gemeldten	melden	ADJA	Duden	tu_101_xTok_000675
Pfarrer	Pfarrer	NN	Duden	tu_101_xTok_000677
<g/>
,
vermög	vermöge	APPR	Duden	tu_101_xTok_000681
des	d	ART	Duden	tu_101_xTok_000683
schon	schon	ADV	Duden	tu_101_xTok_000685
lang	lang	ADJD	Duden	tu_101_xTok_000687
vorher	vorher	ADV	Duden	tu_101_xTok_000689
in	in	APPR	Duden	tu_101_xTok_000691
das	d	ART	Duden	tu_101_xTok_000693
Schlafzimmer	Schlafzimmer	NN	Duden	tu_101_xTok_000695
gebrachten	bringen	ADJA	Duden	tu_101_xTok_000697
<g/>
,
und	und	KON	Duden	tu_101_xTok_000700
bald	bald	ADV	Duden	tu_101_xTok_000701
darauf	darauf	PAV	Duden	tu_101_xTok_000703
ausgelöschten	auslöschen	ADJA	Duden	tu_101_xTok_000705
Lichts	Licht	NN	Duden	tu_101_xTok_000707
bereits	bereits	ADV	Duden	tu_101_xTok_000709
wohl	wohl	ADV	Duden	tu_101_xTok_000711
zu	zu	PTKZU	Duden	tu_101_xTok_000713
schlaffen	schlafen	VVINF	Duden	tu_101_xTok_000715
vermuthet	vermuten	VVPP	Duden	tu_101_xTok_000717
<g/>
,
sich	sich	PRF	Duden	tu_101_xTok_000721
sogleich	sogleich	ADV	Duden	tu_101_xTok_000723
über	über	APPR	Duden	tu_101_xTok_000725
den	d	ART	Duden	tu_101_xTok_000727
rings	rings	ADV	Duden	tu_101_xTok_000729
um	um	APPR	Duden	tu_101_xTok_000731
den	d	ART	Duden	tu_101_xTok_000733
Pfarrhof	Pfarrhof	NN	Duden	tu_101_xTok_000735
befindlichen	befindlich	ADJA	Duden	tu_101_xTok_000737
<g/>
,
und	und	KON	Duden	tu_101_xTok_000740
dermalen	dermalen	ADV	Duden	tu_101_xTok_000741
zugefroren	zufrieren	ADJD	Duden	tu_101_xTok_000743
gewesten	sein	ADJA	Duden	tu_101_xTok_000745
Wassergraben	Wassergraben	NN	Duden	tu_101_xTok_000747
zu	zu	APPR	Duden	tu_101_xTok_000749
der	d	ART	Duden	tu_101_xTok_000751
Gartenmauer	Gartenmauer	NN	Duden	tu_101_xTok_000753
hinzubegeben	hinzubegeben	VVPP	oov	tu_101_xTok_000754
<g/>
,
welche	welch	PRELS	Duden	tu_101_xTok_000757
der	d	ART	Duden	tu_101_xTok_000759
von	von	APPR	Duden	tu_101_xTok_000761
dem	d	ART	Duden	tu_101_xTok_000763
Leopold	Leopold	NE	Duden	tu_101_xTok_000765
K.	K.	NE	oov	tu_101_xTok_000767
bey	bei	APPR	Duden	tu_101_xTok_000770
den	d	ART	Duden	tu_101_xTok_000772
Füssen	Fuß	NN	Duden	tu_101_xTok_000774
aufgehobene	aufheben	ADJA	Duden	tu_101_xTok_000776
Joseph	Joseph	NE	Duden	tu_101_xTok_000779
R.	R.	NE	oov	tu_101_xTok_000781
der	d	ART	Duden	tu_101_xTok_000784
erste	erste	ADJ-NN	Duden	tu_101_xTok_000786
überstiegen	übersteigen	VVPP	Duden	tu_101_xTok_000788
<g/>
,
und	und	KON	Duden	tu_101_xTok_000791
dieser	diese	PDS	Duden	tu_101_xTok_000793
sohin	sohin	ADV	Duden	tu_101_xTok_000795
auch	auch	ADV	Duden	tu_101_xTok_000797
ihne	er	PPER	Duden	tu_101_xTok_000799
Leopold	Leopold	NE	Duden	tu_101_xTok_000800
K.	K.	NE	oov	tu_101_xTok_000802
zu	zu	APPR	Duden	tu_101_xTok_000805
sich	sich	PRF	Duden	tu_101_xTok_000807
hinaufgezogen	hinaufziehen	VVPP	Duden	tu_101_xTok_000809
hat	haben	VAFIN	Duden	tu_101_xTok_000811
<g/>
,
wornach	wornach	PWAV	Duden	tu_101_xTok_000814
sie	sie	PPER	Duden	tu_101_xTok_000816
also	also	ADV	Duden	tu_101_xTok_000818
ihre	ihr	PPOSAT	Duden	tu_101_xTok_000820
ange habte habte	anhaben	ADJA	Duden	tu_101_xTok_000822
Repernecke	Repernecke	NN	oov	tu_101_xTok_000825
in	in	APPR	Duden	tu_101_xTok_000827
dem	d	ART	Duden	tu_101_xTok_000829
Garten	Garten	NN	Duden	tu_101_xTok_000831
abgeleget	ablegen	VVPP	Duden	tu_101_xTok_000833
<g/>
,
alsdann	alsdann	ADV	Duden	tu_101_xTok_000836
aber	aber	ADV	Duden	tu_101_xTok_000838
durch	durch	APPR	Duden	tu_101_xTok_000840
ein	ein	ART	Duden	tu_101_xTok_000842
von	von	APPR	Duden	tu_101_xTok_000843
dem	d	ART	Duden	tu_101_xTok_000845
Freythof	Friedhof	NN	Duden	tu_101_xTok_000847
dahin	dahin	PAV	Duden	tu_101_xTok_000849
herausgehend	herausgehen	ADJA	Duden	tu_101_xTok_000851
und	und	KON	Duden	tu_101_xTok_000853
nur	nur	ADV	Duden	tu_101_xTok_000855
außenher	außenher	ADV	DWB	tu_101_xTok_000857
mit	mit	APPR	Duden	tu_101_xTok_000859
einem	ein	ART	Duden	tu_101_xTok_000861
Einfallhägel	Einfallhaken	NN	DWB	tu_101_xTok_000864
zugemacht	zumachen	ADJA	Duden	tu_101_xTok_000866
erhöhtes	erhöhen	ADJA	Duden	tu_101_xTok_000868
Thürl	Tür	NN	Duden	tu_101_xTok_000870
mittels	mittels	APPR	Duden	tu_101_xTok_000872
des	d	ART	Duden	tu_101_xTok_000874
ohnehin	ohnehin	ADV	Duden	tu_101_xTok_000876
dabey	dabei	PAV	Duden	tu_101_xTok_000877
gelähnten	lehnen	ADJA	Duden	tu_101_xTok_000879
Laiterls	Leiter	NN	Duden	tu_101_xTok_000881
sich	sich	PRF	Duden	tu_101_xTok_000883
in	in	APPR	Duden	tu_101_xTok_000885
den	d	ART	Duden	tu_101_xTok_000887
Freythof	Friedhof	NN	Duden	tu_101_xTok_000889
verfüget	verfügen	VVPP	Duden	tu_101_xTok_000891
haben	haben	VAFIN	Duden	tu_101_xTok_000893
<g/>
,
in	in	APPR	Duden	tu_101_xTok_000896
welchem	welch	PRELS	Duden	tu_101_xTok_000898
sohin	sohin	ADV	Duden	tu_101_xTok_000901
der	d	ART	Duden	tu_101_xTok_000903
Leopold	Leopold	NE	Duden	tu_101_xTok_000905
K.	K.	NE	oov	tu_101_xTok_000907
mit	mit	APPR	Duden	tu_101_xTok_000910
Beyhilfe	Beihilfe	NN	Duden	tu_101_xTok_000912
des	d	ART	Duden	tu_101_xTok_000914
nemlichen	nämlich	ADJA	Duden	tu_101_xTok_000916
Laiterls	Leiter	NN	Duden	tu_101_xTok_000918
durch	durch	APPR	Duden	tu_101_xTok_000920
eine	ein	ART	Duden	tu_101_xTok_000921
Dachfalle	Dachfalle	NN	oov	tu_101_xTok_000923
in	in	APPR	Duden	tu_101_xTok_000925
den	d	ART	Duden	tu_101_xTok_000927
Kühestall	Kuhstall	NN	Duden	tu_101_xTok_000929
geschloffen	schliefen	VVPP	Duden	tu_101_xTok_000931
<g/>
,
und	und	KON	Duden	tu_101_xTok_000934
durch	durch	APPR	Duden	tu_101_xTok_000936
solchen	solch	PIS	Duden	tu_101_xTok_000938
in	in	APPR	Duden	tu_101_xTok_000940
den	d	ART	Duden	tu_101_xTok_000942
Pfarrhof	Pfarrhof	NN	Duden	tu_101_xTok_000943
gekommen	kommen	VVPP	Duden	tu_101_xTok_000945
<g/>
,
der	d	ART	Duden	tu_101_xTok_000948
Joseph	Joseph	NE	Duden	tu_101_xTok_000950
K.	K.	NE	oov	tu_101_xTok_000952
hingegen	hingegen	ADV	Duden	tu_101_xTok_000955
auf	auf	APPR	Duden	tu_101_xTok_000957
dessen	d	PDAT	Duden	tu_101_xTok_000959
Geheiß	Geheiß	NN	Duden	tu_101_xTok_000961
von	von	APPR	Duden	tu_101_xTok_000963
dem	d	ART	Duden	tu_101_xTok_000964
Freythof	Friedhof	NN	Duden	tu_101_xTok_000966
wiederumen	wiederum	ADV	Duden	tu_101_xTok_000968
in	in	APPR	Duden	tu_101_xTok_000970
den	d	ART	Duden	tu_101_xTok_000972
Garten	Garten	NN	Duden	tu_101_xTok_000974
herabgestiegen	herabsteigen	VVPP	Duden	tu_101_xTok_000976
<g/>
,
und	und	KON	Duden	tu_101_xTok_000979
von	von	APPR	Duden	tu_101_xTok_000981
ihme	er	PPER	Duden	tu_101_xTok_000982
Leopold	Leopold	NE	Duden	tu_101_xTok_000984
K.	K.	NE	oov	tu_101_xTok_000986
durch	durch	APPR	Duden	tu_101_xTok_000989
ein	ein	ART	Duden	tu_101_xTok_000991
anderes	andere	ADJA	Duden	tu_101_xTok_000993
demselben	derselbe	PDS	Duden	tu_101_xTok_000995
schon	schon	ADV	Duden	tu_101_xTok_000997
vorher	vorher	ADV	Duden	tu_101_xTok_000999
gezeigtes	zeigen	ADJA	Duden	tu_101_xTok_001001
Thürl	Tür	NN	Duden	tu_101_xTok_001002
<g/>
,
so	so	PRELS	Duden	tu_101_xTok_001005
gleichfalls	gleichfalls	ADV	Duden	tu_101_xTok_001007
nur	nur	ADV	Duden	tu_101_xTok_001009
innenher	innenher	ADV	oov	tu_101_xTok_001011
mit	mit	APPR	Duden	tu_101_xTok_001013
eisernem	eisern	ADJA	Duden	tu_101_xTok_001015
Schubriegel	Schubriegel	NN	DWB	tu_101_xTok_001017
verschlossen	verschließen	VVPP	Duden	tu_101_xTok_001019
war	sein	VAFIN	Duden	tu_101_xTok_001022
<g/>
,
in	in	APPR	Duden	tu_101_xTok_001025
dem	d	ART	Duden	tu_101_xTok_001027
Pfarrhof	Pfarrhof	NN	Duden	tu_101_xTok_001029
eingelassen	einlassen	VVPP	Duden	tu_101_xTok_001031
worden	werden	VAPP	Duden	tu_101_xTok_001033
ist	sein	VAFIN	Duden	tu_101_xTok_001035
<g/>
.
</p>
<p id="fb_17730422_LeopoldK_JosephR_p_0004">
Allda	allda	ADV	Duden	tu_101_xTok_001037
haben	haben	VAFIN	Duden	tu_101_xTok_001039
sie	sie	PPER	Duden	tu_101_xTok_001041
sowohl	sowohl	KON	Duden	tu_101_xTok_001043
selbstgeständig	selbstgeständig	ADJD	oov	tu_101_xTok_001045
<g/>
,
als	als	KON	Duden	tu_101_xTok_001048
auch	auch	ADV	Duden	tu_101_xTok_001050
rechtlich	rechtlich	ADJD	Duden	tu_101_xTok_001052
erhobenermassen	erhobenermaßen	ADV	oov	tu_101_xTok_001054
anfänglich	anfänglich	ADJD	Duden	tu_101_xTok_001057
zu	zu	APPR	Duden	tu_101_xTok_001059
ebener	eben	ADJA	Duden	tu_101_xTok_001061
Erde	Erde	NN	Duden	tu_101_xTok_001063
in	in	APPR	Duden	tu_101_xTok_001065
einem	ein	ART	Duden	tu_101_xTok_001067
ungesperrt	ungesperrt	ADJD	oov	tu_101_xTok_001069
gewesten	sein	ADJA	Duden	tu_101_xTok_001071
Zimmer	Zimmer	NN	Duden	tu_101_xTok_001072
<g/>
,
um	um	KOUI	Duden	tu_101_xTok_001075
stiller	still	ADJD	Duden	tu_101_xTok_001077
gehen	gehen	VVINF	Duden	tu_101_xTok_001079
zu	zu	PTKZU	Duden	tu_101_xTok_001081
können	können	VMINF	Duden	tu_101_xTok_001083
<g/>
,
ihre	ihr	PPOSAT	Duden	tu_101_xTok_001086
Stiefel	Stiefel	NN	Duden	tu_101_xTok_001088
abgezohen	abziehen	VVPP	Duden	tu_101_xTok_001090
<g/>
,
sohin	sohin	ADV	Duden	tu_101_xTok_001093
in	in	APPR	Duden	tu_101_xTok_001096
der	d	ART	Duden	tu_101_xTok_001098
Kuchel	Kuchel	NN	DWB	tu_101_xTok_001100
aus	aus	APPR	Duden	tu_101_xTok_001102
einer	ein	ART	Duden	tu_101_xTok_001104
Tischlade	Tischlade	NN	DWB	tu_101_xTok_001106
von	von	APPR	Duden	tu_101_xTok_001108
des	d	ART	Duden	tu_101_xTok_001110
Pfarrers	Pfarrer	NN	Duden	tu_101_xTok_001112
Eßzeug	Esszeug	NN	oov	tu_101_xTok_001114
3.	3	CARD		tu_101_xTok_001116
Silberlöfel	Silberlöffel	NN	Duden	tu_101_xTok_001117
<g/>
,
weiters	weiters	ADV	Duden	tu_101_xTok_001120
im	im	APPRART	Duden	tu_101_xTok_001122
ersten	erste	ADJA	Duden	tu_101_xTok_001124
Stock	Stock	NN	Duden	tu_101_xTok_001126
in	in	APPR	Duden	tu_101_xTok_001128
dessen	d	PDAT	Duden	tu_101_xTok_001130
ungesperrt	ungesperrt	ADJD	oov	tu_101_xTok_001132
gewesten	sein	ADJA	Duden	tu_101_xTok_001134
Tafelzimmer	Tafelzimmer	NN	DWB	tu_101_xTok_001135
aus	aus	APPR	Duden	tu_101_xTok_001137
der	d	ART	Duden	tu_101_xTok_001139
Schublad	Schublade	NN	Duden	tu_101_xTok_001141
eines	ein	ART	Duden	tu_101_xTok_001143
Gläserkastens	Gläserkasten	NN	oov	tu_101_xTok_001145
andere	andere	ADJA	Duden	tu_101_xTok_001147
2.	2	CARD		tu_101_xTok_001149
Silberlöfel	Silberlöffel	NN	Duden	tu_101_xTok_001151
nebst	nebst	APPR	Duden	tu_101_xTok_001154
einem	ein	ART	Duden	tu_101_xTok_001156
gespitzten	gespitzt	ADJA	DWB	tu_101_xTok_001158
Tischmesser	Tischmesser	NN	DWB	tu_101_xTok_001160
<g/>
,
nicht	nicht	PTKNEG	Duden	tu_101_xTok_001163
minder	minder	ADV	Duden	tu_101_xTok_001165
aus	aus	APPR	Duden	tu_101_xTok_001167
einem	ein	ART	Duden	tu_101_xTok_001169
hinter	hinter	APPR	Duden	tu_101_xTok_001170
des	d	ART	Duden	tu_101_xTok_001172
Pfarrers	Pfarrer	NN	Duden	tu_101_xTok_001174
Schlafzimmer	Schlafzimmer	NN	Duden	tu_101_xTok_001176
befindlich	befindlich	ADJA	Duden	tu_101_xTok_001178
ungesperrten	ungesperrt	ADJA	oov	tu_101_xTok_001180
Gängel	Gang	NN	Duden	tu_101_xTok_001182
<g/>
,
von	von	APPR	Duden	tu_101_xTok_001184
dessen	d	PDAT	Duden	tu_101_xTok_001186
allda	allda	ADV	Duden	tu_101_xTok_001188
an	an	APPR	Duden	tu_101_xTok_001190
der	d	ART	Duden	tu_101_xTok_001192
Mauer	Mauer	NN	Duden	tu_101_xTok_001194
gehangenen	hängen	ADJA	Duden	tu_101_xTok_001196
Schießgewehr	Schießgewehr	NN	Duden	tu_101_xTok_001198
2.	2	CARD		tu_101_xTok_001200
ungeladene	ungeladen	ADJA	Duden	tu_101_xTok_001202
Pistollen	Pistole	NN	Duden	tu_101_xTok_001205
hinweggenommen	hinwegnehmen	VVPP	DRW	tu_101_xTok_001207
<g/>
,
endlich	endlich	ADV	Duden	tu_101_xTok_001210
aber	aber	ADV	Duden	tu_101_xTok_001212
<g/>
,
um	um	KOUI	Duden	tu_101_xTok_001215
auch	auch	ADV	Duden	tu_101_xTok_001217
seines	sein	PPOSAT	Duden	tu_101_xTok_001219
Geldes	Geld	NN	Duden	tu_101_xTok_001220
habhaft	habhaft	ADJD	Duden	tu_101_xTok_001222
zu	zu	PTKZU	Duden	tu_101_xTok_001224
werden	werden	VAINF	Duden	tu_101_xTok_001226
<g/>
,
zu	zu	APPR	Duden	tu_101_xTok_001229
ihme	er	PPER	Duden	tu_101_xTok_001231
Pfarrer	Pfarrer	NN	Duden	tu_101_xTok_001233
in	in	APPR	Duden	tu_101_xTok_001235
das	d	ART	Duden	tu_101_xTok_001237
Schlafzimmer	Schlafzimmer	NN	Duden	tu_101_xTok_001239
sich	sich	PRF	Duden	tu_101_xTok_001240
verfüget	verfügen	VVPP	Duden	tu_101_xTok_001242
<g/>
,
allwo	allwo	PWAV	Duden	tu_101_xTok_001245
sie	sie	PPER	Duden	tu_101_xTok_001247
sodann	sodann	ADV	Duden	tu_101_xTok_001249
durch	durch	APPR	Duden	tu_101_xTok_001251
ihre	ihr	PPOSAT	Duden	tu_101_xTok_001253
Raubsucht	Raubsucht	NN	DWB	tu_101_xTok_001255
dahin	dahin	PAV	Duden	tu_101_xTok_001257
verleitet	verleiten	VVPP	Duden	tu_101_xTok_001259
worden	werden	VAPP	Duden	tu_101_xTok_001260
<g/>
,
daß	dass	KOUS	Duden	tu_101_xTok_001263
sie	sie	PPER	Duden	tu_101_xTok_001265
den	d	ART	Duden	tu_101_xTok_001267
auf	auf	APPR	Duden	tu_101_xTok_001269
zweymalig	zweimalig	ADJA	Duden	tu_101_xTok_001271
von	von	APPR	Duden	tu_101_xTok_001273
ihnen	sie	PPER	Duden	tu_101_xTok_001275
nie	nie	ADV	Duden	tu_101_xTok_001277
beantwortetes	beantworten	ADJA	Duden	tu_101_xTok_001279
Ruffen	rufen	VVINF-NN	Duden	tu_101_xTok_001280
aus	aus	APPR	Duden	tu_101_xTok_001282
dem	d	ART	Duden	tu_101_xTok_001284
Bett	Bett	NN	Duden	tu_101_xTok_001286
aufgestandenen	aufstehen	ADJA	Duden	tu_101_xTok_001288
<g/>
,
und	und	KON	Duden	tu_101_xTok_001291
nach	nach	APPR	Duden	tu_101_xTok_001293
angezogenen	anziehen	ADJA	Duden	tu_101_xTok_001295
Schlafrock	Schlafrock	NN	Duden	tu_101_xTok_001297
auf	auf	APPR	Duden	tu_101_xTok_001300
sie	sie	PPER	Duden	tu_101_xTok_001302
zugekommenen	zukommen	ADJA	Duden	tu_101_xTok_001304
Pfarrer	Pfarrer	NN	Duden	tu_101_xTok_001306
sogleich	sogleich	ADV	Duden	tu_101_xTok_001308
zur	zur	APPRART	Duden	tu_101_xTok_001310
Erde	Erde	NN	Duden	tu_101_xTok_001312
gebracht	bringen	VVPP	Duden	tu_101_xTok_001314
<g/>
,
und	und	KON	Duden	tu_101_xTok_001317
hierüber	hierüber	PAV	Duden	tu_101_xTok_001318
der	d	ART	Duden	tu_101_xTok_001320
Leopold	Leopold	NE	Duden	tu_101_xTok_001322
K.	K.	NE	oov	tu_101_xTok_001324
denselben	derselbe	PDS	Duden	tu_101_xTok_001327
mit	mit	APPR	Duden	tu_101_xTok_001329
beyden	beide	PIAT	Duden	tu_101_xTok_001331
Händen	Hand	NN	Duden	tu_101_xTok_001333
niedergehalten	niederhalten	VVPP	Duden	tu_101_xTok_001335
<g/>
,
der	d	ART	Duden	tu_101_xTok_001339
Joseph	Joseph	NE	Duden	tu_101_xTok_001341
R.	R.	NE	oov	tu_101_xTok_001343
hingegen	hingegen	ADV	Duden	tu_101_xTok_001346
ihne	er	PPER	Duden	tu_101_xTok_001348
Pfarrer	Pfarrer	NN	Duden	tu_101_xTok_001350
mit	mit	APPR	Duden	tu_101_xTok_001352
dem	d	ART	Duden	tu_101_xTok_001354
vorerwehnten	vorerwähnt	ADJA	Duden	tu_101_xTok_001356
Tischmesser	Tischmesser	NN	DWB	tu_101_xTok_001357
auf	auf	APPR	Duden	tu_101_xTok_001359
eine	ein	ART	Duden	tu_101_xTok_001361
so	so	ADV	Duden	tu_101_xTok_001363
unmenschliche	unmenschlich	ADJA	Duden	tu_101_xTok_001365
Weise	Weise	NN	Duden	tu_101_xTok_001367
ermordet	ermorden	VVPP	Duden	tu_101_xTok_001369
hat	haben	VAFIN	Duden	tu_101_xTok_001371
<g/>
,
daß	dass	KOUS	Duden	tu_101_xTok_001374
sohin	sohin	ADV	Duden	tu_101_xTok_001376
an	an	APPR	Duden	tu_101_xTok_001377
dessen	d	PDAT	Duden	tu_101_xTok_001379
todten	tot	ADJA	Duden	tu_101_xTok_001381
Körper	Körper	NN	Duden	tu_101_xTok_001383
bey	bei	APPR	Duden	tu_101_xTok_001385
vorgenommener	vornehmen	ADJA	Duden	tu_101_xTok_001387
gerichtlichen	gerichtlich	ADJA	Duden	tu_101_xTok_001389
Beschau	Beschau	NN	Duden	tu_101_xTok_001391
nicht	nicht	PTKNEG	Duden	tu_101_xTok_001392
nur	nur	ADV	Duden	tu_101_xTok_001394
allein	allein	ADV	Duden	tu_101_xTok_001396
an	an	APPR	Duden	tu_101_xTok_001398
dem	d	ART	Duden	tu_101_xTok_001400
Hals	Hals	NN	Duden	tu_101_xTok_001402
und	und	KON	Duden	tu_101_xTok_001404
Genick	Genick	NN	Duden	tu_101_xTok_001406
4.	4	CARD		tu_101_xTok_001408
gestochen	stechen	ADJA	Duden	tu_101_xTok_001410
tödtliche	tödlich	ADJA	Duden	tu_101_xTok_001412
<g/>
,
sondern	sondern	KON	Duden	tu_101_xTok_001414
auch	auch	ADV	Duden	tu_101_xTok_001416
in	in	APPR	Duden	tu_101_xTok_001418
dem	d	ART	Duden	tu_101_xTok_001420
Gesichte	Gesicht	NN	Duden	tu_101_xTok_001422
<g/>
,
und	und	KON	Duden	tu_101_xTok_001425
beyden	beide	PIAT	Duden	tu_101_xTok_001427
Händen	Hand	NN	Duden	tu_101_xTok_001429
5.	5	CARD		tu_101_xTok_001431
andere	andere	ADJA	Duden	tu_101_xTok_001433
geschnittene	schneiden	ADJA	Duden	tu_101_xTok_001435
Wunden	Wunde	NN	Duden	tu_101_xTok_001438
gefunden	finden	VVPP	Duden	tu_101_xTok_001440
worden	werden	VAPP	Duden	tu_101_xTok_001442
sind	sein	VAFIN	Duden	tu_101_xTok_001444
<g/>
.
</p>
<p id="fb_17730422_LeopoldK_JosephR_p_0005">
Nach	nach	APPR	Duden	tu_101_xTok_001446
dieser	diese	PDAT	Duden	tu_101_xTok_001448
abscheulichen	abscheulich	ADJA	Duden	tu_101_xTok_001450
Unternehmung	Unternehmung	NN	Duden	tu_101_xTok_001452
hat	haben	VAFIN	Duden	tu_101_xTok_001454
also	also	ADV	Duden	tu_101_xTok_001456
er	er	PPER	Duden	tu_101_xTok_001458
Leopold	Leopold	NE	Duden	tu_101_xTok_001460
K.	K.	NE	oov	tu_101_xTok_001462
unverzüglich	unverzüglich	ADJD	Duden	tu_101_xTok_001464
ein	ein	ART	Duden	tu_101_xTok_001466
von	von	APPR	Duden	tu_101_xTok_001468
des	d	ART	Duden	tu_101_xTok_001470
ermordeten	ermorden	ADJA	Duden	tu_101_xTok_001472
Pfarrers	Pfarrer	NN	Duden	tu_101_xTok_001474
Schreibtische	Schreibtisch	NN	Duden	tu_101_xTok_001476
hinweggenommenes	hinwegnehmen	ADJA	DRW	tu_101_xTok_001478
Wachslicht	Wachslicht	NN	Duden	tu_101_xTok_001481
in	in	APPR	Duden	tu_101_xTok_001483
dem	d	ART	Duden	tu_101_xTok_001485
Ofen	Ofen	NN	Duden	tu_101_xTok_001487
des	d	ART	Duden	tu_101_xTok_001489
Schlafzimmers	Schlafzimmer	NN	Duden	tu_101_xTok_001491
angezun den	anzünden	VVPP	Duden	tu_101_xTok_001493
<g/>
,
sodann	sodann	ADV	Duden	tu_101_xTok_001497
das	d	ART	Duden	tu_101_xTok_001499
in	in	APPR	Duden	tu_101_xTok_001501
dem	d	ART	Duden	tu_101_xTok_001503
daranstossenden	daranstoßend	ADJA	oov	tu_101_xTok_001505
Kabinetl	Kabinett	NN	Duden	tu_101_xTok_001507
befindliche	befindlich	ADJA	Duden	tu_101_xTok_001509
Geldkästel	Geldkasten	NN	DWB	tu_101_xTok_001511
desselben	derselbe	PDS	Duden	tu_101_xTok_001514
mit	mit	APPR	Duden	tu_101_xTok_001516
dem	d	ART	Duden	tu_101_xTok_001518
schon	schon	ADV	Duden	tu_101_xTok_001520
vorläufig	vorläufig	ADJD	Duden	tu_101_xTok_001522
nebst	nebst	APPR	Duden	tu_101_xTok_001524
einem	ein	ART	Duden	tu_101_xTok_001526
schwarz	schwarz	ADJA	Duden	tu_101_xTok_001528
ledernen	ledern	ADJA	Duden	tu_101_xTok_001530
Gesperrbeutel	Gesperrbeutel	NN	oov	tu_101_xTok_001533
in	in	APPR	Duden	tu_101_xTok_001535
des	d	ART	Duden	tu_101_xTok_001537
Pfarrers	Pfarrer	NN	Duden	tu_101_xTok_001539
Beinkleidern	Beinkleid	NN	Duden	tu_101_xTok_001541
gefundenen	finden	ADJA	Duden	tu_101_xTok_001543
Schlüssel	Schlüssel	NN	Duden	tu_101_xTok_001545
eröffnet	eröffnen	VVPP	Duden	tu_101_xTok_001548
<g/>
,
und	und	KON	Duden	tu_101_xTok_001551
das	d	ART	Duden	tu_101_xTok_001553
in	in	APPR	Duden	tu_101_xTok_001555
3.	3	CARD		tu_101_xTok_001557
Lädeln	Lade	NN	Duden	tu_101_xTok_001559
dieses	diese	PDAT	Duden	tu_101_xTok_001561
Kästels	Kasten	NN	Duden	tu_101_xTok_001563
verwahrt	verwahren	ADJD	Duden	tu_101_xTok_001565
geweste	sein	ADJA	Duden	tu_101_xTok_001567
Geld	Geld	NN	Duden	tu_101_xTok_001568
<g/>
,
so	so	PRELS	Duden	tu_101_xTok_001571
ihrer	ihr	PPOSAT	Duden	tu_101_xTok_001573
beederseitigen	beiderseitig	ADJA	Duden	tu_101_xTok_001575
Geständniß	Geständnis	NN	Duden	tu_101_xTok_001577
nach	nach	APPO	Duden	tu_101_xTok_001579
ungefähr	ungefähr	ADV	Duden	tu_101_xTok_001581
50.	50	CARD		tu_101_xTok_001583
fl.	Flore	NN	DWB	tu_101_xTok_001585
betragen	betragen	VVPP	Duden	tu_101_xTok_001588
haben	haben	VAINF	Duden	tu_101_xTok_001591
dürfte	dürfen	VMFIN	Duden	tu_101_xTok_001593
<g/>
,
nebst	nebst	APPR	Duden	tu_101_xTok_001596
einem	ein	ART	Duden	tu_101_xTok_001598
andern	andere	ADJA	Duden	tu_101_xTok_001600
gelbdratenen	gelbdrahten	ADJA	oov	tu_101_xTok_001602
Gesperrbeutel	Gesperrbeutel	NN	oov	tu_101_xTok_001604
heraus	heraus	PTKVZ	Duden	tu_101_xTok_001607
genommen	herausnehmen	VVPP	Duden	tu_101_xTok_001609
<g/>
,
hierauf	hierauf	PAV	Duden	tu_101_xTok_001612
aber	aber	ADV	Duden	tu_101_xTok_001614
beyde	beide	PIS	Duden	tu_101_xTok_001616
mit	mit	APPR	Duden	tu_101_xTok_001618
dem	d	ART	Duden	tu_101_xTok_001620
dießfällig	diesfällig	ADJD	Duden	tu_101_xTok_001622
geraubten	rauben	ADJA	Duden	tu_101_xTok_001624
Gut	Gut	NN	Duden	tu_101_xTok_001627
sich	sich	PRF	Duden	tu_101_xTok_001629
sogleich	sogleich	ADV	Duden	tu_101_xTok_001631
aus	aus	APPR	Duden	tu_101_xTok_001633
dem	d	ART	Duden	tu_101_xTok_001635
Pfarrhof	Pfarrhof	NN	Duden	tu_101_xTok_001637
hinweg	hinweg	ADV	Duden	tu_101_xTok_001639
<g/>
,
und	und	KON	Duden	tu_101_xTok_001642
über	über	APPR	Duden	tu_101_xTok_001644
den	d	ART	Duden	tu_101_xTok_001646
gefrornen	gefrieren	ADJA	Duden	tu_101_xTok_001647
Wassergraben	Wassergraben	NN	Duden	tu_101_xTok_001649
auf	auf	APPR	Duden	tu_101_xTok_001651
die	d	ART	Duden	tu_101_xTok_001653
Strasse	Straße	NN	Duden	tu_101_xTok_001655
heraus	heraus	ADV	Duden	tu_101_xTok_001657
begeben	begeben	VVPP	Duden	tu_101_xTok_001659
<g/>
,
auf	auf	APPR	Duden	tu_101_xTok_001662
welcher	welch	PRELS	Duden	tu_101_xTok_001664
sie	sie	PPER	Duden	tu_101_xTok_001667
alsdann	alsdann	ADV	Duden	tu_101_xTok_001669
ihren	ihr	PPOSAT	Duden	tu_101_xTok_001671
Weg	Weg	NN	Duden	tu_101_xTok_001673
wiederum	wiederum	ADV	Duden	tu_101_xTok_001675
hieher	hieher	PAV	Duden	tu_101_xTok_001677
nacher	nacher	APPR	DWB	tu_101_xTok_001679
Wien	Wien	NE::top	Duden	tu_101_xTok_001681
genommen	nehmen	VVPP	Duden	tu_101_xTok_001683
<g/>
,
und	und	KON	Duden	tu_101_xTok_001687
nach	nach	APPR	Duden	tu_101_xTok_001689
gemachter	machen	ADJA	Duden	tu_101_xTok_001691
Theilung	Teilung	NN	Duden	tu_101_xTok_001693
des	d	ART	Duden	tu_101_xTok_001695
geraubten	rauben	ADJA	Duden	tu_101_xTok_001697
Geldes	Geld	NN	Duden	tu_101_xTok_001699
noch	noch	ADV	Duden	tu_101_xTok_001701
an	an	APPR	Duden	tu_101_xTok_001703
dem	d	ART	Duden	tu_101_xTok_001704
nämlichen	nämlich	ADJA	Duden	tu_101_xTok_001706
Tage	Tag	NN	Duden	tu_101_xTok_001708
die	d	ART	Duden	tu_101_xTok_001710
Ruckreise	Rückreise	NN	Duden	tu_101_xTok_001712
nacher	nacher	APPR	DWB	tu_101_xTok_001714
Wullersdorf	Wullersdorf	NE::top	oov	tu_101_xTok_001716
angetreten	antreten	VVPP	Duden	tu_101_xTok_001718
haben	haben	VAFIN	Duden	tu_101_xTok_001719
<g/>
,
allwo	allwo	PWAV	Duden	tu_101_xTok_001722
sie	sie	PPER	Duden	tu_101_xTok_001724
jedoch	jedoch	ADV	Duden	tu_101_xTok_001726
erst	erst	ADV	Duden	tu_101_xTok_001728
am	am	APPRART	Duden	tu_101_xTok_001730
Faschingsmontage	Faschingsmontag	NN	oov	tu_101_xTok_001732
<g/>
,
indem	indem	KOUS	Duden	tu_101_xTok_001735
sie	sie	PPER	Duden	tu_101_xTok_001737
Sonntags	Sonntag	NN	Duden	tu_101_xTok_001738
vorher	vorher	ADV	Duden	tu_101_xTok_001740
zu	zu	APPR	Duden	tu_101_xTok_001742
Sirendorf	Sirendorf	NE::top	oov	tu_101_xTok_001744
in	in	APPR	Duden	tu_101_xTok_001746
einem	ein	ART	Duden	tu_101_xTok_001748
Weinhause	Weinhaus	NN	Duden	tu_101_xTok_001750
bey	bei	APPR	Duden	tu_101_xTok_001752
der	d	ART	Duden	tu_101_xTok_001754
Musik	Musik	NN	Duden	tu_101_xTok_001756
sich	sich	PRF	Duden	tu_101_xTok_001757
erlustiget	erlustigen	VVPP	Duden	tu_101_xTok_001759
<g/>
,
zur	zur	APPRART	Duden	tu_101_xTok_001762
Nachtszeit	Nachtzeit	NN	Duden	tu_101_xTok_001764
angekommen	ankommen	VVPP	Duden	tu_101_xTok_001766
<g/>
,
und	und	KON	Duden	tu_101_xTok_001769
den	d	ART	Duden	tu_101_xTok_001771
sechsten	sechste	ADJA	Duden	tu_101_xTok_001773
Tag	Tag	NN	Duden	tu_101_xTok_001775
darauf	darauf	PAV	Duden	tu_101_xTok_001776
<g/>
,
nachdeme	nachdem	KOUS	Duden	tu_101_xTok_001779
sie	sie	PPER	Duden	tu_101_xTok_001781
ehedessen	ehedessen	ADV	DWB	tu_101_xTok_001783
zu	zu	APPR	Duden	tu_101_xTok_001785
Hart	Harth	NE::top	oov	tu_101_xTok_001787
die	d	ART	Duden	tu_101_xTok_001789
geraubten	rauben	ADJA	Duden	tu_101_xTok_001791
5.	5	CARD		tu_101_xTok_001793
Silberlöfel	Silberlöffel	NN	Duden	tu_101_xTok_001795
<g/>
,
einem	ein	ART	Duden	tu_101_xTok_001799
mährischen	mährisch	ADJA	Duden	tu_101_xTok_001801
Geyjuden	Gäujude	NN	oov	tu_101_xTok_001803
für	für	APPR	Duden	tu_101_xTok_001805
9.	9	CARD		tu_101_xTok_001807
Gulden	Gulden	NN	Duden	tu_101_xTok_001809
<g/>
,
annebens	anneben	ADV	DWB	tu_101_xTok_001812
der	d	ART	Duden	tu_101_xTok_001814
Joseph	Joseph	NE	Duden	tu_101_xTok_001815
R.	R.	NE	oov	tu_101_xTok_001817
den	d	ART	Duden	tu_101_xTok_001820
sich	sich	PRF	Duden	tu_101_xTok_001822
zugeeignet	zueignen	ADJA	Duden	tu_101_xTok_001824
gelbdratenen	gelbdrahten	ADJA	oov	tu_101_xTok_001826
Gesperrbeutel	Gesperrbeutel	NN	oov	tu_101_xTok_001828
einer	ein	ART	Duden	tu_101_xTok_001830
von	von	APPR	Duden	tu_101_xTok_001832
Hezmansdorf	Hetzmannsdorf	NE::top	oov	tu_101_xTok_001833
gebürtig	gebürtig	ADJD	Duden	tu_101_xTok_001835
stummen	stumm	ADJA	Duden	tu_101_xTok_001837
Mannsperson	Mannsperson	NN	Duden	tu_101_xTok_001839
für	für	APPR	Duden	tu_101_xTok_001841
45.	45	CARD		tu_101_xTok_001843
Kreuzer	Kreuzer	NN	Duden	tu_101_xTok_001845
verkaufet	verkaufen	VVPP	Duden	tu_101_xTok_001847
<g/>
,
zu	zu	APPR	Duden	tu_101_xTok_001851
Haugsdorf	Haugsdorf	NE::top	oov	tu_101_xTok_001853
abermalen	abermals	ADV	Duden	tu_101_xTok_001855
bey	bei	APPR	Duden	tu_101_xTok_001857
sicheren	sicher	ADJA	DWB	tu_101_xTok_001859
Bauersleuten	Bauersleute	NN	Duden	tu_101_xTok_001861
<g/>
,
als	als	KOKOM	Duden	tu_101_xTok_001864
Knechte	Knecht	NN	Duden	tu_101_xTok_001865
in	in	APPR	Duden	tu_101_xTok_001867
Dienste	Dienst	NN	Duden	tu_101_xTok_001869
eingestanden	einstehen	VVPP	Duden	tu_101_xTok_001871
<g/>
,
sohin	sohin	ADV	Duden	tu_101_xTok_001874
aber	aber	ADV	Duden	tu_101_xTok_001876
eben	eben	ADV	Duden	tu_101_xTok_001878
daselbst	daselbst	ADV	Duden	tu_101_xTok_001880
gefänglich	gefänglich	ADJD	Duden	tu_101_xTok_001882
eingezogen	einziehen	VVPP	DWB	tu_101_xTok_001885
worden	werden	VAPP	Duden	tu_101_xTok_001887
sind	sein	VAFIN	Duden	tu_101_xTok_001889
<g/>
.
</p>
<head>
Jnhalt	Inhalt	NN	Duden	tu_101_xTok_001891
ihres	ihr	PPOSAT	Duden	tu_101_xTok_001893
Urtheils	Urteil	NN	Duden	tu_101_xTok_001895
<g/>
.
</head>
<p id="fb_17730422_LeopoldK_JosephR_p_0006">
Dieser	diese	PDAT	Duden	tu_101_xTok_001897
Leopold	Leopold	NE	Duden	tu_101_xTok_001899
K.	K.	NE	oov	tu_101_xTok_001901
und	und	KON	Duden	tu_101_xTok_001904
Joseph	Joseph	NE	Duden	tu_101_xTok_001906
R.	R.	NE	oov	tu_101_xTok_001908
sollen	sollen	VMFIN	Duden	tu_101_xTok_001911
auf	auf	APPR	Duden	tu_101_xTok_001913
dem	d	ART	Duden	tu_101_xTok_001915
hohen	hoch	ADJA	Duden	tu_101_xTok_001917
Wagen	Wagen	NN	Duden	tu_101_xTok_001918
gesetzet	setzen	VVPP	Duden	tu_101_xTok_001920
<g/>
,
auf	auf	APPR	Duden	tu_101_xTok_001923
diesem	diese	PDS	Duden	tu_101_xTok_001925
gleich	gleich	ADV	Duden	tu_101_xTok_001927
nach	nach	APPR	Duden	tu_101_xTok_001929
Ablesung	Ablesung	NN	Duden	tu_101_xTok_001931
ihres	ihr	PPOSAT	Duden	tu_101_xTok_001933
Urtheils	Urteil	NN	Duden	tu_101_xTok_001934
<g/>
,
mit	mit	APPR	Duden	tu_101_xTok_001937
einer	ein	ART	Duden	tu_101_xTok_001939
glüenden	glühend	ADJA	Duden	tu_101_xTok_001941
Zange	Zange	NN	Duden	tu_101_xTok_001943
an	an	APPR	Duden	tu_101_xTok_001945
ihrer	ihr	PPOSAT	Duden	tu_101_xTok_001947
rechten	rechte	ADJA	Duden	tu_101_xTok_001949
<g/>
,
und	und	KON	Duden	tu_101_xTok_001952
sohin	sohin	ADV	Duden	tu_101_xTok_001953
auf	auf	APPR	Duden	tu_101_xTok_001955
der	d	ART	Duden	tu_101_xTok_001957
so genannten	sogenannt	ADJA		tu_101_xTok_001959
Freyung	Freyung	NE::top	oov	tu_101_xTok_001963
an	an	APPR	Duden	tu_101_xTok_001965
ihrer	ihr	PPOSAT	Duden	tu_101_xTok_001967
linken	linke	ADJA	Duden	tu_101_xTok_001969
Brust	Brust	NN	Duden	tu_101_xTok_001971
gezwicket	zwicken	VVPP	Duden	tu_101_xTok_001972
<g/>
,
folgends	folgends	ADV	DWB	tu_101_xTok_001975
an	an	APPR	Duden	tu_101_xTok_001977
die	d	ART	Duden	tu_101_xTok_001979
gewöhnliche	gewöhnlich	ADJA	Duden	tu_101_xTok_001981
Richtstatt	Richtstatt	NN	DWB	tu_101_xTok_001983
geführet	führen	VVPP	Duden	tu_101_xTok_001985
<g/>
,
daselbst	daselbst	ADV	Duden	tu_101_xTok_001989
mit	mit	APPR	Duden	tu_101_xTok_001991
dem	d	ART	Duden	tu_101_xTok_001993
Rad	Rad	NN	Duden	tu_101_xTok_001995
von	von	APPR	Duden	tu_101_xTok_001997
oben	oben	ADV	Duden	tu_101_xTok_001999
herab	herab	ADV	Duden	tu_101_xTok_002001
zum	zum	APPRART	Duden	tu_101_xTok_002003
Tode	Tod	NN	Duden	tu_101_xTok_002005
hingerichtet	hinrichten	VVPP	Duden	tu_101_xTok_002007
<g/>
,
ihre	ihr	PPOSAT	Duden	tu_101_xTok_002011
Körper	Körper	NN	Duden	tu_101_xTok_002013
aber	aber	ADV	Duden	tu_101_xTok_002015
alsdann	alsdann	ADV	Duden	tu_101_xTok_002017
auf	auf	APPR	Duden	tu_101_xTok_002019
das	d	ART	Duden	tu_101_xTok_002021
Rad	Rad	NN	Duden	tu_101_xTok_002023
geflochten	flechten	VVPP	Duden	tu_101_xTok_002025
<g/>
,
und	und	KON	Duden	tu_101_xTok_002029
darüber	darüber	PAV	Duden	tu_101_xTok_002031
ein	ein	ART	Duden	tu_101_xTok_002033
Galgen	Galgen	NN	Duden	tu_101_xTok_002035
mit	mit	APPR	Duden	tu_101_xTok_002037
abhangenden	abhangen	ADJA	Duden	tu_101_xTok_002039
Strick	Strick	NN	Duden	tu_101_xTok_002041
aufgerichtet	aufrichten	VVPP	Duden	tu_101_xTok_002043
werden	werden	VAINF	Duden	tu_101_xTok_002046
<g/>
.
</p>
Dieses	diese	PDS	Duden	tu_101_xTok_002048
ihnen	sie	PPER	Duden	tu_101_xTok_002050
zur	zur	APPRART	Duden	tu_101_xTok_002052
wohlverdienten	wohlverdient	ADJA	Duden	tu_101_xTok_002054
Strafe	Strafe	NN	Duden	tu_101_xTok_002056
<g/>
,
andern	ander	PIS	Duden	tu_101_xTok_002059
aber	aber	ADV	Duden	tu_101_xTok_002061
ihres gleichen	ihresgleichen	PIS		tu_101_xTok_002063
zum	zum	APPRART	Duden	tu_101_xTok_002067
erspieglenden	erspiegeln	ADJA	DWB	tu_101_xTok_002069
Abscheuen	Abscheu	NN	Duden	tu_101_xTok_002072
<g/>
.
Gott	Gott	NN	Duden	tu_101_xTok_002074
sey	sein	VAIMP	Duden	tu_101_xTok_002076
ihrer	ihr	PPOSAT	Duden	tu_101_xTok_002078
armen	arm	ADJA	Duden	tu_101_xTok_002080
Seelen	Seele	NN	Duden	tu_101_xTok_002082
gnädig	gnädig	ADJD	Duden	tu_101_xTok_002084
und	und	KON	Duden	tu_101_xTok_002086
barmherzig	barmherzig	ADJD	Duden	tu_101_xTok_002088
<g/>
!
</doc>
