<doc id="fb_17750317_AdamG_LeonhardS_Ig" delinquent_sexes="male" title="Todesurteil Adam G., Leonhard S., Jgnaz A." attrs="word lemma pos vocab id">
<head>
Jnhalt	Inhalt	NN	Duden	tu_112_xTok_000197
ihrer	ihr	PPOSAT	Duden	tu_112_xTok_000199
Verbrechen	Verbrechen	NN	Duden	tu_112_xTok_000201
<g/>
:
</head>
<p id="fb_17750317_AdamG_LeonhardS_Ig_p_0001">
Der	d	ART	Duden	tu_112_xTok_000203
Adam	Adam	NE	Duden	tu_112_xTok_000206
G.	G.	NE	oov	tu_112_xTok_000208
hat	haben	VAFIN	Duden	tu_112_xTok_000211
zwar	zwar	ADV	Duden	tu_112_xTok_000213
in	in	APPR	Duden	tu_112_xTok_000215
seiner	sein	PPOSAT	Duden	tu_112_xTok_000217
Jugend	Jugend	NN	Duden	tu_112_xTok_000219
die	d	ART	Duden	tu_112_xTok_000221
Schuhmacherprofeßion	Schuhmacherprofession	NN	oov	tu_112_xTok_000223
ordentlich	ordentlich	ADJD	Duden	tu_112_xTok_000224
erlernet	erlernen	VVPP	Duden	tu_112_xTok_000226
<g/>
,
und	und	KON	Duden	tu_112_xTok_000229
nach	nach	APPR	Duden	tu_112_xTok_000231
seiner	sein	PPOSAT	Duden	tu_112_xTok_000233
Freysprechung	Freisprechung	NN	Duden	tu_112_xTok_000235
durch	durch	APPR	Duden	tu_112_xTok_000237
anderthalb	anderthalb	CARD	Duden	tu_112_xTok_000239
Jahre	Jahr	NN	Duden	tu_112_xTok_000242
bey	bei	APPR	Duden	tu_112_xTok_000244
verschiedenen	verschieden	ADJA	Duden	tu_112_xTok_000246
Meistern	Meister	NN	Duden	tu_112_xTok_000248
als	als	KOKOM	Duden	tu_112_xTok_000250
Lohnjunge	Lohnjunge	NN	DWB	tu_112_xTok_000252
gearbeitet	arbeiten	VVPP	Duden	tu_112_xTok_000254
<g/>
,
hierauf	hierauf	ADV	Duden	tu_112_xTok_000256
aber	aber	ADV	Duden	tu_112_xTok_000258
<g/>
,
da	da	KOUS	Duden	tu_112_xTok_000261
er	er	PPER	Duden	tu_112_xTok_000263
von	von	APPR	Duden	tu_112_xTok_000265
einigen	einige	PIS	Duden	tu_112_xTok_000267
derselben	derselbe	PDS	Duden	tu_112_xTok_000269
begangener	begehen	ADJA	Duden	tu_112_xTok_000271
Untreuheiten	Untreuheit	NN	DWB	tu_112_xTok_000273
halber	halber	APPO	Duden	tu_112_xTok_000275
aus	aus	APPR	Duden	tu_112_xTok_000276
der	d	ART	Duden	tu_112_xTok_000278
Arbeit	Arbeit	NN	Duden	tu_112_xTok_000280
geschaft	schaffen	VVPP	Duden	tu_112_xTok_000282
wurde	werden	VAFIN	Duden	tu_112_xTok_000284
<g/>
,
sich	sich	PRF	Duden	tu_112_xTok_000287
dem	d	ART	Duden	tu_112_xTok_000289
Müßiggehen	müßiggehen	VVINF-NN	Duden	tu_112_xTok_000291
<g/>
,
und	und	KON	Duden	tu_112_xTok_000294
Betteln	betteln	VVINF-NN	Duden	tu_112_xTok_000296
zu	zu	PTKZU	Duden	tu_112_xTok_000298
ergeben	ergeben	VVINF	Duden	tu_112_xTok_000300
angefangen	anfangen	VVPP	Duden	tu_112_xTok_000303
<g/>
,
weswegen	weswegen	PWAV	Duden	tu_112_xTok_000306
er	er	PPER	Duden	tu_112_xTok_000308
auch	auch	ADV	Duden	tu_112_xTok_000310
sowohl	sowohl	KON	Duden	tu_112_xTok_000312
zu	zu	APPR	Duden	tu_112_xTok_000314
Steyer	Steyr	NE::top	Duden	tu_112_xTok_000316
<g/>
,
als	als	KON	Duden	tu_112_xTok_000319
zu	zu	APPR	Duden	tu_112_xTok_000321
Linz	Linz	NE::top	Duden	tu_112_xTok_000323
gefänglich	gefänglich	ADJD	Duden	tu_112_xTok_000325
eingezogen	einziehen	VVPP	DWB	tu_112_xTok_000328
<g/>
,
und	und	KON	Duden	tu_112_xTok_000331
ersteres	erstere	ADJA	Duden	tu_112_xTok_000333
mal	Mal	NN	Duden	tu_112_xTok_000333b
nach	nach	APPR	Duden	tu_112_xTok_000335
vorläufiger	vorläufig	ADJA	Duden	tu_112_xTok_000337
Züchtigung	Züchtigung	NN	Duden	tu_112_xTok_000339
mit	mit	APPR	Duden	tu_112_xTok_000341
10.	10	CARD		tu_112_xTok_000342
Karbatschstreichen	Karbatschenstreich	NN	DWB	tu_112_xTok_000344
in	in	APPR	Duden	tu_112_xTok_000346
sein	sein	PPOSAT	Duden	tu_112_xTok_000348
Geburtsorte	Geburtsort	NN	Duden	tu_112_xTok_000350
<g/>
,
letzteres	letztere	ADJA	Duden	tu_112_xTok_000353
mal	Mal	NN	Duden	tu_112_xTok_000353b
hingegen	hingegen	ADV	Duden	tu_112_xTok_000355
<g/>
,
weil	weil	KOUS	Duden	tu_112_xTok_000358
er	er	PPER	Duden	tu_112_xTok_000359
aus	aus	APPR	Duden	tu_112_xTok_000361
Bayern	Bayern	NE::top	Duden	tu_112_xTok_000363
gebürtig	gebürtig	ADJD	Duden	tu_112_xTok_000365
zu	zu	PTKZU	Duden	tu_112_xTok_000367
seyn	sein	VAINF	Duden	tu_112_xTok_000369
vorgegeben	vorgeben	VVPP	Duden	tu_112_xTok_000371
<g/>
,
an	an	APPR	Duden	tu_112_xTok_000374
die	d	ART	Duden	tu_112_xTok_000376
bayerische	bayrisch	ADJA	Duden	tu_112_xTok_000378
Gränzen	Grenze	NN	Duden	tu_112_xTok_000380
abgeschoben	abschieben	VVPP	Duden	tu_112_xTok_000381
worden	werden	VAPP	Duden	tu_112_xTok_000383
ist	sein	VAFIN	Duden	tu_112_xTok_000385
<g/>
.
</p>
<p id="fb_17750317_AdamG_LeonhardS_Ig_p_0002">
Da	da	KOUS	Duden	tu_112_xTok_000387
er	er	PPER	Duden	tu_112_xTok_000389
nun	nun	ADV	Duden	tu_112_xTok_000391
dessen	d	PDS	Duden	tu_112_xTok_000393
unerachtet	unerachtet	APPO	Duden	tu_112_xTok_000395
neuerdings	neuerdings	ADV	Duden	tu_112_xTok_000397
dem	d	ART	Duden	tu_112_xTok_000399
Betteln	betteln	VVINF-NN	Duden	tu_112_xTok_000401
nachgezogen	nachziehen	VVPP	Duden	tu_112_xTok_000403
<g/>
,
hat	haben	VAFIN	Duden	tu_112_xTok_000405
er	er	PPER	Duden	tu_112_xTok_000407
sich	sich	PRF	Duden	tu_112_xTok_000409
gegen	gegen	APPR	Duden	tu_112_xTok_000411
Ende	Ende	NN	Duden	tu_112_xTok_000413
des	d	ART	Duden	tu_112_xTok_000415
Märzmonats	Märzmonat	NN	DWB	tu_112_xTok_000417
1772.	1772	CARD		tu_112_xTok_000419
eben	eben	ADV	Duden	tu_112_xTok_000421
wiederum	wiederum	ADV	Duden	tu_112_xTok_000423
zu	zu	APPR	Duden	tu_112_xTok_000425
Linz	Linz	NE::top	Duden	tu_112_xTok_000427
dem	d	ART	Duden	tu_112_xTok_000428
Leonhard	Leonhard	NE	Duden	tu_112_xTok_000430
S.	S.	NE	oov	tu_112_xTok_000432
einem	ein	ART	Duden	tu_112_xTok_000435
erlernten	erlernen	ADJA	Duden	tu_112_xTok_000437
Nagelschmidt	Nagelschmied	NN	DWB	tu_112_xTok_000439
<g/>
,
und	und	KON	Duden	tu_112_xTok_000442
dem	d	ART	Duden	tu_112_xTok_000444
Jgnatz	Ignaz	NE	Duden	tu_112_xTok_000446
A.	A.	NE	oov	tu_112_xTok_000448
einem	ein	ART	Duden	tu_112_xTok_000450
angeblich=	angeblich	ADJA	Duden	tu_112_xTok_000452
vormaligen	vormalig	ADJA	Duden	tu_112_xTok_000454
Landkramer	Landkrämer	NN	DWB	tu_112_xTok_000456
<g/>
,
als	als	KOKOM	Duden	tu_112_xTok_000459
zween	zwei	CARD	Duden	tu_112_xTok_000461
gleichfalls	gleichfalls	ADV	Duden	tu_112_xTok_000463
schon	schon	ADV	Duden	tu_112_xTok_000465
durch	durch	APPR	Duden	tu_112_xTok_000466
eine	ein	ART	Duden	tu_112_xTok_000468
geraume	geraum	ADJA	Duden	tu_112_xTok_000470
Zeit	Zeit	NN	Duden	tu_112_xTok_000472
herumgestrichenen	herumstreichen	ADJA	Duden	tu_112_xTok_000474
Müßiggehern	Müßiggeher	NN	DRW	tu_112_xTok_000476
<g/>
,
und	und	KON	Duden	tu_112_xTok_000479
Bettlern	Bettler	NN	Duden	tu_112_xTok_000481
zugesellet	zugesellen	VVPP	Duden	tu_112_xTok_000482
<g/>
,
mit	mit	APPR	Duden	tu_112_xTok_000485
welchen	welch	PRELS	Duden	tu_112_xTok_000487
er	er	PPER	Duden	tu_112_xTok_000489
sohin	sohin	ADV	Duden	tu_112_xTok_000491
in	in	APPR	Duden	tu_112_xTok_000493
Unterösterreich	Unterösterreich	NE::top	oov	tu_112_xTok_000495
herausgegangen	herausgehen	VVPP	Duden	tu_112_xTok_000497
<g/>
,
und	und	KON	Duden	tu_112_xTok_000500
den	d	ART	Duden	tu_112_xTok_000501
10.	10	ADJA		tu_112_xTok_000503
April	April	NN	Duden	tu_112_xTok_000505
besagten	besagt	ADJA	Duden	tu_112_xTok_000507
Jahres	Jahr	NN	Duden	tu_112_xTok_000509
zu	zu	APPR	Duden	tu_112_xTok_000511
Stetteldorf	Stetteldorf	NE::top	oov	tu_112_xTok_000513
zu	zu	APPR	Duden	tu_112_xTok_000515
einen	ein	ART	Duden	tu_112_xTok_000517
anderen	andere	ADJA	Duden	tu_112_xTok_000519
dergleichen	dergleichen	PIAT	Duden	tu_112_xTok_000521
liederlichen	liederlich	ADJA	Duden	tu_112_xTok_000524
Burschen	Bursche	NN	Duden	tu_112_xTok_000526
gestossen	stoßen	VVPP	Duden	tu_112_xTok_000528
ist	sein	VAFIN	Duden	tu_112_xTok_000530
<g/>
,
in	in	APPR	Duden	tu_112_xTok_000533
dessen	d	PRELAT	Duden	tu_112_xTok_000535
Vergesellschaftung	Vergesellschaftung	NN	Duden	tu_112_xTok_000537
sie	sie	PPER	Duden	tu_112_xTok_000539
drey	drei	CARD	Duden	tu_112_xTok_000540
noch	noch	ADV	Duden	tu_112_xTok_000542
an	an	APPR	Duden	tu_112_xTok_000544
nämlichen	nämlich	ADJA	Duden	tu_112_xTok_000546
Tage	Tag	NN	Duden	tu_112_xTok_000548
den	d	ART	Duden	tu_112_xTok_000550
ohnweit	unweit	APPR	Duden	tu_112_xTok_000552
davon	davon	PAV	Duden	tu_112_xTok_000554
auf	auf	APPR	Duden	tu_112_xTok_000556
dem	d	ART	Duden	tu_112_xTok_000558
sogenannten	sogenannt	ADJA	Duden	tu_112_xTok_000560
Abtsberge	Abtsberg	NE::top	oov	tu_112_xTok_000561
befindlichen	befindlich	ADJA	Duden	tu_112_xTok_000563
und	und	KON	Duden	tu_112_xTok_000565
diesem	diese	PDAT	Duden	tu_112_xTok_000567
letzteren	letztere	ADJA	Duden	tu_112_xTok_000569
schon	schon	ADV	Duden	tu_112_xTok_000571
vorhin	vorhin	ADV	Duden	tu_112_xTok_000573
bekannt	bekannt	ADJD	Duden	tu_112_xTok_000575
gewesten	sein	ADJA	Duden	tu_112_xTok_000577
Einsiedler	Einsiedler	NN	Duden	tu_112_xTok_000578
auszurauben	ausrauben	VVIZU	Duden	tu_112_xTok_000580
sich	sich	PRF	Duden	tu_112_xTok_000582
verabredet	verabreden	VVPP	Duden	tu_112_xTok_000584
haben	haben	VAFIN	Duden	tu_112_xTok_000586
<g/>
.
</p>
<p id="fb_17750317_AdamG_LeonhardS_Ig_p_0003">
Jn	in	APPR	Duden	tu_112_xTok_000588
Folge	Folge	NN	Duden	tu_112_xTok_000590
sothaner	sothan	ADJA	DWB	tu_112_xTok_000592
Verabredung	Verabredung	NN	Duden	tu_112_xTok_000594
haben	haben	VAFIN	Duden	tu_112_xTok_000596
sie	sie	PPER	Duden	tu_112_xTok_000598
also	also	ADV	Duden	tu_112_xTok_000600
zwischen	zwischen	APPR	Duden	tu_112_xTok_000602
7.	7	CARD		tu_112_xTok_000604
und	und	KON	Duden	tu_112_xTok_000606
8.	8	CARD		tu_112_xTok_000608
Uhr	Uhr	NN	Duden	tu_112_xTok_000609
Abends	abends	ADV	Duden	tu_112_xTok_000611
zu	zu	APPR	Duden	tu_112_xTok_000613
gemeldter	melden	ADJA	Duden	tu_112_xTok_000615
Einsiedlerey	Einsiedelei	NN	Duden	tu_112_xTok_000617
sich	sich	PRF	Duden	tu_112_xTok_000619
hinaufbegeben	hinaufbegeben	VVPP	Duden	tu_112_xTok_000621
<g/>
,
allwo	allwo	PWAV	Duden	tu_112_xTok_000624
der	d	ART	Duden	tu_112_xTok_000626
Jgnatz	Ignaz	NE	Duden	tu_112_xTok_000627
A.	A.	NE	oov	tu_112_xTok_000629
ausser	außer	APPR	Duden	tu_112_xTok_000632
der	d	ART	Duden	tu_112_xTok_000634
Gartenblanke	Gartenplanke	NN	DWB	tu_112_xTok_000636
verblieben	verbleiben	VVPP	Duden	tu_112_xTok_000638
<g/>
,
die	d	ART	Duden	tu_112_xTok_000641
übrige	übrig	ADJA	Duden	tu_112_xTok_000643
drey	drei	CARD	Duden	tu_112_xTok_000645
hingegen	hingegen	ADV	Duden	tu_112_xTok_000647
solche	solch	PIS	Duden	tu_112_xTok_000648
überstiegen	übersteigen	VVPP	Duden	tu_112_xTok_000650
<g/>
,
und	und	KON	Duden	tu_112_xTok_000653
zu	zu	APPR	Duden	tu_112_xTok_000655
der	d	ART	Duden	tu_112_xTok_000657
versperrt	versperren	ADJD	Duden	tu_112_xTok_000659
gewesten	sein	ADJA	Duden	tu_112_xTok_000661
Wohnungsthür	Wohnungstür	NN	Duden	tu_112_xTok_000664
des	d	ART	Duden	tu_112_xTok_000666
Einsiedler	Einsiedler	NN	Duden	tu_112_xTok_000668
sich	sich	PRF	Duden	tu_112_xTok_000671
gestellet	stellen	VVPP	Duden	tu_112_xTok_000673
haben	haben	VAFIN	Duden	tu_112_xTok_000675
<g/>
,
nach	nach	APPR	Duden	tu_112_xTok_000678
dessen	d	PRELS	Duden	tu_112_xTok_000680
Erfolge	Erfolg	NN	Duden	tu_112_xTok_000682
gemeldter	melden	ADJA	Duden	tu_112_xTok_000684
Jgnaz	Ignaz	NE	Duden	tu_112_xTok_000686
A.	A.	NE	oov	tu_112_xTok_000688
an	an	APPR	Duden	tu_112_xTok_000691
das	d	ART	Duden	tu_112_xTok_000692
Gartenthürl	Gartentür	NN	Duden	tu_112_xTok_000694
geklopfet	klopfen	VVPP	Duden	tu_112_xTok_000696
<g/>
,
und	und	KON	Duden	tu_112_xTok_000699
andurch	andurch	ADV	DWB	tu_112_xTok_000701
den	d	ART	Duden	tu_112_xTok_000703
mit	mit	APPR	Duden	tu_112_xTok_000705
Lesung	Lesung	NN	Duden	tu_112_xTok_000707
eines	ein	ART	Duden	tu_112_xTok_000709
geistlichen	geistlich	ADJA	Duden	tu_112_xTok_000711
Buchs	Buch	NN	Duden	tu_112_xTok_000712
beschäfftigt	beschäftigt	ADJD	Duden	tu_112_xTok_000714
gewesten	sein	ADJA	Duden	tu_112_xTok_000716
Einsiedler	Einsiedler	NN	Duden	tu_112_xTok_000718
auf	auf	APPR	Duden	tu_112_xTok_000720
die	d	ART	Duden	tu_112_xTok_000722
Meynung	Meinung	NN	Duden	tu_112_xTok_000724
<g/>
,
daß	dass	KOUS	Duden	tu_112_xTok_000727
<g/>
,
wie	wie	KOUS	Duden	tu_112_xTok_000730
vorhin	vorhin	ADV	Duden	tu_112_xTok_000732
öfter	öfter	ADV	Duden	tu_112_xTok_000735
beschehen	beschehen	VVPP	DWB	tu_112_xTok_000737
<g/>
,
ein	ein	ART	Duden	tu_112_xTok_000740
Reisender	Reisender	NN	Duden	tu_112_xTok_000742
um	um	APPR	Duden	tu_112_xTok_000744
den	d	ART	Duden	tu_112_xTok_000746
rechten	recht	ADJA	Duden	tu_112_xTok_000748
Wege	Weg	NN	Duden	tu_112_xTok_000750
fragen	fragen	VVINF	Duden	tu_112_xTok_000752
wolle	wollen	VMFIN	Duden	tu_112_xTok_000754
<g/>
,
gebracht	bringen	VVPP	Duden	tu_112_xTok_000756
<g/>
,
folglich	folglich	ADV	Duden	tu_112_xTok_000759
seine	sein	PPOSAT	Duden	tu_112_xTok_000761
Wohnungsthüre	Wohnungstür	NN	Duden	tu_112_xTok_000763
zu	zu	PTKZU	Duden	tu_112_xTok_000765
eröffnen	eröffnen	VVINF	Duden	tu_112_xTok_000767
veranlasset	veranlassen	VVPP	Duden	tu_112_xTok_000769
hat	haben	VAFIN	Duden	tu_112_xTok_000771
<g/>
,
worauf	worauf	PWAV	Duden	tu_112_xTok_000774
aber	aber	ADV	Duden	tu_112_xTok_000777
derselbe	derselbe	PDS	Duden	tu_112_xTok_000779
sogleich	sogleich	ADV	Duden	tu_112_xTok_000781
von	von	APPR	Duden	tu_112_xTok_000783
dem	d	ART	Duden	tu_112_xTok_000785
ausser	außer	APPR	Duden	tu_112_xTok_000787
solcher	solch	PIS	Duden	tu_112_xTok_000789
gestandenen	stehen	ADJA	Duden	tu_112_xTok_000791
beym	beim	APPRART	Duden	tu_112_xTok_000793
Halse	Hals	NN	Duden	tu_112_xTok_000795
angepacket	anpacken	VVPP	Duden	tu_112_xTok_000796
<g/>
,
und	und	KON	Duden	tu_112_xTok_000799
gewürget	würgen	VVPP	Duden	tu_112_xTok_000801
<g/>
,
dann	dann	ADV	Duden	tu_112_xTok_000804
mit	mit	APPR	Duden	tu_112_xTok_000806
gröster	groß	ADJA	Duden	tu_112_xTok_000808
Ungestüme	Ungestüm	NN	Duden	tu_112_xTok_000810
in	in	APPR	Duden	tu_112_xTok_000812
sein	sein	PPOSAT	Duden	tu_112_xTok_000814
Zimmer	Zimmer	NN	Duden	tu_112_xTok_000816
hineingeschleppet	hineinschleppen	VVPP	Duden	tu_112_xTok_000817
<g/>
,
und	und	KON	Duden	tu_112_xTok_000820
daselbst	daselbst	ADV	Duden	tu_112_xTok_000822
auf	auf	APPR	Duden	tu_112_xTok_000824
der	d	ART	Duden	tu_112_xTok_000826
Erde	Erde	NN	Duden	tu_112_xTok_000828
mit	mit	APPR	Duden	tu_112_xTok_000830
einigen	einige	PIAT	Duden	tu_112_xTok_000832
theils	teils	ADV	Duden	tu_112_xTok_000834
von	von	APPR	Duden	tu_112_xTok_000836
seiner	sein	PPOSAT	Duden	tu_112_xTok_000838
Hänguhr	Hängeuhr	NN	oov	tu_112_xTok_000839
herabgeschnittenen	herabschneiden	ADJA	oov	tu_112_xTok_000841
<g/>
,
theils	teils	ADV	Duden	tu_112_xTok_000844
von	von	APPR	Duden	tu_112_xTok_000846
seinem	sein	PPOSAT	Duden	tu_112_xTok_000848
Bettschamel	Bettschemel	NN	Duden	tu_112_xTok_000850
hervorgenommenen	hervornehmen	ADJA	oov	tu_112_xTok_000852
Rebschnüren	Rebschnur	NN	Duden	tu_112_xTok_000855
<g/>
,
unter	unter	APPR	Duden	tu_112_xTok_000858
Bedrohung	Bedrohung	NN	Duden	tu_112_xTok_000860
des	d	ART	Duden	tu_112_xTok_000862
Todstechens	totstechen	VVINF-NN	Duden	tu_112_xTok_000864
an	an	APPR	Duden	tu_112_xTok_000866
Händen	Hand	NN	Duden	tu_112_xTok_000868
<g/>
,
und	und	KON	Duden	tu_112_xTok_000871
Füßen	Fuß	NN	Duden	tu_112_xTok_000872
gebunden	binden	VVPP	Duden	tu_112_xTok_000874
<g/>
,
annebens	anneben	ADV	DWB	tu_112_xTok_000877
von	von	APPR	Duden	tu_112_xTok_000879
einem	ein	ART	Duden	tu_112_xTok_000881
derselben	derselbe	PDS	Duden	tu_112_xTok_000883
mit	mit	APPR	Duden	tu_112_xTok_000885
seinen	sein	PPOSAT	Duden	tu_112_xTok_000887
ausgezogenen	ausziehen	ADJA	Duden	tu_112_xTok_000889
Gewand	Gewand	NN	Duden	tu_112_xTok_000890
über	über	APPR	Duden	tu_112_xTok_000892
den	d	ART	Duden	tu_112_xTok_000894
Kopf	Kopf	NN	Duden	tu_112_xTok_000896
zugedecket	zudecken	VVPP	Duden	tu_112_xTok_000898
worden	werden	VAPP	Duden	tu_112_xTok_000900
ist	sein	VAFIN	Duden	tu_112_xTok_000902
<g/>
,
nach	nach	APPR	Duden	tu_112_xTok_000905
welchen	welch	PRELS	Duden	tu_112_xTok_000907
an	an	APPR	Duden	tu_112_xTok_000909
ihm	er	PPER	Duden	tu_112_xTok_000911
Einsiedler	Einsiedler	NN	Duden	tu_112_xTok_000913
verübten	verüben	ADJA	Duden	tu_112_xTok_000916
Thätigkeiten	Tätigkeit	NN	Duden	tu_112_xTok_000918
diese	diese	PDAT	Duden	tu_112_xTok_000920
drey	drei	CARD	Duden	tu_112_xTok_000922
Bursche	Bursche	NN	Duden	tu_112_xTok_000924
nicht	nicht	PTKNEG	Duden	tu_112_xTok_000926
nur	nur	ADV	Duden	tu_112_xTok_000928
allein	allein	ADV	Duden	tu_112_xTok_000930
des	d	ART	Duden	tu_112_xTok_000932
in	in	APPR	Duden	tu_112_xTok_000934
seiner	sein	PPOSAT	Duden	tu_112_xTok_000935
Wohnung	Wohnung	NN	Duden	tu_112_xTok_000937
gefundenen	finden	ADJA	Duden	tu_112_xTok_000939
baaren	bar	ADJA	Duden	tu_112_xTok_000941
Geldes	Geld	NN	Duden	tu_112_xTok_000943
<g/>
,
sondern	sondern	KON	Duden	tu_112_xTok_000946
auch	auch	ADV	Duden	tu_112_xTok_000948
seiner	sein	PPOSAT	Duden	tu_112_xTok_000950
Wäsche	Wäsche	NN	Duden	tu_112_xTok_000952
<g/>
,
dann	dann	ADV	Duden	tu_112_xTok_000954
verschiedener	verschieden	ADJA	Duden	tu_112_xTok_000956
andern	andere	ADJA	Duden	tu_112_xTok_000958
ihnen	sie	PPER	Duden	tu_112_xTok_000960
unter	unter	APPR	Duden	tu_112_xTok_000962
die	d	ART	Duden	tu_112_xTok_000964
Hände	Hand	NN	Duden	tu_112_xTok_000966
gekommenen	kommen	ADJA	Duden	tu_112_xTok_000968
Fahrnissen	Fahrnis	NN	Duden	tu_112_xTok_000970
sich	sich	PRF	Duden	tu_112_xTok_000971
bemächtiget	bemächtigen	VVPP	Duden	tu_112_xTok_000973
<g/>
,
und	und	KON	Duden	tu_112_xTok_000976
das	d	ART	Duden	tu_112_xTok_000978
dißfällig	diesfällig	ADJD	Duden	tu_112_xTok_000980
geraubte	rauben	ADJA	Duden	tu_112_xTok_000982
Gut	Gut	NN	Duden	tu_112_xTok_000984
mit	mit	APPR	Duden	tu_112_xTok_000986
dem	d	ART	Duden	tu_112_xTok_000988
anfänglich	anfänglich	ADV	Duden	tu_112_xTok_000990
nur	nur	ADV	Duden	tu_112_xTok_000992
auf	auf	APPR	Duden	tu_112_xTok_000993
der	d	ART	Duden	tu_112_xTok_000995
Passe	Passe	NN	DWB	tu_112_xTok_000997
gestandenen	stehen	ADJA	Duden	tu_112_xTok_000999
<g/>
,
nachhin	nachhin	ADV	DWB	tu_112_xTok_001002
aber	aber	ADV	Duden	tu_112_xTok_001004
ebenfalls	ebenfalls	ADV	Duden	tu_112_xTok_001006
zu	zu	APPR	Duden	tu_112_xTok_001008
ihnen	sie	PPER	Duden	tu_112_xTok_001010
hineingekommenen	hineinkommen	ADJA	Duden	tu_112_xTok_001012
Jgnatz	Ignaz	NE	Duden	tu_112_xTok_001015
A.	A.	NE	oov	tu_112_xTok_001017
an	an	APPR	Duden	tu_112_xTok_001020
der	d	ART	Duden	tu_112_xTok_001022
Stelle	Stelle	NN	Duden	tu_112_xTok_001024
getheilet	teilen	VVPP	Duden	tu_112_xTok_001026
<g/>
,
folglich	folglich	ADV	Duden	tu_112_xTok_001029
diesen	diese	PDAT	Duden	tu_112_xTok_001031
Einsiedler	Einsiedler	NN	Duden	tu_112_xTok_001033
in	in	APPR	Duden	tu_112_xTok_001035
einen	ein	ART	Duden	tu_112_xTok_001037
auf	auf	APPR	Duden	tu_112_xTok_001038
149	149	CARD		tu_112_xTok_001040
fl.	Flore	NN	DWB	tu_112_xTok_001042
17	17	CARD		tu_112_xTok_001045
kr.	Kreuzer	NN	Duden	tu_112_xTok_001047
beschwornen	beschwören	ADJA	Duden	tu_112_xTok_001050
Schaden	Schaden	NN	Duden	tu_112_xTok_001052
versetzet	versetzen	VVPP	Duden	tu_112_xTok_001054
haben	haben	VAFIN	Duden	tu_112_xTok_001056
<g/>
,
welcher	welch	PRELS	Duden	tu_112_xTok_001059
jedoch	jedoch	ADV	Duden	tu_112_xTok_001061
darüberhin	darüberhin	ADV	oov	tu_112_xTok_001062
durch	durch	APPR	Duden	tu_112_xTok_001064
beschehene	beschehen	ADJA	DWB	tu_112_xTok_001066
gerichtliche	gerichtlich	ADJA	Duden	tu_112_xTok_001068
Zurückstellung	Zurückstellung	NN	Duden	tu_112_xTok_001070
einiger	einige	PIAT	Duden	tu_112_xTok_001072
von	von	APPR	Duden	tu_112_xTok_001074
sothanen	sothan	ADJA	DWB	tu_112_xTok_001076
Raube	Raub	NN	Duden	tu_112_xTok_001079
bey	bei	APPR	Duden	tu_112_xTok_001081
ihnen	sie	PPER	Duden	tu_112_xTok_001083
noch	noch	ADV	Duden	tu_112_xTok_001085
gefundenen	finden	ADJA	Duden	tu_112_xTok_001087
Sachen	Sache	NN	Duden	tu_112_xTok_001089
bis	bis	APPR	Duden	tu_112_xTok_001091
auf	auf	APPR	Duden	tu_112_xTok_001093
32	32	CARD		tu_112_xTok_001095
fl.	Flore	NN	DWB	tu_112_xTok_001097
3	3	CARD		tu_112_xTok_001100
kr.	Kreuzer	NN	Duden	tu_112_xTok_001102
2	2	CARD		tu_112_xTok_001105
pf.	Pfennig	NN	Duden	tu_112_xTok_001107
verminderet	vermindern	VVPP	Duden	tu_112_xTok_001109
worden	werden	VAPP	Duden	tu_112_xTok_001111
ist	sein	VAFIN	Duden	tu_112_xTok_001113
<g/>
.
</p>
<p id="fb_17750317_AdamG_LeonhardS_Ig_p_0004">
Uebrigens	übrigens	ADV	Duden	tu_112_xTok_001115
war	sein	VAFIN	Duden	tu_112_xTok_001117
der	d	ART	Duden	tu_112_xTok_001119
von	von	APPR	Duden	tu_112_xTok_001121
ihnen	sie	PPER	Duden	tu_112_xTok_001123
Delinquenten	Delinquent	NN	Duden	tu_112_xTok_001125
<g/>
,
und	und	KON	Duden	tu_112_xTok_001128
ihren	ihr	PPOSAT	Duden	tu_112_xTok_001130
Gespann	Gespan	NN	Duden	tu_112_xTok_001132
gebunden	binden	ADJD	Duden	tu_112_xTok_001133
zurückgelassene	zurücklassen	ADJA	Duden	tu_112_xTok_001135
Einsiedler	Einsiedler	NN	Duden	tu_112_xTok_001137
aus	aus	APPR	Duden	tu_112_xTok_001139
Mangel	Mangel	NN	Duden	tu_112_xTok_001141
einer	ein	ART	Duden	tu_112_xTok_001143
anderweitigen	anderweitig	ADJA	Duden	tu_112_xTok_001145
Hilfe	Hilfe	NN	Duden	tu_112_xTok_001147
<g/>
,
noch	noch	ADV	Duden	tu_112_xTok_001151
in	in	APPR	Duden	tu_112_xTok_001153
der	d	ART	Duden	tu_112_xTok_001155
nämlichen	nämlich	ADJA	Duden	tu_112_xTok_001157
Nacht	Nacht	NN	Duden	tu_112_xTok_001159
mit	mit	APPR	Duden	tu_112_xTok_001161
größter	groß	ADJA	Duden	tu_112_xTok_001163
<g/>
,
fast	fast	ADV	Duden	tu_112_xTok_001166
gegen	gegen	APPR	Duden	tu_112_xTok_001168
3.	3	CARD		tu_112_xTok_001170
Stunde	Stunde	NN	Duden	tu_112_xTok_001172
lang	lang	ADJD	Duden	tu_112_xTok_001174
angewendeter	anwenden	ADJA	Duden	tu_112_xTok_001175
Mühe	Mühe	NN	Duden	tu_112_xTok_001177
sich	sich	PRF	Duden	tu_112_xTok_001179
von	von	APPR	Duden	tu_112_xTok_001181
seiner	sein	PPOSAT	Duden	tu_112_xTok_001183
Wohnung	Wohnung	NN	Duden	tu_112_xTok_001185
in	in	APPR	Duden	tu_112_xTok_001187
den	d	ART	Duden	tu_112_xTok_001189
Garten	Garten	NN	Duden	tu_112_xTok_001191
herauszubringen	herausbringen	VVIZU	Duden	tu_112_xTok_001193
<g/>
,
und	und	KON	Duden	tu_112_xTok_001197
erstlich	erstlich	ADV	Duden	tu_112_xTok_001199
über	über	APPR	Duden	tu_112_xTok_001201
den	d	ART	Duden	tu_112_xTok_001203
Berg	Berg	NN	Duden	tu_112_xTok_001205
herab	herab	ADV	Duden	tu_112_xTok_001207
<g/>
,
sodann	sodann	ADV	Duden	tu_112_xTok_001210
aber	aber	ADV	Duden	tu_112_xTok_001212
zu	zu	APPR	Duden	tu_112_xTok_001214
einer	ein	ART	Duden	tu_112_xTok_001216
ungefähr	ungefähr	ADV	Duden	tu_112_xTok_001218
400.	400	CARD		tu_112_xTok_001221
Schritte	Schritt	NN	Duden	tu_112_xTok_001223
davon	davon	PAV	Duden	tu_112_xTok_001225
entlegenen	entlegen	ADJA	Duden	tu_112_xTok_001227
Mühle	Mühle	NN	Duden	tu_112_xTok_001229
zu	zu	PTKZU	Duden	tu_112_xTok_001231
wälzen	wälzen	VVINF	Duden	tu_112_xTok_001233
bemüßiget	bemüßigen	VVPP	Duden	tu_112_xTok_001235
<g/>
,
allwo	allwo	PWAV	Duden	tu_112_xTok_001238
selben	selbe	PDS	Duden	tu_112_xTok_001239
endlich	endlich	ADV	Duden	tu_112_xTok_001241
nach	nach	APPR	Duden	tu_112_xTok_001243
vielfältigen	vielfältig	ADJA	Duden	tu_112_xTok_001245
Ruffen	Ruf	NN	Duden	tu_112_xTok_001247
die	d	ART	Duden	tu_112_xTok_001249
Mühlleute	Mühlleute	NN	DRW	tu_112_xTok_001251
wiederum	wiederum	ADV	Duden	tu_112_xTok_001253
seiner	sein	PPOSAT	Duden	tu_112_xTok_001255
Bande	Band	NN	Duden	tu_112_xTok_001256
entlediget	entledigen	VVPP	Duden	tu_112_xTok_001258
haben	haben	VAFIN	Duden	tu_112_xTok_001260
<g/>
.
</p>
<p id="fb_17750317_AdamG_LeonhardS_Ig_p_0005">
Ferners	ferner	ADV	Duden	tu_112_xTok_001262
ist	sein	VAFIN	Duden	tu_112_xTok_001264
in	in	APPR	Duden	tu_112_xTok_001266
vollständig	vollständig	ADJD	Duden	tu_112_xTok_001268
rechtliche	rechtlich	ADJA	Duden	tu_112_xTok_001270
Gewißheit	Gewissheit	NN	Duden	tu_112_xTok_001272
gesetzet	setzen	VVPP	Duden	tu_112_xTok_001274
worden	werden	VAPP	Duden	tu_112_xTok_001276
<g/>
,
daß	dass	KOUS	Duden	tu_112_xTok_001278
der	d	ART	Duden	tu_112_xTok_001280
Adam	Adam	NE	Duden	tu_112_xTok_001282
G.	G.	NE	oov	tu_112_xTok_001284
und	und	KON	Duden	tu_112_xTok_001287
Leonhard	Leonhard	NE	Duden	tu_112_xTok_001289
S.	S.	NE	oov	tu_112_xTok_001291
4.	4	CARD		tu_112_xTok_001294
Wochen	Woche	NN	Duden	tu_112_xTok_001296
vorher	vorher	ADV	Duden	tu_112_xTok_001298
außer	außer	APPR	Duden	tu_112_xTok_001300
Waydhofen	Waidhofen	NE::top	oov	tu_112_xTok_001302
mit	mit	APPR	Duden	tu_112_xTok_001305
einer	ein	ART	Duden	tu_112_xTok_001307
anderen	andere	ADJA	Duden	tu_112_xTok_001309
in	in	APPR	Duden	tu_112_xTok_001311
5.	5	CARD		tu_112_xTok_001313
Manns=	Mannsperson	TRUNC	Duden	tu_112_xTok_001315
und	und	KON	Duden	tu_112_xTok_001317
einer	ein	ART	Duden	tu_112_xTok_001319
Weibsperson	Weibsperson	NN	Duden	tu_112_xTok_001321
bestandenen	bestehen	ADJA	Duden	tu_112_xTok_001323
Räuberrotte	Räuberrotte	NN	DWB	tu_112_xTok_001324
einen	ein	ART	Duden	tu_112_xTok_001326
sicheren	sicher	ADJA	DWB	tu_112_xTok_001328
unweit	unweit	APPR	Duden	tu_112_xTok_001330
Jbssitz	Ybbsitz	NE::top	oov	tu_112_xTok_001332
an	an	APPR	Duden	tu_112_xTok_001334
der	d	ART	Duden	tu_112_xTok_001336
sogenannten	sogenannt	ADJA	Duden	tu_112_xTok_001338
David Hofstatt	DavidHofstatt	NN		tu_112_xTok_001340
einschichtig	einschichtig	ADJD	Duden	tu_112_xTok_001343
wohnenden	wohnen	ADJA	Duden	tu_112_xTok_001345
Bauer	Bauer	NN	Duden	tu_112_xTok_001347
auszurauben	ausrauben	VVIZU	Duden	tu_112_xTok_001349
sich	sich	PRF	Duden	tu_112_xTok_001351
einverstanden	einverstanden	ADJD	Duden	tu_112_xTok_001353
<g/>
;
und	und	KON	Duden	tu_112_xTok_001355
zu	zu	APPR	Duden	tu_112_xTok_001357
diesem	diese	PDAT	Duden	tu_112_xTok_001359
Ende	Ende	NN	Duden	tu_112_xTok_001361
er	er	PPER	Duden	tu_112_xTok_001363
Adam	Adam	NE	Duden	tu_112_xTok_001365
G.	G.	NE	oov	tu_112_xTok_001367
nebst	nebst	APPR	Duden	tu_112_xTok_001370
einen	ein	ART	Duden	tu_112_xTok_001372
solch	solch	PIAT	Duden	tu_112_xTok_001374
seiner	sein	PPOSAT	Duden	tu_112_xTok_001376
damaligen	damalig	ADJA	Duden	tu_112_xTok_001378
Gesellen	Geselle	NN	Duden	tu_112_xTok_001380
<g/>
,
dann	dann	ADV	Duden	tu_112_xTok_001384
der	d	ART	Duden	tu_112_xTok_001386
obbemeldten	obbemeldet	ADJA	oov	tu_112_xTok_001388
Weibsperson	Weibsperson	NN	Duden	tu_112_xTok_001390
zur	zur	APPRART	Duden	tu_112_xTok_001392
Abendszeit	Abendzeit	NN	Duden	tu_112_xTok_001394
bey	bei	APPR	Duden	tu_112_xTok_001396
diesen	diese	PDAT	Duden	tu_112_xTok_001398
Bauer	Bauer	NN	Duden	tu_112_xTok_001399
um	um	APPR	Duden	tu_112_xTok_001401
die	d	ART	Duden	tu_112_xTok_001403
Nachtherberge	Nachtherberge	NN	DWB	tu_112_xTok_001405
angehalten	anhalten	VVPP	Duden	tu_112_xTok_001407
habe	haben	VAFIN	Duden	tu_112_xTok_001409
<g/>
,
welche	welch	PRELS	Duden	tu_112_xTok_001412
Jhnen	sie	PPER	Duden	tu_112_xTok_001414
von	von	APPR	Duden	tu_112_xTok_001416
demselben	derselbe	PDS	Duden	tu_112_xTok_001418
auch	auch	ADV	Duden	tu_112_xTok_001421
bewilliget	bewilligen	VVPP	Duden	tu_112_xTok_001423
<g/>
;
hierauf	hierauf	PAV	Duden	tu_112_xTok_001426
aber	aber	ADV	Duden	tu_112_xTok_001428
von	von	APPR	Duden	tu_112_xTok_001430
dem	d	ART	Duden	tu_112_xTok_001432
anderen	ander	PIS	Duden	tu_112_xTok_001434
der	d	ART	Duden	tu_112_xTok_001436
Leonhard	Leonhard	NE	Duden	tu_112_xTok_001438
S.	S.	NE	oov	tu_112_xTok_001440
sammt	samt	APPR	Duden	tu_112_xTok_001442
den	d	ART	Duden	tu_112_xTok_001444
übrigen	übrig	ADJ-NN	Duden	tu_112_xTok_001446
unterdessen	unterdessen	ADV	Duden	tu_112_xTok_001448
außer	außer	APPR	Duden	tu_112_xTok_001450
des	d	ART	Duden	tu_112_xTok_001452
Bauers	Bauer	NN	Duden	tu_112_xTok_001454
Hause	Haus	NN	Duden	tu_112_xTok_001456
verbliebenen	verbleiben	VVPP	Duden	tu_112_xTok_001458
<g/>
,
durch	durch	APPR	Duden	tu_112_xTok_001462
die	d	ART	Duden	tu_112_xTok_001464
Gartenthüre	Gartentür	NN	Duden	tu_112_xTok_001466
eingelassen	einlassen	VVPP	Duden	tu_112_xTok_001468
worden	werden	VAPP	Duden	tu_112_xTok_001470
ist	sein	VAFIN	Duden	tu_112_xTok_001472
<g/>
;
wonach	wonach	PWAV	Duden	tu_112_xTok_001475
sie	sie	PPER	Duden	tu_112_xTok_001477
sämmtliche	sämtlich	PIS	Duden	tu_112_xTok_001479
den	d	ART	Duden	tu_112_xTok_001481
in	in	APPR	Duden	tu_112_xTok_001482
seiner	sein	PPOSAT	Duden	tu_112_xTok_001484
Rauchküche	Rauchküche	NN	oov	tu_112_xTok_001486
sich	sich	PRF	Duden	tu_112_xTok_001488
befundenen	befinden	ADJA	Duden	tu_112_xTok_001490
Bauer	Bauer	NN	Duden	tu_112_xTok_001492
nebst	nebst	APPR	Duden	tu_112_xTok_001494
dessen	d	PDAT	Duden	tu_112_xTok_001496
Eheweibe	Eheweib	NN	Duden	tu_112_xTok_001498
und	und	KON	Duden	tu_112_xTok_001500
größeren	groß	ADJA	Duden	tu_112_xTok_001501
Sohne	Sohn	NN	Duden	tu_112_xTok_001503
sogleich	sogleich	ADV	Duden	tu_112_xTok_001505
zu	zu	APPR	Duden	tu_112_xTok_001507
Boden	Boden	NN	Duden	tu_112_xTok_001509
geworfen	werfen	VVPP	Duden	tu_112_xTok_001511
<g/>
,
und	und	KON	Duden	tu_112_xTok_001514
theils	teils	ADV	Duden	tu_112_xTok_001516
mit	mit	APPR	Duden	tu_112_xTok_001518
den	d	ART	Duden	tu_112_xTok_001520
schon	schon	ADV	Duden	tu_112_xTok_001522
bey	bei	APPR	Duden	tu_112_xTok_001523
sich	sich	PRF	Duden	tu_112_xTok_001525
gehabten	haben	ADJA	Duden	tu_112_xTok_001527
Bändeln	Band	NN	Duden	tu_112_xTok_001529
<g/>
,
theils	teils	ADV	Duden	tu_112_xTok_001532
mit	mit	APPR	Duden	tu_112_xTok_001534
den	d	ART	Duden	tu_112_xTok_001536
von	von	APPR	Duden	tu_112_xTok_001538
des	d	ART	Duden	tu_112_xTok_001540
Bauers	Bauer	NN	Duden	tu_112_xTok_001542
Hänguhre	Hängeuhr	NN	oov	tu_112_xTok_001544
herabgeschnittenen	herabschneiden	ADJA	oov	tu_112_xTok_001545
Rebschnüren	Rebschnur	NN	Duden	tu_112_xTok_001547
sowohl	sowohl	KON	Duden	tu_112_xTok_001549
diese	diese	PDAT	Duden	tu_112_xTok_001551
drey	drei	CARD	Duden	tu_112_xTok_001553
an	an	APPR	Duden	tu_112_xTok_001555
Händen	Hand	NN	Duden	tu_112_xTok_001557
und	und	KON	Duden	tu_112_xTok_001559
Füssen	Fuß	NN	Duden	tu_112_xTok_001561
<g/>
,
als	als	KON	Duden	tu_112_xTok_001563
auch	auch	ADV	Duden	tu_112_xTok_001565
die	d	ART	Duden	tu_112_xTok_001567
kleinere	klein	ADJA	Duden	tu_112_xTok_001569
Kinder	Kind	NN	Duden	tu_112_xTok_001571
desselben	derselbe	PDS	Duden	tu_112_xTok_001573
an	an	APPR	Duden	tu_112_xTok_001575
den	d	ART	Duden	tu_112_xTok_001577
Händen	Hand	NN	Duden	tu_112_xTok_001579
gebunden	binden	VVPP	Duden	tu_112_xTok_001581
<g/>
,
weiters	weiters	ADV	Duden	tu_112_xTok_001584
dem	d	ART	Duden	tu_112_xTok_001585
Bauer	Bauer	NN	Duden	tu_112_xTok_001587
unter	unter	APPR	Duden	tu_112_xTok_001589
Ansetzung	Ansetzung	NN	Duden	tu_112_xTok_001591
eines	ein	ART	Duden	tu_112_xTok_001593
Messers	Messer	NN	Duden	tu_112_xTok_001595
an	an	APPR	Duden	tu_112_xTok_001597
dem	d	ART	Duden	tu_112_xTok_001599
Halse	Hals	NN	Duden	tu_112_xTok_001601
<g/>
,
und	und	KON	Duden	tu_112_xTok_001604
hiebey	hiebei	ADV	Duden	tu_112_xTok_001606
ausgestossenen	ausstoßen	ADJA	Duden	tu_112_xTok_001607
todesgefährlichen	todesgefährlich	ADJA	DWB	tu_112_xTok_001609
Bedrohungen	Bedrohung	NN	Duden	tu_112_xTok_001611
<g/>
,
auch	auch	ADV	Duden	tu_112_xTok_001614
mit	mit	APPR	Duden	tu_112_xTok_001616
einer	ein	ART	Duden	tu_112_xTok_001618
Hacke	Hacke	NN	Duden	tu_112_xTok_001620
ihm	er	PPER	Duden	tu_112_xTok_001622
wirklich	wirklich	ADJD	Duden	tu_112_xTok_001623
auf	auf	APPR	Duden	tu_112_xTok_001625
den	d	ART	Duden	tu_112_xTok_001627
Fuß	Fuß	NN	Duden	tu_112_xTok_001629
versetzten	versetzen	ADJA	Duden	tu_112_xTok_001631
gewaltigen	gewaltig	ADJA	Duden	tu_112_xTok_001633
Streiche	Streich	NN	Duden	tu_112_xTok_001635
das	d	ART	Duden	tu_112_xTok_001637
Geständniß	Geständnis	NN	Duden	tu_112_xTok_001639
<g/>
,
wo	wo	PWAV	Duden	tu_112_xTok_001642
er	er	PPER	Duden	tu_112_xTok_001643
sein	sein	PPOSAT	Duden	tu_112_xTok_001645
Geld	Geld	NN	Duden	tu_112_xTok_001647
habe	haben	VAFIN	Duden	tu_112_xTok_001649
<g/>
,
abgenöthiget	abnötigen	VVPP	Duden	tu_112_xTok_001652
<g/>
;
hierauf	hierauf	PAV	Duden	tu_112_xTok_001655
aber	aber	ADV	Duden	tu_112_xTok_001657
<g/>
,
nach	nach	APPR	Duden	tu_112_xTok_001660
vorläufig	vorläufig	ADJD	Duden	tu_112_xTok_001662
der	d	ART	Duden	tu_112_xTok_001664
auf	auf	APPR	Duden	tu_112_xTok_001666
der	d	ART	Duden	tu_112_xTok_001667
Erde	Erde	NN	Duden	tu_112_xTok_001669
gelegenen	liegen	ADJA	Duden	tu_112_xTok_001671
Bäurin	Bäuerin	NN	Duden	tu_112_xTok_001673
aus	aus	APPR	Duden	tu_112_xTok_001675
ihrem	ihr	PPOSAT	Duden	tu_112_xTok_001677
Rocksack	Rocksack	NN	DWB	tu_112_xTok_001679
abgenommenen	abnehmen	ADJA	Duden	tu_112_xTok_001681
Schlüsseln	Schlüssel	NN	Duden	tu_112_xTok_001683
mit	mit	APPR	Duden	tu_112_xTok_001686
Spannlichtern	Spanlicht	NN	DWB	tu_112_xTok_001688
sich	sich	PRF	Duden	tu_112_xTok_001690
auf	auf	APPR	Duden	tu_112_xTok_001692
den	d	ART	Duden	tu_112_xTok_001694
Boden	Boden	NN	Duden	tu_112_xTok_001696
verfüget	verfügen	VVPP	Duden	tu_112_xTok_001698
<g/>
,
allda	allda	ADV	Duden	tu_112_xTok_001701
aus	aus	APPR	Duden	tu_112_xTok_001703
mehreren	mehrere	PIAT	Duden	tu_112_xTok_001705
zum	zum	APPRART	Duden	tu_112_xTok_001708
Theil	Teil	NN	Duden	tu_112_xTok_001710
mit	mit	APPR	Duden	tu_112_xTok_001712
Gewalt	Gewalt	NN	Duden	tu_112_xTok_001714
eröffneten	eröffnen	ADJA	Duden	tu_112_xTok_001716
Truhen	Truhe	NN	Duden	tu_112_xTok_001718
verschiedenes	verschieden	ADJA	Duden	tu_112_xTok_001720
Gewand	Gewand	NN	Duden	tu_112_xTok_001722
<g/>
,
baares	bar	ADJA	Duden	tu_112_xTok_001724
Gelde	Geld	NN	Duden	tu_112_xTok_001726
<g/>
,
und	und	KON	Duden	tu_112_xTok_001729
das	d	ART	Duden	tu_112_xTok_001731
daselbst	daselbst	ADV	Duden	tu_112_xTok_001733
frey	frei	ADJD	Duden	tu_112_xTok_001735
herumgehangene	herumhängen	ADJA	Duden	tu_112_xTok_001737
Selchfleisch	Selchfleisch	NN	Duden	tu_112_xTok_001739
hinweggeraubet	hinwegrauben	VVPP	DRW	tu_112_xTok_001741
<g/>
,
alle	all	PIAT	Duden	tu_112_xTok_001745
diese	diese	PDAT	Duden	tu_112_xTok_001747
Sachen	Sache	NN	Duden	tu_112_xTok_001749
unverzüglich	unverzüglich	ADJD	Duden	tu_112_xTok_001751
unter	unter	APPR	Duden	tu_112_xTok_001753
sich	sich	PRF	Duden	tu_112_xTok_001755
getheilet	teilen	VVPP	Duden	tu_112_xTok_001757
<g/>
,
und	und	KON	Duden	tu_112_xTok_001760
andurch	andurch	ADV	DWB	tu_112_xTok_001762
besagten	besagt	ADJA	Duden	tu_112_xTok_001765
Bauersleuten	Bauersleute	NN	Duden	tu_112_xTok_001767
einen	ein	ART	Duden	tu_112_xTok_001769
auf	auf	APPR	Duden	tu_112_xTok_001771
135	135	CARD		tu_112_xTok_001773
fl.	Flore	NN	DWB	tu_112_xTok_001775
14.	14	CARD		tu_112_xTok_001778
kr.	Kreuzer	NN	Duden	tu_112_xTok_001780
beeidigten	beeidigen	ADJA	Duden	tu_112_xTok_001783
<g/>
,
und	und	KON	Duden	tu_112_xTok_001786
noch	noch	ADV	Duden	tu_112_xTok_001787
gänzlich	gänzlich	ADJD	Duden	tu_112_xTok_001789
rückständigen	rückständig	ADJA	Duden	tu_112_xTok_001791
Schaden	Schaden	NN	Duden	tu_112_xTok_001793
zugefüget	zufügen	VVPP	Duden	tu_112_xTok_001795
haben	haben	VAFIN	Duden	tu_112_xTok_001797
<g/>
.
</p>
<p id="fb_17750317_AdamG_LeonhardS_Ig_p_0006">
Auf	auf	APPR	Duden	tu_112_xTok_001799
gleiche	gleich	ADJA	Duden	tu_112_xTok_001801
Weise	Weise	NN	Duden	tu_112_xTok_001803
ist	sein	VAFIN	Duden	tu_112_xTok_001805
wider	wider	APPR	Duden	tu_112_xTok_001807
ihn	er	PPER	Duden	tu_112_xTok_001809
Adam	Adam	NE	Duden	tu_112_xTok_001811
G.	G.	NE	oov	tu_112_xTok_001813
durch	durch	APPR	Duden	tu_112_xTok_001816
gerichtliche	gerichtlich	ADJA	Duden	tu_112_xTok_001818
Erfahrungen	Erfahrung	NN	Duden	tu_112_xTok_001820
gesetzmäßig	gesetzmäßig	ADJD	Duden	tu_112_xTok_001823
bewähret	bewähren	VVPP	Duden	tu_112_xTok_001825
worden	werden	VAPP	Duden	tu_112_xTok_001827
<g/>
,
daß	dass	KOUS	Duden	tu_112_xTok_001830
er	er	PPER	Duden	tu_112_xTok_001832
den	d	ART	Duden	tu_112_xTok_001834
18.	18	ADJA		tu_112_xTok_001836
November	November	NN	Duden	tu_112_xTok_001838
1771	1771	CARD		tu_112_xTok_001840
zur	zur	APPRART	Duden	tu_112_xTok_001841
Abendszeit	Abendzeit	NN	Duden	tu_112_xTok_001843
in	in	APPR	Duden	tu_112_xTok_001845
Gesellschaft	Gesellschaft	NN	Duden	tu_112_xTok_001847
5	5	CARD		tu_112_xTok_001849
anderer	andere	ADJA	Duden	tu_112_xTok_001851
Purschen	Bursche	NN	Duden	tu_112_xTok_001853
einen	ein	ART	Duden	tu_112_xTok_001855
Stift	Stift	NN	Duden	tu_112_xTok_001857
Gärstnerischen	Gärstnerisch	ADJA	oov	tu_112_xTok_001859
Unterthan	Untertan	NN	Duden	tu_112_xTok_001862
auf	auf	APPR	Duden	tu_112_xTok_001864
dem	d	ART	Duden	tu_112_xTok_001866
sogenannten	sogenannt	ADJA	Duden	tu_112_xTok_001868
Oberbellnstellner	Oberbellnstellner	ADJA	oov	tu_112_xTok_001870
Gütl	Gut	NN	Duden	tu_112_xTok_001874
in	in	APPR	Duden	tu_112_xTok_001876
der	d	ART	Duden	tu_112_xTok_001878
Raming	Raming	NE::top	oov	tu_112_xTok_001880
nach	nach	APPR	Duden	tu_112_xTok_001883
von	von	APPR	Duden	tu_112_xTok_001885
selbem	selbe	PDS	Duden	tu_112_xTok_001887
gleichfalls	gleichfalls	ADV	Duden	tu_112_xTok_001889
angesucht	ansuchen	ADJA	Duden	tu_112_xTok_001891
und	und	KON	Duden	tu_112_xTok_001893
erhaltener	erhalten	ADJA	Duden	tu_112_xTok_001895
Nachtherberg	Nachtherberge	NN	DWB	tu_112_xTok_001897
sammt	samt	APPR	Duden	tu_112_xTok_001898
seinem	sein	PPOSAT	Duden	tu_112_xTok_001900
Eheweib	Eheweib	NN	Duden	tu_112_xTok_001902
und	und	KON	Duden	tu_112_xTok_001904
Hausgesinde	Hausgesinde	NN	Duden	tu_112_xTok_001906
überfallen	überfallen	VVPP	Duden	tu_112_xTok_001908
<g/>
,
diese	diese	PDAT	Duden	tu_112_xTok_001911
alle	all	PIS	Duden	tu_112_xTok_001913
an	an	APPR	Duden	tu_112_xTok_001915
Händen	Hand	NN	Duden	tu_112_xTok_001917
und	und	KON	Duden	tu_112_xTok_001918
Füssen	Fuß	NN	Duden	tu_112_xTok_001920
binden	binden	VVINF	Duden	tu_112_xTok_001922
<g/>
,
dann	dann	ADV	Duden	tu_112_xTok_001925
nach	nach	APPR	Duden	tu_112_xTok_001927
vielen	viel	PIAT	Duden	tu_112_xTok_001929
andern	andere	ADJA	Duden	tu_112_xTok_001931
Thätigkeiten	Tätigkeit	NN	Duden	tu_112_xTok_001933
<g/>
,
und	und	KON	Duden	tu_112_xTok_001936
von	von	APPR	Duden	tu_112_xTok_001938
der	d	ART	Duden	tu_112_xTok_001940
Bäurin	Bäuerin	NN	Duden	tu_112_xTok_001941
mittelst	mittelst	APPR	Duden	tu_112_xTok_001943
Ansetzung	Ansetzung	NN	Duden	tu_112_xTok_001945
zweyer	zwei	CARD	Duden	tu_112_xTok_001947
Messer	Messer	NN	Duden	tu_112_xTok_001949
an	an	APPR	Duden	tu_112_xTok_001951
ihren	ihr	PPOSAT	Duden	tu_112_xTok_001953
Hals	Hals	NN	Duden	tu_112_xTok_001955
erzwungenen	erzwingen	ADJA	Duden	tu_112_xTok_001957
Bekänntniß	Bekenntnis	NN	Duden	tu_112_xTok_001958
des	d	ART	Duden	tu_112_xTok_001960
Aufbehaltorts	Aufbehaltsort	NN	oov	tu_112_xTok_001962
ihres	ihr	PPOSAT	Duden	tu_112_xTok_001964
Geldes	Geld	NN	Duden	tu_112_xTok_001966
zwey	zwei	CARD	Duden	tu_112_xTok_001968
in	in	APPR	Duden	tu_112_xTok_001970
der	d	ART	Duden	tu_112_xTok_001972
Getreidkammer	Getreidekammer	NN	Duden	tu_112_xTok_001974
gestandene	stehen	ADJA	Duden	tu_112_xTok_001975
Truhen	Truhe	NN	Duden	tu_112_xTok_001977
gewaltsam	gewaltsam	ADJD	Duden	tu_112_xTok_001979
eröffnen	eröffnen	VVINF	Duden	tu_112_xTok_001981
<g/>
,
und	und	KON	Duden	tu_112_xTok_001984
aus	aus	APPR	Duden	tu_112_xTok_001986
solchen	solch	PIS	Duden	tu_112_xTok_001988
an	an	APPR	Duden	tu_112_xTok_001990
baarem	bar	ADJA	Duden	tu_112_xTok_001992
theils	teils	ADV	Duden	tu_112_xTok_001994
diesen	diese	PDAT	Duden	tu_112_xTok_001995
Bauersleuten	Bauersleute	NN	Duden	tu_112_xTok_001997
<g/>
,
theils	teils	ADV	Duden	tu_112_xTok_002000
ihrer	ihr	PPOSAT	Duden	tu_112_xTok_002002
verheyratheten	verheiratet	ADJA	Duden	tu_112_xTok_002004
Tochter	Tochter	NN	Duden	tu_112_xTok_002006
zugehörig	zugehörig	ADJD	Duden	tu_112_xTok_002008
gewesenen	sein	ADJA	Duden	tu_112_xTok_002010
Gelde	Geld	NN	Duden	tu_112_xTok_002013
beeidigtermaßen	beeidigtermaßen	ADV	oov	tu_112_xTok_002015
126	126	CARD		tu_112_xTok_002017
fl.	Flore	NN	DWB	tu_112_xTok_002019
<g/>
,
nicht	nicht	PTKNEG	Duden	tu_112_xTok_002023
minder	minder	ADV	Duden	tu_112_xTok_002025
an	an	APPR	Duden	tu_112_xTok_002027
Gewand	Gewand	NN	Duden	tu_112_xTok_002029
<g/>
,
Selchfleische	Selchfleisch	NN	Duden	tu_112_xTok_002032
und	und	KON	Duden	tu_112_xTok_002035
Schmalz	Schmalz	NN	Duden	tu_112_xTok_002037
einen	ein	ART	Duden	tu_112_xTok_002039
Werth	Wert	NN	Duden	tu_112_xTok_002041
von	von	APPR	Duden	tu_112_xTok_002043
39	39	CARD		tu_112_xTok_002045
fl.	Flore	NN	DWB	tu_112_xTok_002047
8	8	CARD		tu_112_xTok_002050
kr.	Kreuzer	NN	Duden	tu_112_xTok_002052
hinwegschleppen	hinwegschleppen	VVINF	oov	tu_112_xTok_002055
geholfen	helfen	VVPP	Duden	tu_112_xTok_002057
habe	haben	VAFIN	Duden	tu_112_xTok_002060
<g/>
,
wovon	wovon	PWAV	Duden	tu_112_xTok_002063
den	d	ART	Duden	tu_112_xTok_002065
diesfalls	diesfalls	ADV	Duden	tu_112_xTok_002067
Verlustigten	verlustig	ADJ-NN	DWB	tu_112_xTok_002069
ebenmäßig	ebenmäßig	ADJD	Duden	tu_112_xTok_002071
nur	nur	ADV	Duden	tu_112_xTok_002073
noch	noch	ADV	Duden	tu_112_xTok_002075
ein	ein	ART	Duden	tu_112_xTok_002077
geringer	gering	ADJA	Duden	tu_112_xTok_002078
Betrag	Betrag	NN	Duden	tu_112_xTok_002080
von	von	APPR	Duden	tu_112_xTok_002082
12	12	CARD		tu_112_xTok_002084
fl.	Flore	NN	DWB	tu_112_xTok_002086
44.	44	CARD		tu_112_xTok_002089
kr.	Kreuzer	NN	Duden	tu_112_xTok_002091
zurückgekommen	zurückkommen	VVPP	Duden	tu_112_xTok_002094
ist	sein	VAFIN	Duden	tu_112_xTok_002096
<g/>
,
gleich	gleich	ADV	Duden	tu_112_xTok_002100
dann	dann	ADV	Duden	tu_112_xTok_002102
er	er	PPER	Duden	tu_112_xTok_002104
Adam	Adam	NE	Duden	tu_112_xTok_002106
G.	G.	NE	oov	tu_112_xTok_002107
auch	auch	ADV	Duden	tu_112_xTok_002110
weiters	weiters	ADV	Duden	tu_112_xTok_002112
den	d	ART	Duden	tu_112_xTok_002114
28.	28	ADJA		tu_112_xTok_002116
besagten	besagt	ADJA	Duden	tu_112_xTok_002118
Monats	Monat	NN	Duden	tu_112_xTok_002120
und	und	KON	Duden	tu_112_xTok_002122
Jahrs	Jahr	NN	Duden	tu_112_xTok_002124
mit	mit	APPR	Duden	tu_112_xTok_002126
4	4	CARD		tu_112_xTok_002128
anderen	andere	ADJA	Duden	tu_112_xTok_002130
Raubsgespänen	Raubgespan	NN	oov	tu_112_xTok_002131
bey	bei	APPR	Duden	tu_112_xTok_002133
einem	ein	ART	Duden	tu_112_xTok_002135
an	an	APPR	Duden	tu_112_xTok_002137
der	d	ART	Duden	tu_112_xTok_002139
Hofstatt	Hofstatt	NN	Duden	tu_112_xTok_002141
in	in	APPR	Duden	tu_112_xTok_002143
Stoka	Stoka	NE::top	oov	tu_112_xTok_002145
unweit	unweit	APPR	Duden	tu_112_xTok_002147
des	d	ART	Duden	tu_112_xTok_002149
Sonntagbergs	Sonntagberg	NE::top	oov	tu_112_xTok_002151
einschichtig	einschichtig	ADJD	Duden	tu_112_xTok_002154
wohnenden	wohnen	ADJA	Duden	tu_112_xTok_002156
Bauer	Bauer	NN	Duden	tu_112_xTok_002158
zur	zur	APPRART	Duden	tu_112_xTok_002160
Abendszeit	Abendzeit	NN	Duden	tu_112_xTok_002162
auf	auf	APPR	Duden	tu_112_xTok_002164
die	d	ART	Duden	tu_112_xTok_002166
nämliche	nämlich	ADJA	Duden	tu_112_xTok_002168
Art	Art	NN	Duden	tu_112_xTok_002169
sich	sich	PRF	Duden	tu_112_xTok_002171
eingeschlichen	einschleichen	VVPP	Duden	tu_112_xTok_002173
<g/>
,
und	und	KON	Duden	tu_112_xTok_002176
sohin	sohin	ADV	Duden	tu_112_xTok_002178
sie	sie	PPER	Duden	tu_112_xTok_002180
sämmtliche	sämtlich	PIS	Duden	tu_112_xTok_002182
erwähntem	erwähnen	ADJA	Duden	tu_112_xTok_002184
Bauer	Bauer	NN	Duden	tu_112_xTok_002186
dessen	d	PDAT	Duden	tu_112_xTok_002188
Ehewirthin	Ehewirtin	NN	DWB	tu_112_xTok_002191
und	und	KON	Duden	tu_112_xTok_002193
Dienstmagd	Dienstmagd	NN	Duden	tu_112_xTok_002195
mit	mit	APPR	Duden	tu_112_xTok_002197
Gewalt	Gewalt	NN	Duden	tu_112_xTok_002199
angepacket	anpacken	VVPP	Duden	tu_112_xTok_002201
<g/>
,
und	und	KON	Duden	tu_112_xTok_002204
zu	zu	APPR	Duden	tu_112_xTok_002206
Bo den	Boden	NN	Duden	tu_112_xTok_002208
geworfen	werfen	VVPP	Duden	tu_112_xTok_002211
<g/>
,
dieselbe	dieselbe	PDS	Duden	tu_112_xTok_002214
an	an	APPR	Duden	tu_112_xTok_002216
Händen	Hand	NN	Duden	tu_112_xTok_002218
und	und	KON	Duden	tu_112_xTok_002220
Füssen	Fuß	NN	Duden	tu_112_xTok_002222
hart	hart	ADJD	Duden	tu_112_xTok_002224
gebunden	binden	VVPP	Duden	tu_112_xTok_002226
<g/>
,
bald	bald	ADV	Duden	tu_112_xTok_002229
darauf	darauf	PAV	Duden	tu_112_xTok_002231
aber	aber	ADV	Duden	tu_112_xTok_002234
die	d	ART	Duden	tu_112_xTok_002236
Bäurin	Bäuerin	NN	Duden	tu_112_xTok_002238
an	an	APPR	Duden	tu_112_xTok_002240
den	d	ART	Duden	tu_112_xTok_002242
Füssen	Fuß	NN	Duden	tu_112_xTok_002244
wiederum	wiederum	ADV	Duden	tu_112_xTok_002246
loßgelassen	loslassen	VVPP	Duden	tu_112_xTok_002248
<g/>
,
und	und	KON	Duden	tu_112_xTok_002251
mit	mit	APPR	Duden	tu_112_xTok_002253
verbundenen	verbinden	ADJA	Duden	tu_112_xTok_002255
Augen	Auge	NN	Duden	tu_112_xTok_002258
in	in	APPR	Duden	tu_112_xTok_002260
den	d	ART	Duden	tu_112_xTok_002262
Keller	Keller	NN	Duden	tu_112_xTok_002264
hinabgeführet	hinabführen	VVPP	Duden	tu_112_xTok_002266
haben	haben	VAFIN	Duden	tu_112_xTok_002268
<g/>
,
allwo	allwo	PWAV	Duden	tu_112_xTok_002271
einer	ein	ART	Duden	tu_112_xTok_002273
von	von	APPR	Duden	tu_112_xTok_002275
ihnen	sie	PPER	Duden	tu_112_xTok_002277
derselben	dieselbe	PDS	Duden	tu_112_xTok_002280
nicht	nicht	PTKNEG	Duden	tu_112_xTok_002282
nur	nur	ADV	Duden	tu_112_xTok_002284
allein	allein	ADV	Duden	tu_112_xTok_002286
ein	ein	ART	Duden	tu_112_xTok_002288
Messer	Messer	NN	Duden	tu_112_xTok_002290
unter	unter	APPR	Duden	tu_112_xTok_002292
Bedrohung	Bedrohung	NN	Duden	tu_112_xTok_002294
des	d	ART	Duden	tu_112_xTok_002296
Todes	Tod	NN	Duden	tu_112_xTok_002298
an	an	APPR	Duden	tu_112_xTok_002299
den	d	ART	Duden	tu_112_xTok_002301
Hals	Hals	NN	Duden	tu_112_xTok_002303
gesetzet	setzen	VVPP	Duden	tu_112_xTok_002305
<g/>
,
und	und	KON	Duden	tu_112_xTok_002308
hiedurch	hierdurch	PAV	Duden	tu_112_xTok_002310
von	von	APPR	Duden	tu_112_xTok_002312
ihr	sie	PPER	Duden	tu_112_xTok_002314
das	d	ART	Duden	tu_112_xTok_002316
Geständniß	Geständnis	NN	Duden	tu_112_xTok_002318
<g/>
,
wo	wo	PWAV	Duden	tu_112_xTok_002321
sie	sie	PPER	Duden	tu_112_xTok_002323
ihr	ihr	PPOSAT	Duden	tu_112_xTok_002325
Geld	Geld	NN	Duden	tu_112_xTok_002326
habe	haben	VAFIN	Duden	tu_112_xTok_002328
<g/>
,
zu	zu	PTKZU	Duden	tu_112_xTok_002331
erpressen	erpressen	VVINF	Duden	tu_112_xTok_002333
gesuchet	suchen	VVPP	Duden	tu_112_xTok_002335
<g/>
,
sondern	sondern	KON	Duden	tu_112_xTok_002338
auch	auch	ADV	Duden	tu_112_xTok_002340
wirklich	wirklich	ADJD	Duden	tu_112_xTok_002342
ihrer	ihr	PPOSAT	Duden	tu_112_xTok_002344
diesfälligen	diesfällig	ADJA	Duden	tu_112_xTok_002346
Weigerung	Weigerung	NN	Duden	tu_112_xTok_002349
halber	halber	APPO	Duden	tu_112_xTok_002351
6	6	CARD		tu_112_xTok_002353
geringe	gering	ADJA	Duden	tu_112_xTok_002355
Stichwunden	Stichwunde	NN	Duden	tu_112_xTok_002357
an	an	APPR	Duden	tu_112_xTok_002359
dem	d	ART	Duden	tu_112_xTok_002361
Halse	Hals	NN	Duden	tu_112_xTok_002363
<g/>
,
linken	linke	ADJA	Duden	tu_112_xTok_002366
Ohre	Ohr	NN	Duden	tu_112_xTok_002367
und	und	KON	Duden	tu_112_xTok_002369
auf	auf	APPR	Duden	tu_112_xTok_002371
der	d	ART	Duden	tu_112_xTok_002373
Brust	Brust	NN	Duden	tu_112_xTok_002375
beygebracht	beibringen	VVPP	Duden	tu_112_xTok_002377
hat	haben	VAFIN	Duden	tu_112_xTok_002379
<g/>
,
nach	nach	APPR	Duden	tu_112_xTok_002382
welch	welch	PRELAT	Duden	tu_112_xTok_002384
unbarmherzigen	unbarmherzig	ADJA	Duden	tu_112_xTok_002386
Verfahren	Verfahren	NN	Duden	tu_112_xTok_002387
von	von	APPR	Duden	tu_112_xTok_002389
ihnen	sie	PPER	Duden	tu_112_xTok_002391
aus	aus	APPR	Duden	tu_112_xTok_002393
5	5	CARD		tu_112_xTok_002395
auf	auf	APPR	Duden	tu_112_xTok_002397
des	d	ART	Duden	tu_112_xTok_002399
Bauers	Bauer	NN	Duden	tu_112_xTok_002401
Boden	Boden	NN	Duden	tu_112_xTok_002403
gestandenen	stehen	ADJA	Duden	tu_112_xTok_002405
Truhen	Truhe	NN	Duden	tu_112_xTok_002407
<g/>
,
wovon	wovon	PWAV	Duden	tu_112_xTok_002411
jedoch	jedoch	ADV	Duden	tu_112_xTok_002413
nur	nur	ADV	Duden	tu_112_xTok_002415
eine	ein	CARD	Duden	tu_112_xTok_002417
gesperret	gesperrt	ADJD	Duden	tu_112_xTok_002419
war	sein	VAFIN	Duden	tu_112_xTok_002421
<g/>
,
den	d	ART	Duden	tu_112_xTok_002424
Bauersleuten	Bauersleute	NN	Duden	tu_112_xTok_002426
an	an	APPR	Duden	tu_112_xTok_002428
Geld	Geld	NN	Duden	tu_112_xTok_002430
und	und	KON	Duden	tu_112_xTok_002431
Geldeswerthe	Geldeswert	NN	Duden	tu_112_xTok_002433
21	21	CARD		tu_112_xTok_002435
fl.	Flore	NN	DWB	tu_112_xTok_002437
29	29	CARD		tu_112_xTok_002440
kr.	Kreuzer	NN	Duden	tu_112_xTok_002442
2	2	CARD		tu_112_xTok_002445
pf.	Pfennig	NN	Duden	tu_112_xTok_002447
<g/>
,
ihrer	ihr	PPOSAT	Duden	tu_112_xTok_002451
Dienstmagd	Dienstmagd	NN	Duden	tu_112_xTok_002453
hingegen	hingegen	ADV	Duden	tu_112_xTok_002455
an	an	APPR	Duden	tu_112_xTok_002457
baarem	bar	ADJA	Duden	tu_112_xTok_002458
Gelde	Geld	NN	Duden	tu_112_xTok_002460
und	und	KON	Duden	tu_112_xTok_002462
Gewand	Gewand	NN	Duden	tu_112_xTok_002464
71.	71	CARD		tu_112_xTok_002466
fl.	Flore	NN	DWB	tu_112_xTok_002468
58.	58	CARD		tu_112_xTok_002471
kr.	Kreuzer	NN	Duden	tu_112_xTok_002473
beschwornermassen	beschworenermaßen	ADV	oov	tu_112_xTok_002476
abgeraubet	abrauben	VVPP	DWB	tu_112_xTok_002478
worden	werden	VAPP	Duden	tu_112_xTok_002479
sind	sein	VAFIN	Duden	tu_112_xTok_002481
<g/>
,
welch	welch	PRELS	Duden	tu_112_xTok_002484
ihre	ihr	PPOSAT	Duden	tu_112_xTok_002486
Schäden	Schaden	NN	Duden	tu_112_xTok_002488
auch	auch	ADV	Duden	tu_112_xTok_002490
diese	diese	PDAT	Duden	tu_112_xTok_002492
Verlustigte	verlustig	ADJ-NN	DWB	tu_112_xTok_002494
annoch	annoch	ADV	Duden	tu_112_xTok_002496
gänzlich	gänzlich	ADJD	Duden	tu_112_xTok_002498
zu	zu	PTKZU	Duden	tu_112_xTok_002499
erleiden	erleiden	VVINF	Duden	tu_112_xTok_002501
haben	haben	VAFIN	Duden	tu_112_xTok_002503
<g/>
.
</p>
<p id="fb_17750317_AdamG_LeonhardS_Ig_p_0007">
Endlich	endlich	ADV	Duden	tu_112_xTok_002505
sind	sein	VAFIN	Duden	tu_112_xTok_002507
auch	auch	ADV	Duden	tu_112_xTok_002509
wider	wider	APPR	Duden	tu_112_xTok_002511
ihn	er	PPER	Duden	tu_112_xTok_002513
Adam	Adam	NE	Duden	tu_112_xTok_002515
G.	G.	NE	oov	tu_112_xTok_002517
Jnnzüchten	Inzicht	NN	DWB	tu_112_xTok_002520
hervorgekommen	hervorkommen	VVPP	Duden	tu_112_xTok_002522
<g/>
,
daß	dass	KOUS	Duden	tu_112_xTok_002526
er	er	PPER	Duden	tu_112_xTok_002528
in	in	APPR	Duden	tu_112_xTok_002530
Gesellschaft	Gesellschaft	NN	Duden	tu_112_xTok_002532
anderer	andere	ADJA	Duden	tu_112_xTok_002534
Purschen	Bursche	NN	Duden	tu_112_xTok_002536
den	d	ART	Duden	tu_112_xTok_002538
6	6	ADJA		tu_112_xTok_002540
1771	1771	CARD		tu_112_xTok_002544
dem	d	ART	Duden	tu_112_xTok_002546
Herrschaft	Herrschaft	NN	Duden	tu_112_xTok_002547
Welsischen	Welsisch	ADJA	oov	tu_112_xTok_002549
Hoffischer	Hoffischer	NN	oov	tu_112_xTok_002551
zu	zu	APPR	Duden	tu_112_xTok_002553
Waydhausen	Waidhausen	NE::top	oov	tu_112_xTok_002555
in	in	APPR	Duden	tu_112_xTok_002557
Oberösterreich	Oberösterreich	NE::top	Duden	tu_112_xTok_002559
nächtlicher Weile	nächtlicherweile	ADV		tu_112_xTok_002561
mittelst	mittelst	APPR	Duden	tu_112_xTok_002566
gewaltsamen	gewaltsam	ADJA	Duden	tu_112_xTok_002568
Einbruchs	Einbruch	NN	Duden	tu_112_xTok_002570
eine	ein	ART	Duden	tu_112_xTok_002572
auf	auf	APPR	Duden	tu_112_xTok_002574
25	25	CARD		tu_112_xTok_002576
fl.	Flore	NN	DWB	tu_112_xTok_002578
eidlich	eidlich	ADJD	Duden	tu_112_xTok_002581
angeschlagene	anschlagen	ADJA	Duden	tu_112_xTok_002583
Kuh	Kuh	NN	Duden	tu_112_xTok_002586
<g/>
,
dann	dann	ADV	Duden	tu_112_xTok_002589
in	in	APPR	Duden	tu_112_xTok_002591
4	4	CARD		tu_112_xTok_002593
Wochen	Woche	NN	Duden	tu_112_xTok_002595
darauf	darauf	PAV	Duden	tu_112_xTok_002597
dem	d	ART	Duden	tu_112_xTok_002599
in	in	APPR	Duden	tu_112_xTok_002601
der	d	ART	Duden	tu_112_xTok_002603
Liechteneggerischen	Lichteneggerisch	ADJA	oov	tu_112_xTok_002605
Hofmarke	Hofmark	NN	DWB	tu_112_xTok_002606
befindlichen	befindlich	ADJA	Duden	tu_112_xTok_002608
Fleischhacker	Fleischhacker	NN	Duden	tu_112_xTok_002610
gleichfalls	gleichfalls	ADV	Duden	tu_112_xTok_002612
zur	zur	APPRART	Duden	tu_112_xTok_002614
Nachtszeit	Nachtzeit	NN	Duden	tu_112_xTok_002616
eine	ein	ART	Duden	tu_112_xTok_002618
Kuh	Kuh	NN	Duden	tu_112_xTok_002620
nebst	nebst	APPR	Duden	tu_112_xTok_002621
einem	ein	ART	Duden	tu_112_xTok_002623
Kalbe	Kalb	NN	Duden	tu_112_xTok_002625
<g/>
,
so	so	PRELS	Duden	tu_112_xTok_002628
beede	beide	PIS	Duden	tu_112_xTok_002630
tragend	tragen	ADJD	Duden	tu_112_xTok_002632
gewesen	sein	VAPP	Duden	tu_112_xTok_002634
<g/>
,
und	und	KON	Duden	tu_112_xTok_002637
von	von	APPR	Duden	tu_112_xTok_002639
dem	d	ART	Duden	tu_112_xTok_002641
Eigenthümer	Eigentümer	NN	Duden	tu_112_xTok_002643
in	in	APPR	Duden	tu_112_xTok_002646
vereinbartem	vereinbart	ADJA	Duden	tu_112_xTok_002648
Werthe	Wert	NN	Duden	tu_112_xTok_002650
auf	auf	APPR	Duden	tu_112_xTok_002652
40	40	CARD		tu_112_xTok_002654
fl.	Flore	NN	DWB	tu_112_xTok_002656
beeidiget	beeidigen	VVPP	Duden	tu_112_xTok_002659
worden	werden	VAPP	Duden	tu_112_xTok_002661
<g/>
,
aus	aus	APPR	Duden	tu_112_xTok_002664
den	d	ART	Duden	tu_112_xTok_002666
Ställen	Stall	NN	Duden	tu_112_xTok_002668
hinwegtreiben	hinwegtreiben	VVINF	DRW	tu_112_xTok_002671
<g/>
,
nicht	nicht	PTKNEG	Duden	tu_112_xTok_002674
minder	minder	ADV	Duden	tu_112_xTok_002676
den	d	ART	Duden	tu_112_xTok_002678
23	23	ADJA		tu_112_xTok_002680
December	Dezember	NN	Duden	tu_112_xTok_002682
nämlichen	nämlich	ADJA	Duden	tu_112_xTok_002684
Jahrs	Jahr	NN	Duden	tu_112_xTok_002686
mit	mit	APPR	Duden	tu_112_xTok_002688
3	3	CARD		tu_112_xTok_002689
dergleichen	dergleichen	PIAT	Duden	tu_112_xTok_002691
verwegenen	verwegen	ADJA	Duden	tu_112_xTok_002693
Purschen	Bursche	NN	Duden	tu_112_xTok_002695
einen	ein	ART	Duden	tu_112_xTok_002697
der	d	ART	Duden	tu_112_xTok_002699
Herrschaft	Herrschaft	NN	Duden	tu_112_xTok_002701
Perwarth	Perwarth	NE::top	oov	tu_112_xTok_002703
unterthänigen	untertänig	ADJA	Duden	tu_112_xTok_002705
Bauer	Bauer	NN	Duden	tu_112_xTok_002708
im	im	APPRART	Duden	tu_112_xTok_002710
Leitel	Leite	NN	Duden	tu_112_xTok_002712
ob	ob	APPR	Duden	tu_112_xTok_002714
der	d	ART	Duden	tu_112_xTok_002716
Neumühl	Neumühl	NN	oov	tu_112_xTok_002718
unweit	unweit	APPR	Duden	tu_112_xTok_002720
Randegg	Randegg	NE::top	oov	tu_112_xTok_002722
sammt	samt	APPR	Duden	tu_112_xTok_002724
seinen	sein	PPOSAT	Duden	tu_112_xTok_002726
Eheweibe	Eheweib	NN	Duden	tu_112_xTok_002729
und	und	KON	Duden	tu_112_xTok_002731
Hausgesinde	Hausgesinde	NN	Duden	tu_112_xTok_002733
verschiedentlich	verschiedentlich	ADV	Duden	tu_112_xTok_002735
mißhandlen	misshandeln	VVINF	Duden	tu_112_xTok_002737
<g/>
,
und	und	KON	Duden	tu_112_xTok_002740
denselben	derselbe	PDS	Duden	tu_112_xTok_002742
in	in	APPR	Duden	tu_112_xTok_002745
Folge	Folge	NN	Duden	tu_112_xTok_002747
ihrer	ihr	PPOSAT	Duden	tu_112_xTok_002749
beschwornen	beschwören	ADJA	Duden	tu_112_xTok_002751
Aussagen	Aussage	NN	Duden	tu_112_xTok_002753
am	am	APPRART	Duden	tu_112_xTok_002755
Gelde	Geld	NN	Duden	tu_112_xTok_002757
und	und	KON	Duden	tu_112_xTok_002759
Geldeswerthe	Geldeswert	NN	Duden	tu_112_xTok_002761
116	116	CARD		tu_112_xTok_002762
fl.	Flore	NN	DWB	tu_112_xTok_002764
31	31	CARD		tu_112_xTok_002767
kr.	Kreuzer	NN	Duden	tu_112_xTok_002769
2	2	CARD		tu_112_xTok_002772
pf.	Pfennig	NN	Duden	tu_112_xTok_002774
abrauben	abrauben	VVINF	DWB	tu_112_xTok_002777
geholfen	helfen	VVPP	Duden	tu_112_xTok_002779
habe	haben	VAFIN	Duden	tu_112_xTok_002781
<g/>
,
welch	welch	PRELS	Duden	tu_112_xTok_002784
ein	ein	ART	Duden	tu_112_xTok_002786
so	so	ADV	Duden	tu_112_xTok_002788
anders	ander	PIS	Duden	tu_112_xTok_002790
jedoch	jedoch	ADV	Duden	tu_112_xTok_002792
er	er	PPER	Duden	tu_112_xTok_002793
Adam	Adam	NE	Duden	tu_112_xTok_002795
G.	G.	NE	oov	tu_112_xTok_002797
nachhin	nachhin	ADV	DWB	tu_112_xTok_002800
bey	bei	APPR	Duden	tu_112_xTok_002802
Gerichte	Gericht	NN	Duden	tu_112_xTok_002804
hartnäckig	hartnäckig	ADJD	Duden	tu_112_xTok_002806
widersprochen	widersprechen	VVPP	Duden	tu_112_xTok_002808
hat	haben	VAFIN	Duden	tu_112_xTok_002810
<g/>
.
</p>
<head>
Jnhalt	Inhalt	NN	Duden	tu_112_xTok_002812
ihres	ihr	PPOSAT	Duden	tu_112_xTok_002814
Urtheils	Urteil	NN	Duden	tu_112_xTok_002816
<g/>
:
</head>
<p id="fb_17750317_AdamG_LeonhardS_Ig_p_0008">
Dieser	diese	PDAT	Duden	tu_112_xTok_002818
Adam	Adam	NE	Duden	tu_112_xTok_002820
G.	G.	NE	oov	tu_112_xTok_002822
Leonhard	Leonhard	NE	Duden	tu_112_xTok_002825
S.	S.	NE	oov	tu_112_xTok_002827
und	und	KON	Duden	tu_112_xTok_002830
Jgnaz	Ignaz	NE	Duden	tu_112_xTok_002832
A.	A.	NE	oov	tu_112_xTok_002834
sollen	sollen	VMFIN	Duden	tu_112_xTok_002837
vor	vor	APPR	Duden	tu_112_xTok_002839
das	d	ART	Duden	tu_112_xTok_002841
allhiesige	allhiesig	ADJA	DWB	tu_112_xTok_002843
Schottenthor	Schottentor	NE::top	oov	tu_112_xTok_002846
auf	auf	APPR	Duden	tu_112_xTok_002848
die	d	ART	Duden	tu_112_xTok_002850
gewöhnliche	gewöhnlich	ADJA	Duden	tu_112_xTok_002852
Richtstatt	Richtstatt	NN	DWB	tu_112_xTok_002854
geführet	führen	VVPP	Duden	tu_112_xTok_002856
<g/>
,
allda	allda	ADV	Duden	tu_112_xTok_002859
mit	mit	APPR	Duden	tu_112_xTok_002860
dem	d	ART	Duden	tu_112_xTok_002862
Schwerd	Schwert	NN	Duden	tu_112_xTok_002864
vom	vom	APPRART	Duden	tu_112_xTok_002866
Leben	Leben	NN	Duden	tu_112_xTok_002868
zum	zum	APPRART	Duden	tu_112_xTok_002870
Tode	Tod	NN	Duden	tu_112_xTok_002872
hingerichtet	hinrichten	VVPP	Duden	tu_112_xTok_002874
<g/>
,
sodann	sodann	ADV	Duden	tu_112_xTok_002877
ihre	ihr	PPOSAT	Duden	tu_112_xTok_002879
Körper	Körper	NN	Duden	tu_112_xTok_002880
auf	auf	APPR	Duden	tu_112_xTok_002882
die	d	ART	Duden	tu_112_xTok_002884
Räder	Rad	NN	Duden	tu_112_xTok_002886
gelegt	legen	VVPP	Duden	tu_112_xTok_002888
<g/>
,
und	und	KON	Duden	tu_112_xTok_002891
die	d	ART	Duden	tu_112_xTok_002893
Köpfe	Kopf	NN	Duden	tu_112_xTok_002895
auf	auf	APPR	Duden	tu_112_xTok_002897
Pfähle	Pfahl	NN	Duden	tu_112_xTok_002899
gesteckt	stecken	VVPP	Duden	tu_112_xTok_002901
werden	werden	VAINF	Duden	tu_112_xTok_002902
<g/>
.
</p>
Dieses	diese	PDS	Duden	tu_112_xTok_002904
ihnen	sie	PPER	Duden	tu_112_xTok_002906
zur	zur	APPRART	Duden	tu_112_xTok_002908
wohlverdienten	wohlverdient	ADJA	Duden	tu_112_xTok_002910
Strafe	Strafe	NN	Duden	tu_112_xTok_002912
<g/>
,
andren	ander	PIS	Duden	tu_112_xTok_002915
ihres gleichen	ihresgleichen	PIS		tu_112_xTok_002917
aber	aber	ADV	Duden	tu_112_xTok_002921
zum	zum	APPRART	Duden	tu_112_xTok_002923
erspiegelnden	erspiegeln	ADJA	DWB	tu_112_xTok_002924
Abscheu	Abscheu	NN	Duden	tu_112_xTok_002926
<g/>
.
Gott	Gott	NN	Duden	tu_112_xTok_002928
sey	sein	VAIMP	Duden	tu_112_xTok_002930
ihrer	ihr	PPOSAT	Duden	tu_112_xTok_002932
armen	arm	ADJA	Duden	tu_112_xTok_002934
Seelen	Seele	NN	Duden	tu_112_xTok_002936
gnädig	gnädig	ADJD	Duden	tu_112_xTok_002938
und	und	KON	Duden	tu_112_xTok_002940
barmherzig	barmherzig	ADJD	Duden	tu_112_xTok_002942
<g/>
!
</doc>
