<doc id="fb_17810721_JosephN_MathiasN" delinquent_sexes="male" title="Todesurteil Joseph N., Mathias N." attrs="word lemma pos vocab id">
<head>
Urgicht	Urgicht	NN	DWB	tu_121_xTok_000206
<g/>
.
</head>
<p id="fb_17810721_JosephN_MathiasN_p_0001">
Gegenwärtige	gegenwärtig	ADJA	Duden	tu_121_xTok_000210
vor	vor	APPR	Duden	tu_121_xTok_000213
dem	d	ART	Duden	tu_121_xTok_000215
Criminalgericht	Kriminalgericht	NN	Duden	tu_121_xTok_000217
offentlich	öffentlich	ADJD	Duden	tu_121_xTok_000219
vorgestellte	vorstellen	ADJA	Duden	tu_121_xTok_000221
zwey	zwei	CARD	Duden	tu_121_xTok_000222
Uebelthäter	Übeltäter	NN	Duden	tu_121_xTok_000224
haben	haben	VAFIN	Duden	tu_121_xTok_000226
in	in	APPR	Duden	tu_121_xTok_000230
denen	d	ART	Duden	tu_121_xTok_000232
mit	mit	APPR	Duden	tu_121_xTok_000234
ihnen	sie	PPER	Duden	tu_121_xTok_000236
vorgenommenen	vornehmen	ADJA	Duden	tu_121_xTok_000238
Verhören	Verhör	NN	Duden	tu_121_xTok_000239
quoad	quoad	FM	G-LDHW	tu_121_xTok_000241
generalia	generalis	FM	G-LDHW	tu_121_xTok_000243
ausgesagt	aussagen	VVPP	Duden	tu_121_xTok_000245
<g/>
:
daß	dass	KOUS	Duden	tu_121_xTok_000248
</p>
<p id="fb_17810721_JosephN_MathiasN_p_0002">
Erster	erste	ADJ-NN	Duden	tu_121_xTok_000249
<g/>
,
Joseph	Joseph	NE	Duden	tu_121_xTok_000252
N.	N.	NE	oov	tu_121_xTok_000254
heiße	heißen	VVFIN	Duden	tu_121_xTok_000257
<g/>
,
24				tu_121_xTok_000260
jährigen			oov	tu_121_xTok_000262
Alters	Alter	NN	Duden	tu_121_xTok_000264
<g/>
,
von	von	APPR	Duden	tu_121_xTok_000267
<placeName id="pn121">
Pinswang	Pinswang	NE::top	oov	tu_121_xTok_000268
aus	aus	APPR	Duden	tu_121_xTok_000270
Vorderösterreich	Vorderösterreich	NE::top	oov	tu_121_xTok_000272
</placeName>
von	von	APPR	Duden	tu_121_xTok_000274
Abdeckersleuten	Abdeckersleute	NN	oov	tu_121_xTok_000276
gebohren	gebären	VVPP	Duden	tu_121_xTok_000278
<g/>
,
katholischer	katholisch	ADJA	Duden	tu_121_xTok_000282
Religion	Religion	NN	Duden	tu_121_xTok_000284
<g/>
,
keiner	kein	PIAT	Duden	tu_121_xTok_000287
Profeßion	Profession	NN	Duden	tu_121_xTok_000289
kündig	kundig	ADJD	Duden	tu_121_xTok_000291
<g/>
,
und	und	KON	Duden	tu_121_xTok_000294
ledigen	ledig	ADJA	Duden	tu_121_xTok_000296
Standes	Stand	NN	Duden	tu_121_xTok_000299
seye	sein	VAFIN	Duden	tu_121_xTok_000301
<g/>
;
der	d	ART	Duden	tu_121_xTok_000304
</p>
<p id="fb_17810721_JosephN_MathiasN_p_0003">
Zweyte	zweite	ADJ-NN	Duden	tu_121_xTok_000305
aber	aber	ADV	Duden	tu_121_xTok_000307
Mathias	Matthias	NE	Duden	tu_121_xTok_000309
N.	N.	NE	oov	tu_121_xTok_000311
heiße	heißen	VVFIN	Duden	tu_121_xTok_000314
<g/>
,
und	und	KON	Duden	tu_121_xTok_000317
26	26	CARD		tu_121_xTok_000319
Jahre	Jahr	NN	Duden	tu_121_xTok_000321
alt	alt	ADJD	Duden	tu_121_xTok_000323
<g/>
,
in	in	APPR	Duden	tu_121_xTok_000325
<placeName id="pn121b">
Schlesien	Schlesien	NE::top	Duden	tu_121_xTok_000327
</placeName>
von	von	APPR	Duden	tu_121_xTok_000329
Kramersleuten	Kramersleute	NN	oov	tu_121_xTok_000331
auf	auf	APPR	Duden	tu_121_xTok_000333
freyem	frei	ADJA	Duden	tu_121_xTok_000335
Felde	Feld	NN	Duden	tu_121_xTok_000337
gebohren	gebären	VVPP	Duden	tu_121_xTok_000339
<g/>
,
annoch	annoch	ADV	Duden	tu_121_xTok_000341
ledigen	ledig	ADJA	Duden	tu_121_xTok_000343
Standes	Stand	NN	Duden	tu_121_xTok_000345
<g/>
,
und	und	KON	Duden	tu_121_xTok_000348
gar	gar	ADV	Duden	tu_121_xTok_000350
keiner	kein	PIAT	Duden	tu_121_xTok_000352
Handierung	Hantierung	NN	Duden	tu_121_xTok_000354
kündig	kundig	ADJD	Duden	tu_121_xTok_000356
sey	sein	VAFIN	Duden	tu_121_xTok_000358
<g/>
.
</p>
<p id="fb_17810721_JosephN_MathiasN_p_0004">
Jn	in	APPR	Duden	tu_121_xTok_000360
der	d	ART	Duden	tu_121_xTok_000362
aber	aber	ADV	Duden	tu_121_xTok_000366
konnten	können	VMFIN	Duden	tu_121_xTok_000368
beede	beide	PIAT	Duden	tu_121_xTok_000370
schon	schon	ADV	Duden	tu_121_xTok_000372
verschreite	verschrien	ADJA	Duden	tu_121_xTok_000374
Uebelthäter	Übeltäter	NN	Duden	tu_121_xTok_000375
ohngeachtet	ungeachtet	APPR	Duden	tu_121_xTok_000377
deren	d	PDAT	Duden	tu_121_xTok_000379
wider	wider	APPR	Duden	tu_121_xTok_000381
sie	sie	PPER	Duden	tu_121_xTok_000383
vorgekommenen	vorkommen	ADJA	Duden	tu_121_xTok_000385
höchstbeschwerenden	höchstbeschwerend	ADJA	oov	tu_121_xTok_000387
Umständen	Umstand	NN	Duden	tu_121_xTok_000390
in	in	APPR	Duden	tu_121_xTok_000392
Güte	Güte	NN	Duden	tu_121_xTok_000394
nicht	nicht	PTKNEG	Duden	tu_121_xTok_000396
zur	zur	APPRART	Duden	tu_121_xTok_000398
Wahrheit	Wahrheit	NN	Duden	tu_121_xTok_000400
gebracht	bringen	VVPP	Duden	tu_121_xTok_000402
werden	werden	VAINF	Duden	tu_121_xTok_000403
<g/>
;
</p>
<p id="fb_17810721_JosephN_MathiasN_p_0005">
Nachdem	nachdem	KOUS	Duden	tu_121_xTok_000405
aber	aber	ADV	Duden	tu_121_xTok_000407
der	d	ART	Duden	tu_121_xTok_000409
den	d	ART	Duden	tu_121_xTok_000411
25.	25	ADJA		tu_121_xTok_000413
May	Mai	NN	Duden	tu_121_xTok_000415
anheuer	anheuer	ADV	oov	tu_121_xTok_000417
zur	zur	APPRART	Duden	tu_121_xTok_000419
Richtstatt	Richtstatt	NN	DWB	tu_121_xTok_000421
geschleifte	schleifen	ADJA	Duden	tu_121_xTok_000424
<g/>
,
und	und	KON	Duden	tu_121_xTok_000427
mit	mit	APPR	Duden	tu_121_xTok_000429
dem	d	ART	Duden	tu_121_xTok_000431
Strang	Strang	NN	Duden	tu_121_xTok_000433
hingerichtete	hinrichten	ADJA	Duden	tu_121_xTok_000435
Bartlme	Bartholomä	NE	oov	tu_121_xTok_000437
N.	N.	NE	oov	tu_121_xTok_000439
vulgo	vulgo	ADV	Duden	tu_121_xTok_000441
Tyroller=	Tiroler	ADJA	Duden	tu_121_xTok_000443
Bartl	Bartl	NE	oov	tu_121_xTok_000443b
<g/>
,
dann	dann	ADV	Duden	tu_121_xTok_000446
der	d	ART	Duden	tu_121_xTok_000448
den	d	ART	Duden	tu_121_xTok_000450
14.	14	ADJA		tu_121_xTok_000452
dieß	diese	PDAT	Duden	tu_121_xTok_000454
Monats	Monat	NN	Duden	tu_121_xTok_000456
in	in	APPR	Duden	tu_121_xTok_000458
einer	ein	ART	Duden	tu_121_xTok_000460
Kuhehaut	Kuhhaut	NN	Duden	tu_121_xTok_000461
zum	zum	APPRART	Duden	tu_121_xTok_000463
Hochgericht	Hochgericht	NN	Duden	tu_121_xTok_000465
geschleifte	schleifen	ADJA	Duden	tu_121_xTok_000467
<g/>
,
mit	mit	APPR	Duden	tu_121_xTok_000470
glüenden	glühend	ADJA	Duden	tu_121_xTok_000472
Zangen	Zange	NN	Duden	tu_121_xTok_000474
gezwickte	zwicken	ADJA	Duden	tu_121_xTok_000475
<g/>
,
und	und	KON	Duden	tu_121_xTok_000478
mit	mit	APPR	Duden	tu_121_xTok_000480
dem	d	ART	Duden	tu_121_xTok_000482
Rad	Rad	NN	Duden	tu_121_xTok_000484
hingerichtete	hinrichten	ADJA	Duden	tu_121_xTok_000486
Mathias	Matthias	NE	Duden	tu_121_xTok_000488
N.	N.	NE	oov	tu_121_xTok_000490
vulgo	vulgo	ADV	Duden	tu_121_xTok_000493
Windbeutl	Windbeutl	NE	oov	tu_121_xTok_000494
beede	beide	PIAT	Duden	tu_121_xTok_000496
diese	diese	PDAT	Duden	tu_121_xTok_000498
Uebelthäter	Übeltäter	NN	Duden	tu_121_xTok_000500
in	in	APPR	Duden	tu_121_xTok_000502
denen	d	ART	Duden	tu_121_xTok_000504
mit	mit	APPR	Duden	tu_121_xTok_000506
ihnen	sie	PPER	Duden	tu_121_xTok_000508
und	und	KON	Duden	tu_121_xTok_000510
noch	noch	ADV	Duden	tu_121_xTok_000512
andern	andere	ADJA	Duden	tu_121_xTok_000513
zahlreich	zahlreich	ADJD	Duden	tu_121_xTok_000515
bewafneten	bewaffnet	ADJA	Duden	tu_121_xTok_000517
Kammeraden	Kamerad	NN	Duden	tu_121_xTok_000519
auf	auf	APPR	Duden	tu_121_xTok_000521
der	d	ART	Duden	tu_121_xTok_000523
sogenannten	sogenannt	ADJA	Duden	tu_121_xTok_000525
Trenk=	Trenkmühle	TRUNC	oov	tu_121_xTok_000526
und	und	KON	Duden	tu_121_xTok_000528
Neullmühl	Neulmühle	NN	oov	tu_121_xTok_000530
Pfleggerichts	Pfleggericht	NN	Duden	tu_121_xTok_000537
Aichach	Aichach	NE::top	oov	tu_121_xTok_000539
verübten	verüben	ADJA	Duden	tu_121_xTok_000541
Rauben	rauben	VVINF-NN	Duden	tu_121_xTok_000542
<g/>
,
wovon	wovon	PWAV	Duden	tu_121_xTok_000545
das	d	ART	Duden	tu_121_xTok_000547
beederseitige	beiderseitig	ADJA	Duden	tu_121_xTok_000549
Corpus	corpus	FM	G-LDHW	tu_121_xTok_000551
delicti	delinquo	FM	G-LDHW	tu_121_xTok_000553
und	und	KON	Duden	tu_121_xTok_000555
die	d	ART	Duden	tu_121_xTok_000557
durch	durch	APPR	Duden	tu_121_xTok_000559
äußeriste	äußerste	ADJA	Duden	tu_121_xTok_000560
Todesbedrohungen	Todesbedrohung	NN	oov	tu_121_xTok_000562
Mißhandlung	Misshandlung	NN	Duden	tu_121_xTok_000566
<g/>
,
dann	dann	ADV	Duden	tu_121_xTok_000569
der	d	ART	Duden	tu_121_xTok_000571
hiebey	hiebei	ADV	Duden	tu_121_xTok_000572
verursachte	verursachen	ADJA	Duden	tu_121_xTok_000574
beschworne	beschwören	ADJA	Duden	tu_121_xTok_000576
Schaden	Schaden	NN	Duden	tu_121_xTok_000578
zusammen	zusammen	ADV	Duden	tu_121_xTok_000580
ad	ad	FM	G-LDHW	tu_121_xTok_000582
2693	2693	CARD		tu_121_xTok_000584
fl.	Flore	NN	DWB	tu_121_xTok_000586
51.	51	CARD		tu_121_xTok_000588
kr.	Kreuzer	NN	Duden	tu_121_xTok_000590
dem	d	ART	Duden	tu_121_xTok_000593
gesam̅ten	gesamt	ADJA	Duden	tu_121_xTok_000595
Publico	publicus	FM	G-LDHW	tu_121_xTok_000597
durch	durch	APPR	Duden	tu_121_xTok_000599
die	d	ART	Duden	tu_121_xTok_000601
vorgängige	vorgängig	ADJA	Duden	tu_121_xTok_000603
zwey	zwei	CARD	Duden	tu_121_xTok_000605
Urgichten	Urgicht	NN	DWB	tu_121_xTok_000607
ohnehin	ohnehin	ADV	Duden	tu_121_xTok_000610
genugsam	genugsam	ADJD	Duden	tu_121_xTok_000612
bekannt	bekannt	ADJD	Duden	tu_121_xTok_000614
geworden	werden	VAPP	Duden	tu_121_xTok_000616
<g/>
,
als	als	KOKOM	Duden	tu_121_xTok_000619
Mitthäter	Mittäter	NN	Duden	tu_121_xTok_000621
<g/>
,
und	und	KON	Duden	tu_121_xTok_000624
Theilnehmer	Teilnehmer	NN	Duden	tu_121_xTok_000625
angegeben	angeben	VVPP	Duden	tu_121_xTok_000627
<g/>
,
diese	diese	PDAT	Duden	tu_121_xTok_000630
ihre	ihr	PPOSAT	Duden	tu_121_xTok_000632
Aussage	Aussage	NN	Duden	tu_121_xTok_000634
nach	nach	APPR	Duden	tu_121_xTok_000636
vorgängiger	vorgängig	ADJA	Duden	tu_121_xTok_000638
recognitione	recognitio	FM	G-LDHW	tu_121_xTok_000639
personali	personalis	FM	G-LDHW	tu_121_xTok_000641
mit	mit	APPR	Duden	tu_121_xTok_000643
einem	ein	ART	Duden	tu_121_xTok_000645
körperlichen	körperlich	ADJA	Duden	tu_121_xTok_000647
Eid	Eid	NN	Duden	tu_121_xTok_000649
<g/>
,
und	und	KON	Duden	tu_121_xTok_000652
mit	mit	APPR	Duden	tu_121_xTok_000654
dem	d	ART	Duden	tu_121_xTok_000656
darauf	darauf	PAV	Duden	tu_121_xTok_000657
gefolgt	folgen	ADJA	Duden	tu_121_xTok_000659
reumüthigen	reumütig	ADJA	Duden	tu_121_xTok_000661
Tod	Tod	NN	Duden	tu_121_xTok_000663
bestättiget	bestätigen	VVPP	Duden	tu_121_xTok_000665
haben	haben	VAFIN	Duden	tu_121_xTok_000667
<g/>
;
</p>
<p id="fb_17810721_JosephN_MathiasN_p_0006">
Als	als	ADV	Duden	tu_121_xTok_000669
wurden	werden	VAFIN	Duden	tu_121_xTok_000671
von	von	APPR	Duden	tu_121_xTok_000673
einem	ein	ART	Duden	tu_121_xTok_000675
Kurfürstl.	kurfürstlich	ADJA	Duden	tu_121_xTok_000677
hochlöbl.	hochlöblich	ADJA	Duden	tu_121_xTok_000680
Hofrath	Hofrat	NN	Duden	tu_121_xTok_000683
beede	beide	PIAT	Duden	tu_121_xTok_000684
diese	diese	PDAT	Duden	tu_121_xTok_000686
Missethäter	Missetäter	NN	Duden	tu_121_xTok_000688
in	in	APPR	Duden	tu_121_xTok_000690
Anbetrachtsame	Anbetrachtsam	NN	oov	tu_121_xTok_000692
dieser	diese	PDAT	Duden	tu_121_xTok_000694
zweyen	zwei	CARD	Duden	tu_121_xTok_000696
Mühlerrauben	Mühlenraub	NN	oov	tu_121_xTok_000698
ohngeachtet	ungeachtet	APPR	Duden	tu_121_xTok_000701
ihres	ihr	PPOSAT	Duden	tu_121_xTok_000703
verwegenen	verwegen	ADJA	Duden	tu_121_xTok_000705
und	und	KON	Duden	tu_121_xTok_000707
hartneckigen	hartnäckig	ADJA	Duden	tu_121_xTok_000709
Laugnens	leugnen	VVINF-NN	Duden	tu_121_xTok_000711
nach	nach	APPR	Duden	tu_121_xTok_000714
Ausweis	Ausweis	NN	Duden	tu_121_xTok_000716
der	d	ART	Duden	tu_121_xTok_000718
Kurfürstl.	kurfürstlich	ADJA	Duden	tu_121_xTok_000720
hieländisch	hieländisch	ADJA	DWB	tu_121_xTok_000723
peinlichen	peinlich	ADJA	Duden	tu_121_xTok_000725
Gesätzen	Gesetz	NN	Duden	tu_121_xTok_000727
pro	pro	FM	G-LDHW	tu_121_xTok_000728
Convictis	convinco	FM	G-LDHW	tu_121_xTok_000730
<g/>
,
das	d	PDS	Duden	tu_121_xTok_000733
ist	sein	VAFIN	Duden	tu_121_xTok_000735
vor	vor	APPR	Duden	tu_121_xTok_000737
überwisen	überweisen	VVPP	Duden	tu_121_xTok_000739
gehalten	halten	VVPP	Duden	tu_121_xTok_000741
<g/>
,
zum	zum	APPRART	Duden	tu_121_xTok_000744
Tod	Tod	NN	Duden	tu_121_xTok_000746
gerechtest	gerecht	ADJD	Duden	tu_121_xTok_000748
verurtheilet	verurteilen	VVPP	Duden	tu_121_xTok_000751
<g/>
,
und	und	KON	Duden	tu_121_xTok_000754
obstehendes	obstehen	ADJA	DWB	tu_121_xTok_000756
Endurtheil	Endurteil	NN	Duden	tu_121_xTok_000758
an	an	APPR	Duden	tu_121_xTok_000760
ihnen	sie	PPER	Duden	tu_121_xTok_000762
exequieren	exequieren	VVINF	Duden	tu_121_xTok_000764
zu	zu	PTKZU	Duden	tu_121_xTok_000767
lassen	lassen	VVINF	Duden	tu_121_xTok_000769
gnädigst	gnädig	ADJD	Duden	tu_121_xTok_000771
anbefohlen	anbefehlen	VVPP	Duden	tu_121_xTok_000773
<g/>
.
</p>
<lg type="poem">
<head>
Moralrede	Moralrede	NN	oov	tu_121_xTok_000775
<g/>
.
</head>
<lg type="stanza">
<l id="fb_17810721_JosephN_MathiasN_l_0001">
Nein	nein	PTKANT	Duden	tu_121_xTok_000777
<g/>
!
die	d	ART	Duden	tu_121_xTok_000781
Gerechtigkeit	Gerechtigkeit	NN	Duden	tu_121_xTok_000783
schläft	schlafen	VVFIN	Duden	tu_121_xTok_000785
keinen	kein	PIAT	Duden	tu_121_xTok_000787
langen	lang	ADJA	Duden	tu_121_xTok_000789
Schlaf	Schlaf	NN	Duden	tu_121_xTok_000791
<g/>
!
</l>
<l id="fb_17810721_JosephN_MathiasN_l_0002">
wie	wie	KOUS	Duden	tu_121_xTok_000793
sie	sie	PPER	Duden	tu_121_xTok_000795
in	in	APPR	Duden	tu_121_xTok_000797
Gang	Gang	NN	Duden	tu_121_xTok_000799
gebracht	bringen	VVPP	Duden	tu_121_xTok_000801
<g/>
,
so	so	ADV	Duden	tu_121_xTok_000804
schlüßt	schließen	VVFIN	Duden	tu_121_xTok_000806
sie	sie	PPER	Duden	tu_121_xTok_000808
die	d	ART	Duden	tu_121_xTok_000810
Octav	Oktav	NN	Duden	tu_121_xTok_000812
<g/>
.
</l>
<l id="fb_17810721_JosephN_MathiasN_l_0003">
Blut	Blut	NN	Duden	tu_121_xTok_000814
ist	sein	VAFIN	Duden	tu_121_xTok_000816
ihr	ihr	PPOSAT	Duden	tu_121_xTok_000818
Losungswort	Losungswort	NN	Duden	tu_121_xTok_000820
<g/>
:
Jhr	ihr	PPOSAT	Duden	tu_121_xTok_000823
fürchterlicher	fürchterlich	ADJA	Duden	tu_121_xTok_000825
Tempel	Tempel	NN	Duden	tu_121_xTok_000827
</l>
<l id="fb_17810721_JosephN_MathiasN_l_0004">
zeigt	zeigen	VVFIN	Duden	tu_121_xTok_000828
heute	heute	ADV	Duden	tu_121_xTok_000830
abermal	abermals	ADV	Duden	tu_121_xTok_000832
ein	ein	ART	Duden	tu_121_xTok_000834
schreckliches	schrecklich	ADJA	Duden	tu_121_xTok_000836
Exempel	Exempel	NN	Duden	tu_121_xTok_000838
<g/>
,
</l>
<l id="fb_17810721_JosephN_MathiasN_l_0005">
wie	wie	KOKOM	Duden	tu_121_xTok_000840
heiß	heiß	ADJD	Duden	tu_121_xTok_000842
ihr	ihr	PPOSAT	Duden	tu_121_xTok_000844
Eifer	Eifer	NN	Duden	tu_121_xTok_000846
sey	sein	VAFIN	Duden	tu_121_xTok_000848
<g/>
,
indem	indem	KOUS	Duden	tu_121_xTok_000851
ein	ein	ART	Duden	tu_121_xTok_000853
Sünder=Paar	Sünderpaar	NN	oov	tu_121_xTok_000855
</l>
<l id="fb_17810721_JosephN_MathiasN_l_0006">
den	d	ART	Duden	tu_121_xTok_000856
grausen	graus	ADJA	Duden	tu_121_xTok_000858
Lohn	Lohn	NN	Duden	tu_121_xTok_000860
empfängt	empfangen	VVFIN	Duden	tu_121_xTok_000862
bey	bei	APPR	Duden	tu_121_xTok_000864
ihrem	ihr	PPOSAT	Duden	tu_121_xTok_000866
Würg=Altar	Würgaltar	NN	DWB	tu_121_xTok_000868
<g/>
.
</l>
<l id="fb_17810721_JosephN_MathiasN_l_0007">
Es	es	PPER	Duden	tu_121_xTok_000870
ist	sein	VAFIN	Duden	tu_121_xTok_000872
ihr	ihr	PPOSAT	Duden	tu_121_xTok_000874
ganzer	ganz	ADJA	Duden	tu_121_xTok_000876
Ernst	Ernst	NN	Duden	tu_121_xTok_000878
von	von	APPR	Duden	tu_121_xTok_000880
Dieben	Dieb	NN	Duden	tu_121_xTok_000882
<g/>
,
und	und	KON	Duden	tu_121_xTok_000885
von	von	APPR	Duden	tu_121_xTok_000887
Räubern	Räuber	NN	Duden	tu_121_xTok_000889
<g/>
,
</l>
<l id="fb_17810721_JosephN_MathiasN_l_0008">
es	es	PPER	Duden	tu_121_xTok_000891
koste	kosten	VVFIN	Duden	tu_121_xTok_000893
<g/>
,
was	was	PRELS	Duden	tu_121_xTok_000896
es	es	PPER	Duden	tu_121_xTok_000898
will	wollen	VMFIN	Duden	tu_121_xTok_000900
<g/>
,
so	so	ADV	Duden	tu_121_xTok_000903
Stadt	Stadt	NN	Duden	tu_121_xTok_000905
<g/>
,
als	als	KOKOM	Duden	tu_121_xTok_000908
Land	Land	NN	Duden	tu_121_xTok_000910
zu	zu	PTKZU	Duden	tu_121_xTok_000912
säubern	säubern	VVINF	Duden	tu_121_xTok_000914
<g/>
.
</l>
<l id="fb_17810721_JosephN_MathiasN_l_0009">
Du	du	PPER	Duden	tu_121_xTok_000916
böse	böse	ADJA	Duden	tu_121_xTok_000918
Rotte	Rotte	NN	Duden	tu_121_xTok_000918c
du	du	PPER	Duden	tu_121_xTok_000920
<g/>
,
treibst	treiben	VVFIN	Duden	tu_121_xTok_000923
deinen	dein	PPOSAT	Duden	tu_121_xTok_000927
Frevel	Frevel	NN	Duden	tu_121_xTok_000929
lang	lang	ADJD	Duden	tu_121_xTok_000931
<g/>
,
</l>
<l id="fb_17810721_JosephN_MathiasN_l_0010">
und	und	KON	Duden	tu_121_xTok_000933
<g/>
,
o	oh	ITJ	Duden	tu_121_xTok_000936
wie	wie	KOKOM	Duden	tu_121_xTok_000938
unverhoft	unverhofft	ADJD	Duden	tu_121_xTok_000940
<g/>
!
thust	tun	VVFIN	Duden	tu_121_xTok_000943
du	du	PPER	Duden	tu_121_xTok_000945
den	d	ART	Duden	tu_121_xTok_000947
letzten	letzte	ADJA	Duden	tu_121_xTok_000949
Gang	Gang	NN	Duden	tu_121_xTok_000951
<g/>
:
</l>
<l id="fb_17810721_JosephN_MathiasN_l_0011">
so	so	ADV	Duden	tu_121_xTok_000953
läßt	lassen	VVFIN	Duden	tu_121_xTok_000955
ein	ein	ART	Duden	tu_121_xTok_000957
Ochs	Ochse	NN	Duden	tu_121_xTok_000959
den	d	ART	Duden	tu_121_xTok_000961
Strick	Strick	NN	Duden	tu_121_xTok_000963
sich	sich	PRF	Duden	tu_121_xTok_000965
um	um	APPR	Duden	tu_121_xTok_000967
die	d	ART	Duden	tu_121_xTok_000969
Hörner	Horn	NN	Duden	tu_121_xTok_000971
werfen	werfen	VVINF	Duden	tu_121_xTok_000973
<g/>
,
</l>
<l id="fb_17810721_JosephN_MathiasN_l_0012">
indem	indem	KOUS	Duden	tu_121_xTok_000975
die	d	ART	Duden	tu_121_xTok_000977
Fleischer	Fleischer	NN	Duden	tu_121_xTok_000979
schon	schon	ADV	Duden	tu_121_xTok_000981
ihr	ihr	PPOSAT	Duden	tu_121_xTok_000983
Beil	Beil	NN	Duden	tu_121_xTok_000985
<g/>
,
und	und	KON	Duden	tu_121_xTok_000988
Messer	Messer	NN	Duden	tu_121_xTok_000990
schärfen	schärfen	VVFIN	Duden	tu_121_xTok_000992
<g/>
.
</l>
<l id="fb_17810721_JosephN_MathiasN_l_0013">
Er	er	PPER	Duden	tu_121_xTok_000994
folgt	folgen	VVFIN	Duden	tu_121_xTok_000996
<g/>
,
da	da	KOUS	Duden	tu_121_xTok_000999
die	d	ART	Duden	tu_121_xTok_001001
Gefahr	Gefahr	NN	Duden	tu_121_xTok_001003
vor	vor	APPR	Duden	tu_121_xTok_001005
ihm	er	PPER	Duden	tu_121_xTok_001007
sich	sich	PRF	Duden	tu_121_xTok_001009
schlau	schlau	ADJD	Duden	tu_121_xTok_001011
verbirgt	verbergen	VVFIN	Duden	tu_121_xTok_001013
<g/>
,
</l>
<l id="fb_17810721_JosephN_MathiasN_l_0014">
bis	bis	KOUS	Duden	tu_121_xTok_001015
er	er	PPER	Duden	tu_121_xTok_001017
die	d	ART	Duden	tu_121_xTok_001019
Fleischbank	Fleischbank	NN	Duden	tu_121_xTok_001021
nun	nun	ADV	Duden	tu_121_xTok_001023
betritt	betreten	VVFIN	Duden	tu_121_xTok_001025
<g/>
,
wo	wo	PWAV	Duden	tu_121_xTok_001028
man	man	PIS	Duden	tu_121_xTok_001030
ihn	er	PPER	Duden	tu_121_xTok_001032
würgt	würgen	VVFIN	Duden	tu_121_xTok_001034
<g/>
;
</l>
<l id="fb_17810721_JosephN_MathiasN_l_0015">
so	so	ADV	Duden	tu_121_xTok_001036
Räuber	Räuber	NN	Duden	tu_121_xTok_001038
fährt	fortfahren	VVFIN	Duden	tu_121_xTok_001040
ihr	ihr	PPER	Duden	tu_121_xTok_001042
fort	fort	PTKVZ	Duden	tu_121_xTok_001044
dem	d	ART	Duden	tu_121_xTok_001046
Raube	Raub	NN	Duden	tu_121_xTok_001048
nach	nach	PTKVZ	Duden	tu_121_xTok_001050
zu	zu	PTKZU	Duden	tu_121_xTok_001052
jagen	nachjagen	VVINF	Duden	tu_121_xTok_001054
<g/>
,
</l>
<l id="fb_17810721_JosephN_MathiasN_l_0016">
bis	bis	KOUS	Duden	tu_121_xTok_001056
euch	ihr	PPER	Duden	tu_121_xTok_001058
ein	ein	ART	Duden	tu_121_xTok_001060
schwarzer	schwarz	ADJA	Duden	tu_121_xTok_001062
Tag	Tag	NN	Duden	tu_121_xTok_001064
wird	werden	VAFIN	Duden	tu_121_xTok_001066
in	in	APPR	Duden	tu_121_xTok_001068
die	d	ART	Duden	tu_121_xTok_001070
Fesseln	Fessel	NN	Duden	tu_121_xTok_001072
schlagen	schlagen	VVINF	Duden	tu_121_xTok_001074
<g/>
;
</l>
<l id="fb_17810721_JosephN_MathiasN_l_0017">
so	so	ADV	Duden	tu_121_xTok_001076
flügt	fliegen	VVFIN	Duden	tu_121_xTok_001078
auf	auf	APPR	Duden	tu_121_xTok_001080
Strick	Strick	NN	Duden	tu_121_xTok_001082
<g/>
,
und	und	KON	Duden	tu_121_xTok_001085
Netz	Netz	NN	Duden	tu_121_xTok_001087
ein	ein	ART	Duden	tu_121_xTok_001089
Vogel	Vogel	NN	Duden	tu_121_xTok_001091
dumm	dumm	ADJD	Duden	tu_121_xTok_001093
<g/>
,
und	und	KON	Duden	tu_121_xTok_001096
wild	wild	ADJD	Duden	tu_121_xTok_001098
<g/>
,
</l>
<l id="fb_17810721_JosephN_MathiasN_l_0018">
und	und	KON	Duden	tu_121_xTok_001100
unbewust	unbewusst	ADJD	Duden	tu_121_xTok_001102
<g/>
,
daß	dass	KOUS	Duden	tu_121_xTok_001105
es	es	PPER	Duden	tu_121_xTok_001107
ihm	er	PPER	Duden	tu_121_xTok_001109
bald	bald	ADV	Duden	tu_121_xTok_001111
das	d	ART	Duden	tu_121_xTok_001113
Leben	Leben	NN	Duden	tu_121_xTok_001115
gilt	gelten	VVFIN	Duden	tu_121_xTok_001117
<g/>
.
</l>
<l id="fb_17810721_JosephN_MathiasN_l_0019">
So	so	ADV	Duden	tu_121_xTok_001119
sehr	sehr	ADV	Duden	tu_121_xTok_001121
ihr	ihr	PPER	Duden	tu_121_xTok_001123
immer	immer	ADV	Duden	tu_121_xTok_001125
pocht	pochen	VVFIN	Duden	tu_121_xTok_001127
auf	auf	APPR	Duden	tu_121_xTok_001129
eure	euer	PPOSAT	Duden	tu_121_xTok_001131
Zahl	Zahl	NN	Duden	tu_121_xTok_001133
und	und	KON	Duden	tu_121_xTok_001135
Stärke	Stärke	NN	Duden	tu_121_xTok_001137
<g/>
,
</l>
<l id="fb_17810721_JosephN_MathiasN_l_0020">
mit	mit	APPR	Duden	tu_121_xTok_001139
Nacht	Nacht	NN	Duden	tu_121_xTok_001141
und	und	KON	Duden	tu_121_xTok_001143
Finsterniß	Finsternis	NN	Duden	tu_121_xTok_001145
bedeckt	bedecken	VVFIN	Duden	tu_121_xTok_001147
der	d	ART	Duden	tu_121_xTok_001149
Boßheit	Bosheit	NN	Duden	tu_121_xTok_001151
Werke	Werk	NN	Duden	tu_121_xTok_001153
<g/>
,
</l>
<l id="fb_17810721_JosephN_MathiasN_l_0021">
nichts desto weniger	nichtsdestoweniger	ADV		tu_121_xTok_001155
kommt	kommen	VVFIN	Duden	tu_121_xTok_001161
der	d	ART	Duden	tu_121_xTok_001163
bestimmte	bestimmt	ADJA	Duden	tu_121_xTok_001165
Tag	Tag	NN	Duden	tu_121_xTok_001167
<g/>
,
</l>
<l id="fb_17810721_JosephN_MathiasN_l_0022">
der	d	PRELS	Duden	tu_121_xTok_001169
alles	all	PIS	Duden	tu_121_xTok_001171
offenbart	offenbaren	VVFIN	Duden	tu_121_xTok_001173
<g/>
,
und	und	KON	Duden	tu_121_xTok_001176
dessen	d	PRELAT	Duden	tu_121_xTok_001178
Donnerschlag	Donnerschlag	NN	Duden	tu_121_xTok_001180
</l>
<l id="fb_17810721_JosephN_MathiasN_l_0023">
ihr	ihr	PPER	Duden	tu_121_xTok_001181
nicht	nicht	PTKNEG	Duden	tu_121_xTok_001183
vermeiden	vermeiden	VVINF	Duden	tu_121_xTok_001185
könnt	können	VMFIN	Duden	tu_121_xTok_001189
<g/>
;
das	d	ART	Duden	tu_121_xTok_001192
Wüthen	wüten	VVINF-NN	Duden	tu_121_xTok_001194
<g/>
,
das	d	ART	Duden	tu_121_xTok_001197
Verfahren	Verfahren	NN	Duden	tu_121_xTok_001199
<g/>
,
</l>
<l id="fb_17810721_JosephN_MathiasN_l_0024">
ihr	ihr	PPER	Duden	tu_121_xTok_001201
<g/>
,
o	oh	ITJ	Duden	tu_121_xTok_001204
nicht	nicht	PTKNEG	Duden	tu_121_xTok_001206
Menschen	Mensch	NN	Duden	tu_121_xTok_001208
<g/>
,
nein	nein	PTKANT	Duden	tu_121_xTok_001211
<g/>
!
ihr	ihr	PPER	Duden	tu_121_xTok_001214
teuflische	teuflisch	ADJA	Duden	tu_121_xTok_001216
Barbaren	Barbar	NN	Duden	tu_121_xTok_001218
<g/>
,
</l>
<l id="fb_17810721_JosephN_MathiasN_l_0025">
an	an	APPR	Duden	tu_121_xTok_001220
fremder	fremd	ADJA	Duden	tu_121_xTok_001222
Haut	Haut	NN	Duden	tu_121_xTok_001224
vollbracht	vollbringen	VVPP	Duden	tu_121_xTok_001226
<g/>
,
ergeußt	ergießen	VVFIN	Duden	tu_121_xTok_001229
sich	sich	PRF	Duden	tu_121_xTok_001231
nun	nun	ADV	Duden	tu_121_xTok_001233
auf	auf	APPR	Duden	tu_121_xTok_001235
euch	ihr	PPER	Duden	tu_121_xTok_001237
<g/>
,
</l>
<l id="fb_17810721_JosephN_MathiasN_l_0026">
durch	durch	APPR	Duden	tu_121_xTok_001239
Qualen	Qual	NN	Duden	tu_121_xTok_001241
jeder	jede	PIAT	Duden	tu_121_xTok_001243
Art	Art	NN	Duden	tu_121_xTok_001245
<g/>
,
Tortur	Tortur	NN	Duden	tu_121_xTok_001248
<g/>
,
und	und	KON	Duden	tu_121_xTok_001251
Geiselstreich	Geißelstreich	NN	oov	tu_121_xTok_001253
<g/>
.
</l>
<l id="fb_17810721_JosephN_MathiasN_l_0027">
Das	d	ART	Duden	tu_121_xTok_001255
Generalmandat	Generalmandat	NN	DRW	tu_121_xTok_001257
verspricht	versprechen	VVFIN	Duden	tu_121_xTok_001259
euch	ihr	PPER	Duden	tu_121_xTok_001261
keine	kein	PIAT	Duden	tu_121_xTok_001263
Gnade	Gnade	NN	Duden	tu_121_xTok_001265
<g/>
.
</l>
<l id="fb_17810721_JosephN_MathiasN_l_0028">
Beil	Beil	NN	Duden	tu_121_xTok_001267
<g/>
,
Schleipfe	Schleife	NN	DWB	tu_121_xTok_001270
<g/>
,
Zangenzwick	Zangenzwick	NN	oov	tu_121_xTok_001273
<g/>
,
Verschmachten	verschmachten	VVFIN	Duden	tu_121_xTok_001276
auf	auf	APPR	Duden	tu_121_xTok_001278
dem	d	ART	Duden	tu_121_xTok_001280
Rade	Rad	NN	Duden	tu_121_xTok_001282
</l>
<l id="fb_17810721_JosephN_MathiasN_l_0029">
sind	sein	VAFIN	Duden	tu_121_xTok_001283
euers	euer	PPOSAT	Duden	tu_121_xTok_001285
Kelches	Kelch	NN	Duden	tu_121_xTok_001287
theil	Teil	NN	Duden	tu_121_xTok_001289
<g/>
.
Ergreifet	ergreifen	VVIMP	Duden	tu_121_xTok_001292
nur	nur	ADV	Duden	tu_121_xTok_001294
die	d	ART	Duden	tu_121_xTok_001296
Flucht	Flucht	NN	Duden	tu_121_xTok_001298
<g/>
,
</l>
<l id="fb_17810721_JosephN_MathiasN_l_0030">
ihr	ihr	PPER	Duden	tu_121_xTok_001300
werdet	werden	VAFIN	Duden	tu_121_xTok_001302
überall	überall	ADV	Duden	tu_121_xTok_001304
verfolgt	verfolgen	VVPP	Duden	tu_121_xTok_001306
und	und	KON	Duden	tu_121_xTok_001308
aufgesucht	aufsuchen	VVPP	Duden	tu_121_xTok_001310
<g/>
.
</l>
<l id="fb_17810721_JosephN_MathiasN_l_0031">
Gesträuche	Gesträuch	NN	Duden	tu_121_xTok_001312
<g/>
,
Busch	Busch	NN	Duden	tu_121_xTok_001315
<g/>
,
und	und	KON	Duden	tu_121_xTok_001318
Wald	Wald	NN	Duden	tu_121_xTok_001320
<g/>
,
und	und	KON	Duden	tu_121_xTok_001323
Gruft	Gruft	NN	Duden	tu_121_xTok_001325
<g/>
,
und	und	KON	Duden	tu_121_xTok_001328
dunkle	dunkel	ADJA	Duden	tu_121_xTok_001330
Höhlen	Höhle	NN	Duden	tu_121_xTok_001332
<g/>
,
</l>
<l id="fb_17810721_JosephN_MathiasN_l_0032">
möcht	mögen	VMFIN	Duden	tu_121_xTok_001334
ihr	ihr	PPER	Duden	tu_121_xTok_001336
zum	zum	APPRART	Duden	tu_121_xTok_001338
Unterschluf	Unterschluf	NN	DWB	tu_121_xTok_001340
aus	aus	APPR	Duden	tu_121_xTok_001342
Furcht	Furcht	NN	Duden	tu_121_xTok_001344
des	d	ART	Duden	tu_121_xTok_001346
Todes	Tod	NN	Duden	tu_121_xTok_001348
wählen	wählen	VVINF	Duden	tu_121_xTok_001350
<g/>
,
</l>
<l id="fb_17810721_JosephN_MathiasN_l_0033">
Jhr	ihr	PPER	Duden	tu_121_xTok_001352
werdet	werden	VAFIN	Duden	tu_121_xTok_001354
gleichwohl	gleichwohl	ADV	Duden	tu_121_xTok_001356
nicht	nicht	PTKNEG	Duden	tu_121_xTok_001358
der	d	ART	Duden	tu_121_xTok_001360
Obrigkeit	Obrigkeit	NN	Duden	tu_121_xTok_001362
entgehn	entgehen	VVINF	Duden	tu_121_xTok_001364
<g/>
,
</l>
<l id="fb_17810721_JosephN_MathiasN_l_0034">
das	d	ART	Duden	tu_121_xTok_001366
Raubthier	Raubtier	NN	Duden	tu_121_xTok_001368
wird	werden	VAFIN	Duden	tu_121_xTok_001370
sich	sich	PRF	Duden	tu_121_xTok_001372
noch	noch	ADV	Duden	tu_121_xTok_001374
im	im	APPRART	Duden	tu_121_xTok_001376
Netz	Netz	NN	Duden	tu_121_xTok_001378
verstecket	verstecken	VVPP	Duden	tu_121_xTok_001380
sehn	sehen	VVINF	Duden	tu_121_xTok_001382
<g/>
.
</l>
<l id="fb_17810721_JosephN_MathiasN_l_0035">
O	oh	ITJ	Duden	tu_121_xTok_001384
härtet	härten	VVIMP	Duden	tu_121_xTok_001386
nur	nur	ADV	Duden	tu_121_xTok_001388
den	d	ART	Duden	tu_121_xTok_001390
Leib	Leib	NN	Duden	tu_121_xTok_001392
<g/>
,
und	und	KON	Duden	tu_121_xTok_001395
thut	tun	VVIMP	Duden	tu_121_xTok_001397
<g/>
,
wie	wie	KOKOM	Duden	tu_121_xTok_001400
unempfindlich	unempfindlich	ADJD	Duden	tu_121_xTok_001402
<g/>
;
</l>
<l id="fb_17810721_JosephN_MathiasN_l_0036">
Die	d	ART	Duden	tu_121_xTok_001404
Boßheit	Bosheit	NN	Duden	tu_121_xTok_001406
ist	sein	VAFIN	Duden	tu_121_xTok_001408
<g/>
,
und	und	KON	Duden	tu_121_xTok_001411
bleibt	bleiben	VVFIN	Duden	tu_121_xTok_001413
doch	doch	ADV	Duden	tu_121_xTok_001415
allzeit	allzeit	ADV	Duden	tu_121_xTok_001417
überwindlich	überwindlich	ADJD	Duden	tu_121_xTok_001419
<g/>
,
</l>
<l id="fb_17810721_JosephN_MathiasN_l_0037">
was	was	PWS	Duden	tu_121_xTok_001421
der	d	ART	Duden	tu_121_xTok_001423
selbst	selbst	ADV	Duden	tu_121_xTok_001425
eigne	eigen	ADJA	Duden	tu_121_xTok_001427
Mund	Mund	NN	Duden	tu_121_xTok_001429
hält	halten	VVFIN	Duden	tu_121_xTok_001431
in	in	APPR	Duden	tu_121_xTok_001433
der	d	ART	Duden	tu_121_xTok_001435
Brust	Brust	NN	Duden	tu_121_xTok_001437
versteckt	versteckt	ADJD	Duden	tu_121_xTok_001439
<g/>
,
</l>
<l id="fb_17810721_JosephN_MathiasN_l_0038">
das	d	PDS	Duden	tu_121_xTok_001441
hat	haben	VAFIN	Duden	tu_121_xTok_001443
des	d	ART	Duden	tu_121_xTok_001445
Mitgespans	Mitgespan	NN	DWB	tu_121_xTok_001447
Geständniß	Geständnis	NN	Duden	tu_121_xTok_001449
aufgedeckt	aufdecken	VVPP	Duden	tu_121_xTok_001451
<g/>
,
</l>
<l id="fb_17810721_JosephN_MathiasN_l_0039">
wie	wie	KOKOM	Duden	tu_121_xTok_001453
oft	oft	ADV	Duden	tu_121_xTok_001455
verläßt	verlassen	VVFIN	Duden	tu_121_xTok_001457
ihr	ihr	PPER	Duden	tu_121_xTok_001459
euch	euch	PRF	Duden	tu_121_xTok_001461
auf	auf	APPR	Duden	tu_121_xTok_001463
eure	euer	PPOSAT	Duden	tu_121_xTok_001465
Diebsgefährten	Diebsgefährte	NN	oov	tu_121_xTok_001467
<g/>
,
</l>
<l id="fb_17810721_JosephN_MathiasN_l_0040">
und	und	KON	Duden	tu_121_xTok_001469
glaubet	glauben	VVFIN	Duden	tu_121_xTok_001471
<g/>
,
daß	dass	KOUS	Duden	tu_121_xTok_001474
sie	sie	PPER	Duden	tu_121_xTok_001476
nie	nie	ADV	Duden	tu_121_xTok_001478
aus	aus	APPR	Duden	tu_121_xTok_001480
Furcht	Furcht	NN	Duden	tu_121_xTok_001482
Verräther	Verräter	NN	Duden	tu_121_xTok_001484
werden	werden	VAFIN	Duden	tu_121_xTok_001486
<g/>
?
</l>
<l id="fb_17810721_JosephN_MathiasN_l_0041">
Doch	doch	KON	Duden	tu_121_xTok_001488
wie	wie	PWAV	Duden	tu_121_xTok_001490
betrügt	betrügen	VVFIN	Duden	tu_121_xTok_001492
ihr	ihr	PPER	Duden	tu_121_xTok_001494
euch	euch	PRF	Duden	tu_121_xTok_001496
<g/>
:
wie	wie	KOKOM	Duden	tu_121_xTok_001499
weit	weit	ADJD	Duden	tu_121_xTok_001501
schießt	schießen	VVFIN	Duden	tu_121_xTok_001503
ihr	ihr	PPER	Duden	tu_121_xTok_001505
vom	vom	APPRART	Duden	tu_121_xTok_001507
Ziel	Ziel	NN	Duden	tu_121_xTok_001509
<g/>
;
</l>
<l id="fb_17810721_JosephN_MathiasN_l_0042">
der	d	ART	Duden	tu_121_xTok_001511
Diebsgefährte	Diebsgefährte	NN	oov	tu_121_xTok_001513
denkt	denken	VVFIN	Duden	tu_121_xTok_001515
<g/>
:
Nichts	nichts	PIS	Duden	tu_121_xTok_001518
Bruder	Bruder	NN	Duden	tu_121_xTok_001520
in	in	APPR	Duden	tu_121_xTok_001522
dem	d	ART	Duden	tu_121_xTok_001524
Spiel	Spiel	NN	Duden	tu_121_xTok_001526
<g/>
.
</l>
</lg>
<lg type="stanza">
<l id="fb_17810721_JosephN_MathiasN_l_0043">
Die	d	ART	Duden	tu_121_xTok_001528
Folter	Folter	NN	Duden	tu_121_xTok_001530
schreckt	abschrecken	VVFIN	Duden	tu_121_xTok_001532
ihn	er	PPER	Duden	tu_121_xTok_001534
ab	ab	PTKVZ	Duden	tu_121_xTok_001536
<g/>
,
er	er	PPER	Duden	tu_121_xTok_001539
sucht	suchen	VVFIN	Duden	tu_121_xTok_001541
in	in	APPR	Duden	tu_121_xTok_001543
solchen	solch	PIAT	Duden	tu_121_xTok_001545
Nöthen	Not	NN	Duden	tu_121_xTok_001547
<g/>
,
</l>
<l id="fb_17810721_JosephN_MathiasN_l_0044">
noch	noch	ADV	Duden	tu_121_xTok_001549
seine	sein	PPOSAT	Duden	tu_121_xTok_001551
arme	arm	ADJA	Duden	tu_121_xTok_001553
Seel	Seele	NN	Duden	tu_121_xTok_001555
<g/>
(
den	d	ART	Duden	tu_121_xTok_001558
größten	groß	ADJA	Duden	tu_121_xTok_001560
Schatz	Schatz	NN	Duden	tu_121_xTok_001562
<g/>
)
zu	zu	PTKZU	Duden	tu_121_xTok_001565
retten	retten	VVINF	Duden	tu_121_xTok_001567
<g/>
,
</l>
<l id="fb_17810721_JosephN_MathiasN_l_0045">
rückt	herausrücken	VVFIN	Duden	tu_121_xTok_001569
mit	mit	APPR	Duden	tu_121_xTok_001571
der	d	ART	Duden	tu_121_xTok_001573
Sprach	Sprache	NN	Duden	tu_121_xTok_001575
heraus	heraus	PTKVZ	Duden	tu_121_xTok_001577
<g/>
,
erhebt	erheben	VVFIN	Duden	tu_121_xTok_001580
sein	sein	PPOSAT	Duden	tu_121_xTok_001582
Herz	Herz	NN	Duden	tu_121_xTok_001584
zu	zu	APPR	Duden	tu_121_xTok_001586
Gott	Gott	NN	Duden	tu_121_xTok_001588
<g/>
,
</l>
<l id="fb_17810721_JosephN_MathiasN_l_0046">
die	d	ART	Duden	tu_121_xTok_001590
Aussag	Aussage	NN	Duden	tu_121_xTok_001592
wird	werden	VAFIN	Duden	tu_121_xTok_001594
bestärkt	bestärken	VVPP	Duden	tu_121_xTok_001596
durch	durch	APPR	Duden	tu_121_xTok_001598
seinen	sein	PPOSAT	Duden	tu_121_xTok_001600
Büsser=Tod	Büßertod	NN	oov	tu_121_xTok_001602
<g/>
.
</l>
<l id="fb_17810721_JosephN_MathiasN_l_0047">
Nun	nun	ADV	Duden	tu_121_xTok_001604
ist	sein	VAFIN	Duden	tu_121_xTok_001606
euch	ihr	PPER	Duden	tu_121_xTok_001608
alle	all	PIAT	Duden	tu_121_xTok_001610
Hilf	Hilfe	NN	Duden	tu_121_xTok_001612
und	und	KON	Duden	tu_121_xTok_001614
Rettung	Rettung	NN	Duden	tu_121_xTok_001616
abgeschnitten	abschneiden	VVPP	Duden	tu_121_xTok_001618
<g/>
,
</l>
<l id="fb_17810721_JosephN_MathiasN_l_0048">
nach	nach	APPR	Duden	tu_121_xTok_001620
dem	d	ART	Duden	tu_121_xTok_001622
Gesetze	Gesetz	NN	Duden	tu_121_xTok_001624
wird	werden	VAFIN	Duden	tu_121_xTok_001626
es	es	PPER	Duden	tu_121_xTok_001628
auch	auch	ADV	Duden	tu_121_xTok_001630
zur	zur	APPRART	Duden	tu_121_xTok_001632
Straf	Strafe	NN	Duden	tu_121_xTok_001634
geschritten	schreiten	VVPP	Duden	tu_121_xTok_001636
<g/>
.
</l>
<l id="fb_17810721_JosephN_MathiasN_l_0049">
Jhr	ihr	PPER	Duden	tu_121_xTok_001638
scheinet	scheinen	VVFIN	Duden	tu_121_xTok_001640
auch	auch	ADV	Duden	tu_121_xTok_001642
wohl	wohl	ADV	Duden	tu_121_xTok_001644
selbst	selbst	ADV	Duden	tu_121_xTok_001646
die	d	ART	Duden	tu_121_xTok_001648
Folgen	Folge	NN	Duden	tu_121_xTok_001650
einzusehn	einsehen	VVIZU	Duden	tu_121_xTok_001652
<g/>
,
</l>
<l id="fb_17810721_JosephN_MathiasN_l_0050">
darum	darum	PAV	Duden	tu_121_xTok_001654
gab	geben	VVFIN	Duden	tu_121_xTok_001656
einer	ein	PIS	Duden	tu_121_xTok_001658
erst	erst	ADV	Duden	tu_121_xTok_001660
dem	d	ART	Duden	tu_121_xTok_001662
andern	ander	PIS	Duden	tu_121_xTok_001664
zu	zu	PTKZU	Duden	tu_121_xTok_001666
verstehn	verstehen	VVINF	Duden	tu_121_xTok_001668
<g/>
:
</l>
<l id="fb_17810721_JosephN_MathiasN_l_0051">
Noch	noch	ADV	Duden	tu_121_xTok_001670
hat	haben	VAFIN	Duden	tu_121_xTok_001672
es	es	PPER	Duden	tu_121_xTok_001674
keine	kein	PIAT	Duden	tu_121_xTok_001676
Noth	Not	NN	Duden	tu_121_xTok_001678
<g/>
,
du	du	PPER	Duden	tu_121_xTok_001681
darfst	dürfen	VMFIN	Duden	tu_121_xTok_001683
dich	du	PRF	Duden	tu_121_xTok_001685
nicht	nicht	PTKNEG	Duden	tu_121_xTok_001687
betrüben	betrüben	VVINF	Duden	tu_121_xTok_001689
<g/>
,
</l>
<l id="fb_17810721_JosephN_MathiasN_l_0052">
der	d	ART	Duden	tu_121_xTok_001691
Richter	Richter	NN	Duden	tu_121_xTok_001693
hat	haben	VAFIN	Duden	tu_121_xTok_001695
kein	kein	PIAT	Duden	tu_121_xTok_001697
Recht	Recht	NN	Duden	tu_121_xTok_001699
<g/>
,
Recht	Recht	NN	Duden	tu_121_xTok_001702
an	an	APPR	Duden	tu_121_xTok_001704
uns	wir	PPER	Duden	tu_121_xTok_001706
auszuüben	ausüben	VVIZU	Duden	tu_121_xTok_001708
<g/>
;
</l>
<l id="fb_17810721_JosephN_MathiasN_l_0053">
so lange	solange	ADV		tu_121_xTok_001710
man	man	PIS	Duden	tu_121_xTok_001714
uns	wir	PPER	Duden	tu_121_xTok_001716
fragt	fragen	VVFIN	Duden	tu_121_xTok_001718
<g/>
,
so lange	solange	ADV		tu_121_xTok_001721
steht	stehen	VVFIN	Duden	tu_121_xTok_001725
es	es	PPER	Duden	tu_121_xTok_001727
gut	gut	ADJD	Duden	tu_121_xTok_001729
<g/>
,
</l>
<l id="fb_17810721_JosephN_MathiasN_l_0054">
wenn	wenn	KOUS	Duden	tu_121_xTok_001731
aber	aber	ADV	Duden	tu_121_xTok_001733
diese	diese	PDAT	Duden	tu_121_xTok_001735
stockt	stocken	VVFIN	Duden	tu_121_xTok_001737
<g/>
,
da	da	ADV	Duden	tu_121_xTok_001740
stocken	stocken	VVFIN	Duden	tu_121_xTok_001742
Herz	Herz	NN	Duden	tu_121_xTok_001744
<g/>
,
und	und	KON	Duden	tu_121_xTok_001747
Muth	Mut	NN	Duden	tu_121_xTok_001749
<g/>
,
</l>
<l id="fb_17810721_JosephN_MathiasN_l_0055">
da	da	ADV	Duden	tu_121_xTok_001751
fleht	flehen	VVFIN	Duden	tu_121_xTok_001753
der	d	ART	Duden	tu_121_xTok_001755
Ochs	Ochse	NN	Duden	tu_121_xTok_001757
am	am	APPRART	Duden	tu_121_xTok_001759
Berg	Berg	NN	Duden	tu_121_xTok_001761
<g/>
,
da	da	ADV	Duden	tu_121_xTok_001764
Bruder	Bruder	NN	Duden	tu_121_xTok_001766
<g/>
;
hohl's	holen_es	VVIMPPPER	Duden	tu_121_xTok_001769
der	d	ART	Duden	tu_121_xTok_001771
Teufel	Teufel	NN	Duden	tu_121_xTok_001773
<g/>
,
</l>
<l id="fb_17810721_JosephN_MathiasN_l_0056">
wir	wir	PPER	Duden	tu_121_xTok_001775
beyde	beide	PIS	Duden	tu_121_xTok_001777
sind	sein	VAFIN	Duden	tu_121_xTok_001779
des	d	ART	Duden	tu_121_xTok_001781
Tods	Tod	NN	Duden	tu_121_xTok_001783
ganz	ganz	ADV	Duden	tu_121_xTok_001785
richtig	richtig	ADJD	Duden	tu_121_xTok_001787
<g/>
,
ohne	ohne	APPR	Duden	tu_121_xTok_001790
Zweifel	Zweifel	NN	Duden	tu_121_xTok_001792
<g/>
.
</l>
<l id="fb_17810721_JosephN_MathiasN_l_0057">
Ja	ja	PTKANT	Duden	tu_121_xTok_001794
<g/>
,
armer	arm	ADJA	Duden	tu_121_xTok_001797
Sünder	Sünder	NN	Duden	tu_121_xTok_001799
<g/>
,
ja	ja	PTKANT	Duden	tu_121_xTok_001802
<g/>
,
du	du	PPER	Duden	tu_121_xTok_001805
hast	haben	VAFIN	Duden	tu_121_xTok_001807
dir	du	PRF	Duden	tu_121_xTok_001809
wahr	wahr	ADJD	Duden	tu_121_xTok_001811
gesagt	sagen	VVPP	Duden	tu_121_xTok_001813
<g/>
,
</l>
<l id="fb_17810721_JosephN_MathiasN_l_0058">
und	und	KON	Duden	tu_121_xTok_001815
deinem	dein	PPOSAT	Duden	tu_121_xTok_001817
Bruder	Bruder	NN	Duden	tu_121_xTok_001819
auch	auch	ADV	Duden	tu_121_xTok_001821
<g/>
;
als	als	KOUS	Duden	tu_121_xTok_001824
man	man	PIS	Duden	tu_121_xTok_001826
nicht	nicht	PTKNEG	Duden	tu_121_xTok_001828
mehr	mehr	ADV	Duden	tu_121_xTok_001830
gefragt	fragen	VVPP	Duden	tu_121_xTok_001832
<g/>
,
</l>
<l id="fb_17810721_JosephN_MathiasN_l_0059">
da	da	ADV	Duden	tu_121_xTok_001834
ward	werden	VAFIN	Duden	tu_121_xTok_001836
euch	ihr	PPER	Duden	tu_121_xTok_001838
alsobald	alsobald	ADV	Duden	tu_121_xTok_001840
das	d	ART	Duden	tu_121_xTok_001842
Leben	Leben	NN	Duden	tu_121_xTok_001844
abgesprochen	absprechen	VVPP	Duden	tu_121_xTok_001846
<g/>
.
</l>
<l id="fb_17810721_JosephN_MathiasN_l_0060">
Hier	hier	ADV	Duden	tu_121_xTok_001848
fieng	anfangen	VVFIN	Duden	tu_121_xTok_001850
euch	ihr	PPER	Duden	tu_121_xTok_001852
an	an	APPR	Duden	tu_121_xTok_001854
das	d	ART	Duden	tu_121_xTok_001856
Blut	Blut	NN	Duden	tu_121_xTok_001858
in	in	APPR	Duden	tu_121_xTok_001860
Adern	Ader	NN	Duden	tu_121_xTok_001862
aufzukochen	aufkochen	VVIZU	Duden	tu_121_xTok_001864
</l>
<l id="fb_17810721_JosephN_MathiasN_l_0061">
mit	mit	APPR	Duden	tu_121_xTok_001865
Jngrimm	Ingrimm	NN	Duden	tu_121_xTok_001867
<g/>
,
und	und	KON	Duden	tu_121_xTok_001870
Verdruß	Verdruss	NN	Duden	tu_121_xTok_001872
hört	anhören	VVFIN	Duden	tu_121_xTok_001874
ihr	ihr	PPER	Duden	tu_121_xTok_001876
das	d	ART	Duden	tu_121_xTok_001878
Urtheil	Urteil	NN	Duden	tu_121_xTok_001880
an	an	PTKVZ	Duden	tu_121_xTok_001882
<g/>
,
</l>
<l id="fb_17810721_JosephN_MathiasN_l_0062">
wie	wie	PWAV	Duden	tu_121_xTok_001884
<g/>
!
man	man	PIS	Duden	tu_121_xTok_001887
verhört	verhören	VVFIN	Duden	tu_121_xTok_001889
uns	wir	PPER	Duden	tu_121_xTok_001891
nicht	nicht	PTKNEG	Duden	tu_121_xTok_001893
<g/>
?
Das	d	PDS	Duden	tu_121_xTok_001896
heißt	heißen	VVFIN	Duden	tu_121_xTok_001898
zu	zu	PTKA	Duden	tu_121_xTok_001900
viel	viel	ADV	Duden	tu_121_xTok_001902
gethan	tun	VVPP	Duden	tu_121_xTok_001904
<g/>
.
</l>
<l id="fb_17810721_JosephN_MathiasN_l_0063">
Wir	wir	PPER	Duden	tu_121_xTok_001906
sterben	sterben	VVFIN	Duden	tu_121_xTok_001908
<g/>
!
da	da	KOUS	Duden	tu_121_xTok_001911
wir	wir	PPER	Duden	tu_121_xTok_001913
uns	uns	PRF	Duden	tu_121_xTok_001915
in	in	APPR	Duden	tu_121_xTok_001917
keinem	kein	PIS	Duden	tu_121_xTok_001919
schuldig	schuldig	ADJD	Duden	tu_121_xTok_001921
wissen	wissen	VVFIN	Duden	tu_121_xTok_001923
<g/>
;
</l>
<l id="fb_17810721_JosephN_MathiasN_l_0064">
Wir	wir	PPER	Duden	tu_121_xTok_001925
sterben	sterben	VVFIN	Duden	tu_121_xTok_001927
<g/>
!
ehe	ehe	KOUS	Duden	tu_121_xTok_001930
wir	wir	PPER	Duden	tu_121_xTok_001932
die	d	ART	Duden	tu_121_xTok_001934
Schuld	Schuld	NN	Duden	tu_121_xTok_001936
bekennen	bekennen	VVINF	Duden	tu_121_xTok_001938
müssen	müssen	VMFIN	Duden	tu_121_xTok_001940
<g/>
?
</l>
<l id="fb_17810721_JosephN_MathiasN_l_0065">
O	oh	ITJ	Duden	tu_121_xTok_001942
gebet	geben	VVIMP	Duden	tu_121_xTok_001944
euch	euch	PRF	Duden	tu_121_xTok_001946
zur	zur	APPRART	Duden	tu_121_xTok_001948
Ruh	Ruhe	NN	Duden	tu_121_xTok_001950
<g/>
,
Verlohrne	verloren	ADJ-NN	Duden	tu_121_xTok_001953
<g/>
;
schweiget	schweigen	VVIMP	Duden	tu_121_xTok_001956
nur	nur	ADV	Duden	tu_121_xTok_001958
<g/>
!
</l>
<l id="fb_17810721_JosephN_MathiasN_l_0066">
so	so	ADV	Duden	tu_121_xTok_001960
spricht	sprechen	VVFIN	Duden	tu_121_xTok_001962
die	d	ART	Duden	tu_121_xTok_001964
Furcht	Furcht	NN	Duden	tu_121_xTok_001966
des	d	ART	Duden	tu_121_xTok_001968
Tods	Tod	NN	Duden	tu_121_xTok_001970
<g/>
,
und	und	KON	Duden	tu_121_xTok_001973
Aufruhr	Aufruhr	NN	Duden	tu_121_xTok_001975
der	d	ART	Duden	tu_121_xTok_001977
Natur	Natur	NN	Duden	tu_121_xTok_001979
<g/>
.
</l>
<l id="fb_17810721_JosephN_MathiasN_l_0067">
Hier	hier	ADV	Duden	tu_121_xTok_001981
hat	haben	VAFIN	Duden	tu_121_xTok_001983
man	man	PIS	Duden	tu_121_xTok_001985
ein	ein	ART	Duden	tu_121_xTok_001987
Gesetz	Gesetz	NN	Duden	tu_121_xTok_001989
<g/>
,
nach	nach	APPR	Duden	tu_121_xTok_001992
diesem	diese	PDAT	Duden	tu_121_xTok_001994
müßt	müssen	VMFIN	Duden	tu_121_xTok_001996
ihr	ihr	PPER	Duden	tu_121_xTok_001998
sterben	sterben	VVINF	Duden	tu_121_xTok_002000
<g/>
,
</l>
<l id="fb_17810721_JosephN_MathiasN_l_0068">
nun	nun	ADV	Duden	tu_121_xTok_002002
ist	sein	VAFIN	Duden	tu_121_xTok_002004
es	es	PPER	Duden	tu_121_xTok_002006
nicht	nicht	PTKNEG	Duden	tu_121_xTok_002008
mehr	mehr	PIAT	Duden	tu_121_xTok_002010
Zeit	Zeit	NN	Duden	tu_121_xTok_002012
die	d	ART	Duden	tu_121_xTok_002014
Gnade	Gnade	NN	Duden	tu_121_xTok_002016
zu	zu	PTKZU	Duden	tu_121_xTok_002018
erwerben	erwerben	VVINF	Duden	tu_121_xTok_002020
<g/>
,
</l>
<l id="fb_17810721_JosephN_MathiasN_l_0069">
bey	bei	APPR	Duden	tu_121_xTok_002022
Gott	Gott	NN	Duden	tu_121_xTok_002024
allein	allein	ADV	Duden	tu_121_xTok_002026
ist	sein	VAFIN	Duden	tu_121_xTok_002028
Gnad	Gnade	NN	Duden	tu_121_xTok_002030
<g/>
,
sucht	suchen	VVIMP	Duden	tu_121_xTok_002033
also	also	ADV	Duden	tu_121_xTok_002035
Gnad	Gnade	NN	Duden	tu_121_xTok_002037
bey	bei	APPR	Duden	tu_121_xTok_002039
Gott	Gott	NN	Duden	tu_121_xTok_002041
<g/>
,
</l>
<l id="fb_17810721_JosephN_MathiasN_l_0070">
und	und	KON	Duden	tu_121_xTok_002043
leidet	leiden	VVIMP	Duden	tu_121_xTok_002045
mit	mit	APPR	Duden	tu_121_xTok_002047
Geduld	Geduld	NN	Duden	tu_121_xTok_002049
den	d	ART	Duden	tu_121_xTok_002051
allerstrengsten	allerstrengst	ADJA	DWB	tu_121_xTok_002053
Tod	Tod	NN	Duden	tu_121_xTok_002055
<g/>
.
</l>
<l id="fb_17810721_JosephN_MathiasN_l_0071">
Jhr	ihr	PPER	Duden	tu_121_xTok_002057
andern	andere	ADJA	Duden	tu_121_xTok_002059
Räuber	Räuber	NN	Duden	tu_121_xTok_002061
ihr	ihr	PPER	Duden	tu_121_xTok_002063
<g/>
,
ihr	ihr	PPER	Duden	tu_121_xTok_002066
diebischen	diebisch	ADJA	Duden	tu_121_xTok_002068
Gebrüder	Gebrüder	NN	Duden	tu_121_xTok_002070
<g/>
,
</l>
<l id="fb_17810721_JosephN_MathiasN_l_0072">
die	d	PRELS	Duden	tu_121_xTok_002074
etwan	etwan	ADV	DWB	tu_121_xTok_002076
hier	hier	ADV	Duden	tu_121_xTok_002079
und	und	KON	Duden	tu_121_xTok_002081
dort	dort	ADV	Duden	tu_121_xTok_002083
noch	noch	ADV	Duden	tu_121_xTok_002085
streifen	streifen	VVFIN	Duden	tu_121_xTok_002087
hin	hin	ADV	Duden	tu_121_xTok_002089
und	und	KON	Duden	tu_121_xTok_002091
wieder	wieder	ADV	Duden	tu_121_xTok_002093
<g/>
,
</l>
<l id="fb_17810721_JosephN_MathiasN_l_0073">
zu	zu	PTKA	Duden	tu_121_xTok_002095
menschenfresserisch	menschenfresserisch	ADJD	DWB	tu_121_xTok_002097
<g/>
,
verderbliches	verderblich	ADJA	Duden	tu_121_xTok_002100
Geschlecht	Geschlecht	NN	Duden	tu_121_xTok_002102
<g/>
;
</l>
<l id="fb_17810721_JosephN_MathiasN_l_0074">
so	so	ADV	Duden	tu_121_xTok_002104
wiederfährt	widerfahren	VVFIN	Duden	tu_121_xTok_002106
man	man	PIS	Duden	tu_121_xTok_002108
dir	du	PPER	Duden	tu_121_xTok_002110
mit	mit	APPR	Duden	tu_121_xTok_002112
dem	d	ART	Duden	tu_121_xTok_002114
Vergeltungsrecht	Vergeltungsrecht	NN	DWB	tu_121_xTok_002116
<g/>
.
</l>
<l id="fb_17810721_JosephN_MathiasN_l_0075">
Schau	anschauen	VVIMP	Duden	tu_121_xTok_002118
deine	dein	PPOSAT	Duden	tu_121_xTok_002120
Brüder	Bruder	NN	Duden	tu_121_xTok_002122
an	an	PTKVZ	Duden	tu_121_xTok_002124
<g/>
,
wie	wie	KOUS	Duden	tu_121_xTok_002127
deinen	dein	PPOSAT	Duden	tu_121_xTok_002129
Raubgenossen	Raubgenosse	NN	DRW	tu_121_xTok_002131
</l>
<l id="fb_17810721_JosephN_MathiasN_l_0076">
hier	hier	ADV	Duden	tu_121_xTok_002132
auf	auf	APPR	Duden	tu_121_xTok_002134
der	d	ART	Duden	tu_121_xTok_002136
Kuhehaut	Kuhhaut	NN	Duden	tu_121_xTok_002138
die	d	ART	Duden	tu_121_xTok_002140
Farb	Farbe	NN	Duden	tu_121_xTok_002142
ist	sein	VAFIN	Duden	tu_121_xTok_002144
abgeschoßen	abschießen	VVPP	Duden	tu_121_xTok_002146
<g/>
!
</l>
<l id="fb_17810721_JosephN_MathiasN_l_0077">
O	oh	ITJ	Duden	tu_121_xTok_002148
welch	welch	PIAT	Duden	tu_121_xTok_002150
ein	ein	ART	Duden	tu_121_xTok_002152
fürchterlich	fürchterlich	ADJA	Duden	tu_121_xTok_002154
<g/>
,
und	und	KON	Duden	tu_121_xTok_002157
schauderhafter	schauderhaft	ADJA	Duden	tu_121_xTok_002159
Zug	Zug	NN	Duden	tu_121_xTok_002161
<g/>
!
</l>
<l id="fb_17810721_JosephN_MathiasN_l_0078">
steht	abstehen	VVIMP	Duden	tu_121_xTok_002163
von	von	APPR	Duden	tu_121_xTok_002166
dem	d	ART	Duden	tu_121_xTok_002168
Frevel	Frevel	NN	Duden	tu_121_xTok_002170
ab	ab	PTKVZ	Duden	tu_121_xTok_002172
<g/>
,
bekehrt	bekehren	VVIMP	Duden	tu_121_xTok_002175
euch	euch	PRF	Duden	tu_121_xTok_002177
<g/>
,
werdet	werden	VAIMP	Duden	tu_121_xTok_002180
klug	klug	ADJD	Duden	tu_121_xTok_002182
<g/>
!
</l>
<l id="fb_17810721_JosephN_MathiasN_l_0079">
was	was	PRELS	Duden	tu_121_xTok_002184
Güte	Güte	NN	Duden	tu_121_xTok_002186
nicht	nicht	PTKNEG	Duden	tu_121_xTok_002188
vermag	vermögen	VVFIN	Duden	tu_121_xTok_002190
<g/>
,
das	dass	KOUS	Duden	tu_121_xTok_002193
muß	müssen	VMFIN	Duden	tu_121_xTok_002195
die	d	ART	Duden	tu_121_xTok_002197
Schärfe	Schärfe	NN	Duden	tu_121_xTok_002199
zwingen	zwingen	VVINF	Duden	tu_121_xTok_002201
<g/>
:
</l>
<l id="fb_17810721_JosephN_MathiasN_l_0080">
wer	wer	PWS	Duden	tu_121_xTok_002203
sonst	sonst	ADV	Duden	tu_121_xTok_002205
<g/>
,
als	als	KOKOM	Duden	tu_121_xTok_002208
sie	sie	PPER	Duden	tu_121_xTok_002210
<g/>
,
kann	können	VMFIN	Duden	tu_121_xTok_002213
uns	uns	PRF	Duden	tu_121_xTok_002215
die	d	ART	Duden	tu_121_xTok_002217
Ruhe	Ruhe	NN	Duden	tu_121_xTok_002219
wieder	wieder	PTKVZ	Duden	tu_121_xTok_002221
bringen	wiederbringen	VVINF	Duden	tu_121_xTok_002223
<g/>
,
</l>
<l id="fb_17810721_JosephN_MathiasN_l_0081">
dem	d	ART	Duden	tu_121_xTok_002225
Lande	Land	NN	Duden	tu_121_xTok_002227
Sicherheit	Sicherheit	NN	Duden	tu_121_xTok_002229
<g/>
?
Hülft	helfen	VVFIN	Duden	tu_121_xTok_002232
nicht	nicht	PTKNEG	Duden	tu_121_xTok_002234
mehr	mehr	ADV	Duden	tu_121_xTok_002236
gnädig	gnädig	ADJD	Duden	tu_121_xTok_002238
seyn	sein	VAINF	Duden	tu_121_xTok_002240
</l>
<l id="fb_17810721_JosephN_MathiasN_l_0082">
so	so	ADV	Duden	tu_121_xTok_002241
<g/>
,
Themis	Themis	NE	Duden	tu_121_xTok_002244
<g/>
;
schlage	dareinschlagen	VVIMP	oov	tu_121_xTok_002247
du	du	PPER	Duden	tu_121_xTok_002249
mit	mit	APPR	Duden	tu_121_xTok_002251
Blitz	Blitz	NN	Duden	tu_121_xTok_002253
<g/>
,
und	und	KON	Duden	tu_121_xTok_002256
Keil	Keil	NN	Duden	tu_121_xTok_002258
darein	darein	PTKVZ	Duden	tu_121_xTok_002260
<g/>
;
</l>
<l id="fb_17810721_JosephN_MathiasN_l_0083">
denk	denken	VVIMP	Duden	tu_121_xTok_002262
<g/>
,
wie	wie	PWAV	Duden	tu_121_xTok_002265
viel	viel	PIAT	Duden	tu_121_xTok_002267
Sünder	Sünder	NN	Duden	tu_121_xTok_002269
du	du	PPER	Duden	tu_121_xTok_002271
dereinst	dereinst	ADV	Duden	tu_121_xTok_002273
zu	zu	PTKZU	Duden	tu_121_xTok_002275
strafen	strafen	VVINF	Duden	tu_121_xTok_002277
hättest	haben	VAFIN	Duden	tu_121_xTok_002279
<g/>
,
</l>
<l id="fb_17810721_JosephN_MathiasN_l_0084">
die	d	PRELS	Duden	tu_121_xTok_002281
du	du	PPER	Duden	tu_121_xTok_002283
jetzt	jetzt	ADV	Duden	tu_121_xTok_002285
zum	zum	APPRART	Duden	tu_121_xTok_002287
Voraus	Voraus	NN	Duden	tu_121_xTok_002289
durch	durch	APPR	Duden	tu_121_xTok_002291
deine	dein	PPOSAT	Duden	tu_121_xTok_002293
Schärfe	Schärfe	NN	Duden	tu_121_xTok_002295
rettest	retten	VVFIN	Duden	tu_121_xTok_002297
<g/>
.
</l>
</lg>
</lg>
</doc>
