<doc id="fb_17671204_JohannS_LeopoldG" delinquent_sexes="male" title="Todesurteil Johann S., Leopold G." attrs="word lemma pos vocab id">
<p id="fb_17671204_JohannS_LeopoldG_p_0001">
Nachdem	nachdem	KOUS	Duden	tu_90_xTok_000187
von	von	APPR	Duden	tu_90_xTok_000190
diesen	diese	PDAT	Duden	tu_90_xTok_000192
beyden	beide	PIAT	Duden	tu_90_xTok_000194
Delinquenten	Delinquent	NN	Duden	tu_90_xTok_000196
der	d	ART	Duden	tu_90_xTok_000198
Johann	Johann	NE	Duden	tu_90_xTok_000200
S.	S.	NE	oov	tu_90_xTok_000202
ein	ein	ART	Duden	tu_90_xTok_000205
Tagwerker	Tagwerker	NN	Duden	tu_90_xTok_000207
<g/>
,
erstlich	erstlich	ADV	Duden	tu_90_xTok_000211
einmal	einmal	ADV	Duden	tu_90_xTok_000216
An.	annus	FM	G-LDHW	tu_90_xTok_000218
1752.	1752	CARD		tu_90_xTok_000221
wegen	wegen	APPR	Duden	tu_90_xTok_000223
verbottenen	verboten	ADJA	Duden	tu_90_xTok_000225
Tabackschwärzen	Tabakschwärzen	NN	oov	tu_90_xTok_000227
<g/>
,
der	d	ART	Duden	tu_90_xTok_000231
Leopold	Leopold	NE	Duden	tu_90_xTok_000233
G.	G.	NE	oov	tu_90_xTok_000235
ein	ein	ART	Duden	tu_90_xTok_000238
erlernter	erlernen	ADJA	Duden	tu_90_xTok_000240
Maurer	Maurer	NN	Duden	tu_90_xTok_000242
aber	aber	ADV	Duden	tu_90_xTok_000244
An.	annus	FM	G-LDHW	tu_90_xTok_000246
1751.	1751	CARD		tu_90_xTok_000249
und	und	KON	Duden	tu_90_xTok_000252
1752.	1752	CARD		tu_90_xTok_000254
schon	schon	ADV	Duden	tu_90_xTok_000255
zu	zu	APPR	Duden	tu_90_xTok_000257
zwey	zwei	CARD	Duden	tu_90_xTok_000259
verschiedenen	verschieden	ADJA	Duden	tu_90_xTok_000261
malen	Mal	NN	Duden	tu_90_xTok_000263
Diebereyverdachts	Diebereiverdacht	NN	oov	tu_90_xTok_000265
halber	halber	APPO	Duden	tu_90_xTok_000267
allhier	allhier	ADV	Duden	tu_90_xTok_000272
gefänglich	gefänglich	ADJD	Duden	tu_90_xTok_000274
innen	innen	ADJD	Duden	tu_90_xTok_000277
gelegen	liegen	VVPP	Duden	tu_90_xTok_000279
<g/>
,
und	und	KON	Duden	tu_90_xTok_000282
mit	mit	APPR	Duden	tu_90_xTok_000284
dem	d	ART	Duden	tu_90_xTok_000286
Zuchthause	Zuchthaus	NN	Duden	tu_90_xTok_000288
abgestraffet	abstrafen	VVPP	Duden	tu_90_xTok_000290
worden	werden	VAPP	Duden	tu_90_xTok_000292
<g/>
,
sind	sein	VAFIN	Duden	tu_90_xTok_000294
beyde	beide	PIS	Duden	tu_90_xTok_000296
miteinander	miteinander	ADV	Duden	tu_90_xTok_000298
An.	annus	FM	G-LDHW	tu_90_xTok_000300
1757.	1757	CARD		tu_90_xTok_000303
nebst	nebst	APPR	Duden	tu_90_xTok_000305
noch	noch	ADV	Duden	tu_90_xTok_000307
zwey	zwei	CARD	Duden	tu_90_xTok_000309
anderen	andere	ADJA	Duden	tu_90_xTok_000311
verdächtigen	verdächtig	ADJA	Duden	tu_90_xTok_000313
Kerlen	Kerl	NN	Duden	tu_90_xTok_000316
<g/>
,
als	als	KOKOM	Duden	tu_90_xTok_000319
eine	ein	ART	Duden	tu_90_xTok_000321
gerichtlich	gerichtlich	ADJD	Duden	tu_90_xTok_000323
angegebene	angeben	ADJA	Duden	tu_90_xTok_000325
Diebskameradschaft	Diebskameradschaft	NN	oov	tu_90_xTok_000327
zu	zu	APPR	Duden	tu_90_xTok_000329
Presburg	Pressburg	NE::top	Duden	tu_90_xTok_000331
arrestirlich	arrestierlich	ADJD	oov	tu_90_xTok_000334
innen	innen	PTKVZ	oov	tu_90_xTok_000336
gerathen	innengeraten	VVPP	oov	tu_90_xTok_000338
<g/>
,
nach	nach	APPR	Duden	tu_90_xTok_000341
einigen	einige	PIAT	Duden	tu_90_xTok_000343
Wochen	Woche	NN	Duden	tu_90_xTok_000345
aber	aber	ADV	Duden	tu_90_xTok_000347
durch	durch	APPR	Duden	tu_90_xTok_000349
den	d	ART	Duden	tu_90_xTok_000351
Ofen	Ofen	NN	Duden	tu_90_xTok_000352
aus	aus	APPR	Duden	tu_90_xTok_000354
dem	d	ART	Duden	tu_90_xTok_000356
Arreste	Arrest	NN	Duden	tu_90_xTok_000358
durchgegangen	durchgehen	VVPP	Duden	tu_90_xTok_000360
<g/>
.
Nun	nun	ADV	Duden	tu_90_xTok_000363
obschon	obschon	KOUS	Duden	tu_90_xTok_000365
zwar	zwar	ADV	Duden	tu_90_xTok_000367
damals	damals	ADV	Duden	tu_90_xTok_000369
wider	wider	APPR	Duden	tu_90_xTok_000371
sie	sie	PPER	Duden	tu_90_xTok_000374
ein	ein	ART	Duden	tu_90_xTok_000376
wirklich	wirklich	ADJD	Duden	tu_90_xTok_000378
begangenes	begehen	ADJA	Duden	tu_90_xTok_000380
Verbrechen	Verbrechen	NN	Duden	tu_90_xTok_000382
nicht	nicht	PTKNEG	Duden	tu_90_xTok_000384
vorgekommen	vorkommen	VVPP	Duden	tu_90_xTok_000386
<g/>
,
so	so	ADV	Duden	tu_90_xTok_000389
hat	haben	VAFIN	Duden	tu_90_xTok_000391
sich	sich	PRF	Duden	tu_90_xTok_000392
doch	doch	ADV	Duden	tu_90_xTok_000394
gar	gar	ADV	Duden	tu_90_xTok_000396
bald	bald	ADV	Duden	tu_90_xTok_000398
darnach	darnach	PAV	Duden	tu_90_xTok_000400
<g/>
,
und	und	KON	Duden	tu_90_xTok_000403
zwar	zwar	ADV	Duden	tu_90_xTok_000405
eben	eben	ADV	Duden	tu_90_xTok_000407
noch	noch	ADV	Duden	tu_90_xTok_000409
An.	annus	FM	G-LDHW	tu_90_xTok_000411
1757.	1757	CARD		tu_90_xTok_000414
gefüget	fügen	VVPP	Duden	tu_90_xTok_000416
<g/>
,
daß	dass	KOUS	Duden	tu_90_xTok_000419
der	d	ART	Duden	tu_90_xTok_000420
Johann	Johann	NE	Duden	tu_90_xTok_000422
S.	S.	NE	oov	tu_90_xTok_000424
alleinig	alleinig	ADJD	Duden	tu_90_xTok_000427
wegen	wegen	APPR	Duden	tu_90_xTok_000429
eines	ein	ART	Duden	tu_90_xTok_000431
ihm	er	PPER	Duden	tu_90_xTok_000433
zugemutheten	zumuten	ADJA	Duden	tu_90_xTok_000435
beträchtlichen	beträchtlich	ADJA	Duden	tu_90_xTok_000437
Diebstahls	Diebstahl	NN	Duden	tu_90_xTok_000438
neuer Dingen	neuerdings	ADV		tu_90_xTok_000440
allda	allda	ADV	Duden	tu_90_xTok_000444
zu	zu	APPR	Duden	tu_90_xTok_000446
Presburg	Pressburg	NE::top	Duden	tu_90_xTok_000448
zu	zu	APPR	Duden	tu_90_xTok_000450
Verhafte	Verhaft	NN	Duden	tu_90_xTok_000452
gebracht	bringen	VVPP	Duden	tu_90_xTok_000454
<g/>
,
und	und	KON	Duden	tu_90_xTok_000457
in	in	APPR	Duden	tu_90_xTok_000458
Ansehung	Ansehung	NN	Duden	tu_90_xTok_000460
der	d	ART	Duden	tu_90_xTok_000462
diesfalls	diesfalls	ADV	Duden	tu_90_xTok_000464
wider	wider	APPR	Duden	tu_90_xTok_000466
ihn	er	PPER	Duden	tu_90_xTok_000468
sich	sich	PRF	Duden	tu_90_xTok_000470
ergebenen	ergeben	ADJA	Duden	tu_90_xTok_000472
beschwärenden	beschweren	ADJA	Duden	tu_90_xTok_000474
Umständen	Umstand	NN	Duden	tu_90_xTok_000476
gar	gar	ADV	Duden	tu_90_xTok_000479
torquiret	torquieren	VVPP	Duden	tu_90_xTok_000481
<g/>
,
hierüber	hierüber	PAV	Duden	tu_90_xTok_000484
aber	aber	ADV	Duden	tu_90_xTok_000486
an	an	APPR	Duden	tu_90_xTok_000488
dem	d	ART	Duden	tu_90_xTok_000490
Pranger	Pranger	NN	Duden	tu_90_xTok_000492
mit	mit	APPR	Duden	tu_90_xTok_000494
einem	ein	ART	Duden	tu_90_xTok_000496
Schillinge	Schilling	NN	Duden	tu_90_xTok_000498
öffentlich	öffentlich	ADJD	Duden	tu_90_xTok_000501
abgefertiget	abfertigen	VVPP	Duden	tu_90_xTok_000503
<g/>
,
und	und	KON	Duden	tu_90_xTok_000506
von	von	APPR	Duden	tu_90_xTok_000508
dannen	dannen	ADV	Duden	tu_90_xTok_000510
abgeschaffet	abschaffen	VVPP	DWB	tu_90_xTok_000512
<g/>
,
so	so	ADV	Duden	tu_90_xTok_000515
weiters	weiters	ADV	Duden	tu_90_xTok_000517
auch	auch	ADV	Duden	tu_90_xTok_000518
An.	annus	FM	G-LDHW	tu_90_xTok_000520
1758.	1758	CARD		tu_90_xTok_000523
sowohl	sowohl	KON	Duden	tu_90_xTok_000525
dieser	diese	PDAT	Duden	tu_90_xTok_000527
Johann	Johann	NE	Duden	tu_90_xTok_000529
S.	S.	NE	oov	tu_90_xTok_000531
als	als	KON	Duden	tu_90_xTok_000534
Leopold	Leopold	NE	Duden	tu_90_xTok_000536
G.	G.	NE	oov	tu_90_xTok_000538
allhier	allhier	ADV	Duden	tu_90_xTok_000541
eben	eben	ADV	Duden	tu_90_xTok_000543
als	als	KOKOM	Duden	tu_90_xTok_000544
Diebe	Dieb	NN	Duden	tu_90_xTok_000546
gefänglich	gefänglich	ADJD	Duden	tu_90_xTok_000548
eingebracht	einbringen	VVPP	Duden	tu_90_xTok_000550
<g/>
,
und	und	KON	Duden	tu_90_xTok_000553
über	über	APPR	Duden	tu_90_xTok_000555
die	d	ART	Duden	tu_90_xTok_000557
mit	mit	APPR	Duden	tu_90_xTok_000559
ihnen	sie	PPER	Duden	tu_90_xTok_000561
damals	damals	ADV	Duden	tu_90_xTok_000563
ordentlich	ordentlich	ADJD	Duden	tu_90_xTok_000565
vorgekehrte	vorkehren	ADJA	Duden	tu_90_xTok_000568
Criminalverfahrungen	Kriminalverfahrung	NN	oov	tu_90_xTok_000570
der	d	ART	Duden	tu_90_xTok_000572
Johann	Johann	NE	Duden	tu_90_xTok_000574
S.	S.	NE	oov	tu_90_xTok_000576
wegen	wegen	APPR	Duden	tu_90_xTok_000579
eines	ein	ART	Duden	tu_90_xTok_000581
allhier	allhier	ADV	Duden	tu_90_xTok_000582
in	in	APPR	Duden	tu_90_xTok_000584
einem	ein	ART	Duden	tu_90_xTok_000586
Hause	Haus	NN	Duden	tu_90_xTok_000588
in	in	APPR	Duden	tu_90_xTok_000590
der	d	ART	Duden	tu_90_xTok_000592
Krugerstrasse	Krugerstraße	NE::top	oov	tu_90_xTok_000594
versuchten	versuchen	ADJA	Duden	tu_90_xTok_000596
<g/>
,
und	und	KON	Duden	tu_90_xTok_000599
eines	ein	ART	Duden	tu_90_xTok_000601
andern	andere	ADJA	Duden	tu_90_xTok_000603
vorher	vorher	ADV	Duden	tu_90_xTok_000606
mit	mit	APPR	Duden	tu_90_xTok_000608
zwey	zwei	CARD	Duden	tu_90_xTok_000610
anderen	andere	ADJA	Duden	tu_90_xTok_000612
Diebskameraden	Diebskamerad	NN	oov	tu_90_xTok_000614
bey	bei	APPR	Duden	tu_90_xTok_000616
einem	ein	ART	Duden	tu_90_xTok_000618
Bäcken	Bäcker	NN	Duden	tu_90_xTok_000620
an	an	APPR	Duden	tu_90_xTok_000621
der	d	ART	Duden	tu_90_xTok_000623
Mariahülferstrasse	Mariahilferstraße	NE::top	oov	tu_90_xTok_000625
<g/>
,
mittelst	mittelst	APPR	Duden	tu_90_xTok_000628
gewaltsamen	gewaltsam	ADJA	Duden	tu_90_xTok_000630
Einbruche	Einbruch	NN	Duden	tu_90_xTok_000632
nächtlicher Weile	nächtlicherweile	ADV		tu_90_xTok_000634
verübten	verüben	ADJA	Duden	tu_90_xTok_000637
auf	auf	APPR	Duden	tu_90_xTok_000639
140	140	CARD		tu_90_xTok_000641
fl.	Flore	NN	DWB	tu_90_xTok_000643
29.	29	CARD		tu_90_xTok_000646
kr.	Kreuzer	NN	Duden	tu_90_xTok_000648
beschwornen	beschwören	ADJA	Duden	tu_90_xTok_000651
<g/>
,
sohin	sohin	ADV	Duden	tu_90_xTok_000654
durch	durch	APPR	Duden	tu_90_xTok_000656
gerichtlich	gerichtlich	ADJD	Duden	tu_90_xTok_000658
geschehene	geschehen	ADJA	Duden	tu_90_xTok_000661
Zurückstellung	Zurückstellung	NN	Duden	tu_90_xTok_000663
einiger	einige	PIAT	Duden	tu_90_xTok_000665
gestohlenen	stehlen	ADJA	Duden	tu_90_xTok_000667
Sachen	Sache	NN	Duden	tu_90_xTok_000669
bis	bis	APPR	Duden	tu_90_xTok_000671
auf	auf	APPR	Duden	tu_90_xTok_000673
46.	46	CARD		tu_90_xTok_000675
fl.	Flore	NN	DWB	tu_90_xTok_000678
verminderten	vermindern	ADJA	Duden	tu_90_xTok_000680
Diebstahls	Diebstahl	NN	Duden	tu_90_xTok_000682
auf	auf	APPR	Duden	tu_90_xTok_000684
3.	3	CARD		tu_90_xTok_000686
Jahre	Jahr	NN	Duden	tu_90_xTok_000688
<g/>
,
nicht	nicht	PTKNEG	Duden	tu_90_xTok_000691
minder	minder	ADV	Duden	tu_90_xTok_000691b
auch	auch	ADV	Duden	tu_90_xTok_000693
der	d	ART	Duden	tu_90_xTok_000695
Leopold	Leopold	NE	Duden	tu_90_xTok_000697
G.	G.	NE	oov	tu_90_xTok_000698
eines	ein	ART	Duden	tu_90_xTok_000701
eben	eben	ADV	Duden	tu_90_xTok_000703
in	in	APPR	Duden	tu_90_xTok_000705
Vergesellschaftung	Vergesellschaftung	NN	Duden	tu_90_xTok_000707
zweyer	zwei	CARD	Duden	tu_90_xTok_000709
anderen	andere	ADJA	Duden	tu_90_xTok_000711
Diebsgespännen	Diebsgespan	NN	DRW	tu_90_xTok_000713
mittelst	mittelst	APPR	Duden	tu_90_xTok_000714
gewaltthätigen	gewalttätig	ADJA	Duden	tu_90_xTok_000716
Einbruche	Einbruch	NN	Duden	tu_90_xTok_000718
in	in	APPR	Duden	tu_90_xTok_000720
einem	ein	ART	Duden	tu_90_xTok_000722
Hause	Haus	NN	Duden	tu_90_xTok_000724
in	in	APPR	Duden	tu_90_xTok_000726
der	d	ART	Duden	tu_90_xTok_000728
Alstergasse	Alstergasse	NE::top	oov	tu_90_xTok_000730
begangenen	begehen	ADJA	Duden	tu_90_xTok_000731
<g/>
,
bey	bei	APPR	Duden	tu_90_xTok_000734
194.	194	CARD		tu_90_xTok_000736
fl.	Flore	NN	DWB	tu_90_xTok_000738
angeschlagenen	anschlagen	ADJA	Duden	tu_90_xTok_000741
<g/>
,
sohin	sohin	ADV	Duden	tu_90_xTok_000744
aber	aber	ADV	Duden	tu_90_xTok_000746
von	von	APPR	Duden	tu_90_xTok_000748
der	d	ART	Duden	tu_90_xTok_000750
verlustigten	verlustig	ADJA	DWB	tu_90_xTok_000752
Parthey	Partei	NN	Duden	tu_90_xTok_000755
nachgesehenen	nachsehen	ADJA	Duden	tu_90_xTok_000757
Diebstahl	Diebstahl	NN	Duden	tu_90_xTok_000759
auf	auf	APPR	Duden	tu_90_xTok_000761
2.	2	CARD		tu_90_xTok_000763
Jahre	Jahr	NN	Duden	tu_90_xTok_000765
in	in	APPR	Duden	tu_90_xTok_000767
Band	Band	NN	Duden	tu_90_xTok_000769
und	und	KON	Duden	tu_90_xTok_000771
Eisen	Eisen	NN	Duden	tu_90_xTok_000773
in	in	APPR	Duden	tu_90_xTok_000774
die	d	ART	Duden	tu_90_xTok_000776
Festung	Festung	NN	Duden	tu_90_xTok_000778
Temeswar	Temeswar	NE::top	oov	tu_90_xTok_000780
zur	zur	APPRART	Duden	tu_90_xTok_000782
Schanzarbeit	Schanzarbeit	NN	Duden	tu_90_xTok_000784
abgeschicket	abschicken	VVPP	Duden	tu_90_xTok_000786
<g/>
,
beynebens	beinebens	ADV	DWB	tu_90_xTok_000789
ein	ein	ART	Duden	tu_90_xTok_000790
so	so	ADV	Duden	tu_90_xTok_000792
anderer	ander	PIS	Duden	tu_90_xTok_000794
gegen	gegen	APPR	Duden	tu_90_xTok_000796
abgeschworner	abschwören	ADJA	Duden	tu_90_xTok_000798
Urphed	Urfehde	NN	Duden	tu_90_xTok_000800
aus	aus	APPR	Duden	tu_90_xTok_000802
dem	d	ART	Duden	tu_90_xTok_000804
ganzen	ganz	ADJA	Duden	tu_90_xTok_000806
Lande	Land	NN	Duden	tu_90_xTok_000808
Oesterreich ober und unter der Enns	ÖsterreichoberundunterderEnns	NE::top		tu_90_xTok_000809
<g/>
,
wie	wie	KOKOM	Duden	tu_90_xTok_000822
auch	auch	ADV	Duden	tu_90_xTok_000824
aller	all	PIAT	Duden	tu_90_xTok_000826
übrigen	übrig	ADJA	Duden	tu_90_xTok_000828
kais.	kaiserlich	ADJA	Duden	tu_90_xTok_000830
kön.	königlich	ADJA	Duden	tu_90_xTok_000833
Erblanden	Erblande	NN	Duden	tu_90_xTok_000837
<g/>
,
und	und	KON	Duden	tu_90_xTok_000840
dem	d	ART	Duden	tu_90_xTok_000842
allerhöchsten	allerhöchste	ADJA	Duden	tu_90_xTok_000844
Hoflager	Hoflager	NN	Duden	tu_90_xTok_000846
auf	auf	APPR	Duden	tu_90_xTok_000848
ewig	ewig	ADJD	Duden	tu_90_xTok_000850
verwiesen	verweisen	VVPP	Duden	tu_90_xTok_000852
<g/>
,
sohin	sohin	ADV	Duden	tu_90_xTok_000856
aber	aber	ADV	Duden	tu_90_xTok_000858
ihnen	sie	PPER	Duden	tu_90_xTok_000860
nebst	nebst	APPR	Duden	tu_90_xTok_000862
mehr	mehr	PIAT	Duden	tu_90_xTok_000864
anderen	andere	ADJA	Duden	tu_90_xTok_000866
Uebelthätern	Übeltäter	NN	Duden	tu_90_xTok_000868
die	d	ART	Duden	tu_90_xTok_000870
mittler Weile	mittlerweile	ADV		tu_90_xTok_000872
An.	annus	FM	G-LDHW	tu_90_xTok_000877
1760.	1760	CARD		tu_90_xTok_000880
fürgewesene	fürsein	ADJA	DWB	tu_90_xTok_000882
allgemeine	allgemein	ADJA	Duden	tu_90_xTok_000884
Freudenzeit	Freudenzeit	NN	DWB	tu_90_xTok_000886
zu statten gekommen	zustattenkommen	VVPP		tu_90_xTok_000888
<g/>
,
und	und	KON	Duden	tu_90_xTok_000896
damals	damals	ADV	Duden	tu_90_xTok_000898
die	d	ART	Duden	tu_90_xTok_000900
an	an	APPR	Duden	tu_90_xTok_000902
gesagter	sagen	ADJA	Duden	tu_90_xTok_000904
ihrer	ihr	PPOSAT	Duden	tu_90_xTok_000906
Strafzeit	Strafzeit	NN	Duden	tu_90_xTok_000908
noch	noch	ADV	Duden	tu_90_xTok_000910
zu	zu	PTKZU	Duden	tu_90_xTok_000912
vollstrecken	vollstrecken	VVINF	Duden	tu_90_xTok_000914
gehabte	haben	ADJA	Duden	tu_90_xTok_000915
übrige	übrig	ADJA	Duden	tu_90_xTok_000917
dem	d	ART	Duden	tu_90_xTok_000919
Johann	Johann	NE	Duden	tu_90_xTok_000921
S.	S.	NE	oov	tu_90_xTok_000923
mit	mit	APPR	Duden	tu_90_xTok_000926
1.	1	CARD		tu_90_xTok_000928
Jahre	Jahr	NN	Duden	tu_90_xTok_000931
<g/>
,
2.	2	CARD		tu_90_xTok_000934
Monaten	Monat	NN	Duden	tu_90_xTok_000936
<g/>
,
und	und	KON	Duden	tu_90_xTok_000939
dem	d	ART	Duden	tu_90_xTok_000941
Leopold	Leopold	NE	Duden	tu_90_xTok_000942
G.	G.	NE	oov	tu_90_xTok_000944
mit	mit	APPR	Duden	tu_90_xTok_000947
10.	10	CARD		tu_90_xTok_000949
Monaten	Monat	NN	Duden	tu_90_xTok_000951
allermildest	allermildest	ADJD	oov	tu_90_xTok_000953
nachgesehen	nachsehen	VVPP	Duden	tu_90_xTok_000955
worden	werden	VAPP	Duden	tu_90_xTok_000957
ist	sein	VAFIN	Duden	tu_90_xTok_000959
<g/>
.
</p>
<p id="fb_17671204_JohannS_LeopoldG_p_0002">
Wiezumalen	wiezumal	KON	oov	tu_90_xTok_000961
jedoch	jedoch	ADV	Duden	tu_90_xTok_000963
dieselben	derselbe	PDS	Duden	tu_90_xTok_000965
solche	solch	PIAT	Duden	tu_90_xTok_000967
allerhöchste	allerhöchste	ADJA	Duden	tu_90_xTok_000969
Gnade	Gnade	NN	Duden	tu_90_xTok_000971
mißbrauchet	missbrauchen	VVPP	Duden	tu_90_xTok_000973
<g/>
,
und	und	KON	Duden	tu_90_xTok_000976
von	von	APPR	Duden	tu_90_xTok_000978
ihrer	ihr	PPOSAT	Duden	tu_90_xTok_000980
diebischen	diebisch	ADJA	Duden	tu_90_xTok_000982
Gewohnheit	Gewohnheit	NN	Duden	tu_90_xTok_000984
sich	sich	PRF	Duden	tu_90_xTok_000986
nicht	nicht	PTKNEG	Duden	tu_90_xTok_000988
abgelassen	ablassen	VVPP	Duden	tu_90_xTok_000990
haben	haben	VAFIN	Duden	tu_90_xTok_000992
<g/>
,
als	als	ADV	Duden	tu_90_xTok_000995
ist	sein	VAFIN	Duden	tu_90_xTok_000997
An.	annus	FM	G-LDHW	tu_90_xTok_000999
1761.	1761	CARD		tu_90_xTok_001002
darauf	darauf	PAV	Duden	tu_90_xTok_001004
der	d	ART	Duden	tu_90_xTok_001006
Johann	Johann	NE	Duden	tu_90_xTok_001008
S.	S.	NE	oov	tu_90_xTok_001010
darum	darum	PAV	Duden	tu_90_xTok_001013
<g/>
,
weil	weil	KOUS	Duden	tu_90_xTok_001016
er	er	PPER	Duden	tu_90_xTok_001018
mit	mit	APPR	Duden	tu_90_xTok_001020
zwey	zwei	CARD	Duden	tu_90_xTok_001022
anderen	andere	ADJA	Duden	tu_90_xTok_001024
Diebskameraden	Diebskamerad	NN	oov	tu_90_xTok_001027
einen	ein	ART	Duden	tu_90_xTok_001029
Wirth	Wirt	NN	Duden	tu_90_xTok_001031
zu	zu	APPR	Duden	tu_90_xTok_001033
Altofen	Altofen	NE::top	oov	tu_90_xTok_001035
bestohlen	bestehlen	VVPP	Duden	tu_90_xTok_001037
<g/>
,
und	und	KON	Duden	tu_90_xTok_001040
dadurch	dadurch	PAV	Duden	tu_90_xTok_001042
in	in	APPR	Duden	tu_90_xTok_001045
einen	ein	ART	Duden	tu_90_xTok_001047
Schaden	Schaden	NN	Duden	tu_90_xTok_001049
pr.	per	APPR	Duden	tu_90_xTok_001051
31.	31	CARD		tu_90_xTok_001054
fl.	Flore	NN	DWB	tu_90_xTok_001056
versetzet	versetzen	VVPP	Duden	tu_90_xTok_001059
hat	haben	VAFIN	Duden	tu_90_xTok_001061
<g/>
,
zu	zu	APPR	Duden	tu_90_xTok_001064
Pest	Pest	NE::top	Duden	tu_90_xTok_001066
<g/>
,
der	d	ART	Duden	tu_90_xTok_001069
Leopold	Leopold	NE	Duden	tu_90_xTok_001071
G.	G.	NE	oov	tu_90_xTok_001073
aber	aber	ADV	Duden	tu_90_xTok_001076
bloß	bloß	ADV	Duden	tu_90_xTok_001078
allein	allein	ADJD	Duden	tu_90_xTok_001080
als	als	KOKOM	Duden	tu_90_xTok_001082
ein	ein	ART	Duden	tu_90_xTok_001084
verdächtiger	verdächtig	ADJA	Duden	tu_90_xTok_001086
Kerl	Kerl	NN	Duden	tu_90_xTok_001088
zu	zu	APPR	Duden	tu_90_xTok_001090
Preßburg	Pressburg	NE::top	Duden	tu_90_xTok_001092
auf	auf	APPR	Duden	tu_90_xTok_001094
dem	d	ART	Duden	tu_90_xTok_001096
Schloßberge	Schloßberg	NN	Duden	tu_90_xTok_001098
neuerdingen	neuerdings	ADV	Duden	tu_90_xTok_001100
arrestierlich	arrestierlich	ADJD	oov	tu_90_xTok_001102
eingezogen	einziehen	VVPP	DWB	tu_90_xTok_001104
<g/>
,
und	und	KON	Duden	tu_90_xTok_001107
hierüber	hierüber	PAV	Duden	tu_90_xTok_001109
der	d	ART	Duden	tu_90_xTok_001111
erste	erste	ADJ-NN	Duden	tu_90_xTok_001113
zu	zu	APPR	Duden	tu_90_xTok_001115
Pest	Pest	NE::top	Duden	tu_90_xTok_001117
auf	auf	APPR	Duden	tu_90_xTok_001119
den	d	ART	Duden	tu_90_xTok_001121
rechten	rechte	ADJA	Duden	tu_90_xTok_001123
Backen	Backe	NN	Duden	tu_90_xTok_001125
des	d	ART	Duden	tu_90_xTok_001127
Angesichts	Angesicht	NN	Duden	tu_90_xTok_001129
gebrandmalet	brandmalen	VVPP	DWB	tu_90_xTok_001131
<g/>
,
mit	mit	APPR	Duden	tu_90_xTok_001134
einem	ein	ART	Duden	tu_90_xTok_001136
ganzen	ganz	ADJA	Duden	tu_90_xTok_001138
Schillinge	Schilling	NN	Duden	tu_90_xTok_001140
am	am	APPRART	Duden	tu_90_xTok_001142
Pranger	Pranger	NN	Duden	tu_90_xTok_001144
ausgepeitschet	auspeitschen	VVPP	Duden	tu_90_xTok_001146
<g/>
,
und	und	KON	Duden	tu_90_xTok_001149
auch	auch	ADV	Duden	tu_90_xTok_001151
aus	aus	APPR	Duden	tu_90_xTok_001153
dasiger	dasig	ADJA	Duden	tu_90_xTok_001155
Gerichtsbarkeit	Gerichtsbarkeit	NN	Duden	tu_90_xTok_001157
auf	auf	APPR	Duden	tu_90_xTok_001159
ewig	ewig	ADJD	Duden	tu_90_xTok_001161
verwiesen	verweisen	VVPP	Duden	tu_90_xTok_001163
<g/>
.
Der	d	ART	Duden	tu_90_xTok_001166
letzte	letzte	ADJA	Duden	tu_90_xTok_001168
hingegen	hingegen	ADV	Duden	tu_90_xTok_001170
zu	zu	APPR	Duden	tu_90_xTok_001173
Preßburg	Pressburg	NE::top	Duden	tu_90_xTok_001175
zwar	zwar	ADV	Duden	tu_90_xTok_001177
wieder	wieder	ADV	Duden	tu_90_xTok_001179
frey	frei	ADJD	Duden	tu_90_xTok_001181
entlassen	entlassen	VVPP	Duden	tu_90_xTok_001183
<g/>
,
jedoch	jedoch	KON	Duden	tu_90_xTok_001186
ebenfalls	ebenfalls	ADV	Duden	tu_90_xTok_001188
vom	vom	APPRART	Duden	tu_90_xTok_001190
dasigen	dasig	ADJA	Duden	tu_90_xTok_001192
Schloßgrunde	Schlossgrund	NN	oov	tu_90_xTok_001194
auf	auf	APPR	Duden	tu_90_xTok_001196
ewig	ewig	ADJD	Duden	tu_90_xTok_001198
abgeschafet	abschaffen	VVPP	DWB	tu_90_xTok_001200
worden	werden	VAPP	Duden	tu_90_xTok_001202
<g/>
;
Und	und	KON	Duden	tu_90_xTok_001205
da	da	KOUS	Duden	tu_90_xTok_001207
demnach	demnach	PAV	Duden	tu_90_xTok_001209
beyde	beide	PIS	Duden	tu_90_xTok_001211
zu	zu	APPR	Duden	tu_90_xTok_001213
Großhöflein	Großhöflein	NE::top	oov	tu_90_xTok_001215
und	und	KON	Duden	tu_90_xTok_001217
Eisenstadt	Eisenstadt	NE::top	Duden	tu_90_xTok_001219
durch	durch	APPR	Duden	tu_90_xTok_001221
einige	einige	PIAT	Duden	tu_90_xTok_001223
Zeit	Zeit	NN	Duden	tu_90_xTok_001225
sich	sich	PRF	Duden	tu_90_xTok_001227
wohnhaft	wohnhaft	ADJD	Duden	tu_90_xTok_001229
befunden	befinden	VVPP	Duden	tu_90_xTok_001231
<g/>
,
hat	haben	VAFIN	Duden	tu_90_xTok_001234
sich	sich	PRF	Duden	tu_90_xTok_001236
ferners	ferner	ADV	Duden	tu_90_xTok_001238
geäusseret	äußern	VVPP	Duden	tu_90_xTok_001240
<g/>
,
daß	dass	KOUS	Duden	tu_90_xTok_001243
er	er	PPER	Duden	tu_90_xTok_001245
Johann	Johann	NE	Duden	tu_90_xTok_001247
S.	S.	NE	oov	tu_90_xTok_001249
An.	annus	FM	G-LDHW	tu_90_xTok_001252
1763.	1763	CARD		tu_90_xTok_001255
wegen	wegen	APPR	Duden	tu_90_xTok_001257
einer	ein	ART	Duden	tu_90_xTok_001259
einem	ein	ART	Duden	tu_90_xTok_001261
Bauern	Bauer	NN	Duden	tu_90_xTok_001263
zu	zu	APPR	Duden	tu_90_xTok_001265
Großhöflein	Großhöflein	NE::top	oov	tu_90_xTok_001267
entfremdeten	entfremden	ADJA	Duden	tu_90_xTok_001269
<g/>
,
jedoch	jedoch	KON	Duden	tu_90_xTok_001272
gleich	gleich	ADV	Duden	tu_90_xTok_001274
an	an	APPR	Duden	tu_90_xTok_001276
der	d	ART	Duden	tu_90_xTok_001278
Stelle	Stelle	NN	Duden	tu_90_xTok_001280
wieder	wieder	ADV	Duden	tu_90_xTok_001282
zugekommenen	zukommen	ADJA	Duden	tu_90_xTok_001284
Leinwand	Leinwand	NN	Duden	tu_90_xTok_001286
im	im	APPRART	Duden	tu_90_xTok_001288
Werthe	Wert	NN	Duden	tu_90_xTok_001290
pr.	per	APPR	Duden	tu_90_xTok_001292
8.	8	CARD		tu_90_xTok_001295
fl.	Flore	NN	DWB	tu_90_xTok_001298
22.	22	CARD		tu_90_xTok_001300
kr.	Kreuzer	NN	Duden	tu_90_xTok_001302
arrestirlich	arrestierlich	ADJD	oov	tu_90_xTok_001305
angehalten	anhalten	VVPP	Duden	tu_90_xTok_001307
<g/>
,
bey	bei	APPR	Duden	tu_90_xTok_001310
dessen	d	PDAT	Duden	tu_90_xTok_001312
Einlieferung	Einlieferung	NN	Duden	tu_90_xTok_001314
nach	nach	APPR	Duden	tu_90_xTok_001316
Eisenstadt	Eisenstadt	NE::top	Duden	tu_90_xTok_001318
aber	aber	ADV	Duden	tu_90_xTok_001320
entsprungen	entspringen	VVPP	Duden	tu_90_xTok_001322
<g/>
,
und	und	KON	Duden	tu_90_xTok_001325
flüchtig	flüchtig	ADJD	Duden	tu_90_xTok_001327
geworden	werden	VAPP	Duden	tu_90_xTok_001329
<g/>
,
und	und	KON	Duden	tu_90_xTok_001332
daß	dass	KOUS	Duden	tu_90_xTok_001334
dann	dann	ADV	Duden	tu_90_xTok_001336
auch	auch	ADV	Duden	tu_90_xTok_001338
bey	bei	APPR	Duden	tu_90_xTok_001340
dem	d	ART	Duden	tu_90_xTok_001342
Leopold	Leopold	NE	Duden	tu_90_xTok_001344
G.	G.	NE	oov	tu_90_xTok_001346
<g/>
,
da	da	KOUS	Duden	tu_90_xTok_001350
dieser	diese	PDS	Duden	tu_90_xTok_001352
hierauf	hierauf	PAV	Duden	tu_90_xTok_001354
wegen	wegen	APPR	Duden	tu_90_xTok_001356
seines	sein	PPOSAT	Duden	tu_90_xTok_001358
mit	mit	APPR	Duden	tu_90_xTok_001360
dem	d	ART	Duden	tu_90_xTok_001362
Johann	Johann	NE	Duden	tu_90_xTok_001364
G.	G.	NE	oov	tu_90_xTok_001366
verdächtig	verdächtig	ADJD	Duden	tu_90_xTok_001368
gepflogenen	pflegen	ADJA	Duden	tu_90_xTok_001370
Umganges	Umgang	NN	Duden	tu_90_xTok_001372
eben	eben	ADV	Duden	tu_90_xTok_001374
allda	allda	ADV	Duden	tu_90_xTok_001376
zu	zu	APPR	Duden	tu_90_xTok_001378
Eisenstadt	Eisenstadt	NE::top	Duden	tu_90_xTok_001380
in	in	APPR	Duden	tu_90_xTok_001382
Arrest	Arrest	NN	Duden	tu_90_xTok_001384
genommen	nehmen	VVPP	Duden	tu_90_xTok_001386
worden	werden	VAPP	Duden	tu_90_xTok_001388
<g/>
,
in	in	APPR	Duden	tu_90_xTok_001391
dessen	d	PRELAT	Duden	tu_90_xTok_001393
Wohnung	Wohnung	NN	Duden	tu_90_xTok_001395
von	von	APPR	Duden	tu_90_xTok_001397
verschiedenen	verschieden	ADJA	Duden	tu_90_xTok_001399
theils	teils	ADV	Duden	tu_90_xTok_001401
daselbst	daselbst	ADV	Duden	tu_90_xTok_001403
zu	zu	APPR	Duden	tu_90_xTok_001406
Eisenstadt	Eisenstadt	NE::top	Duden	tu_90_xTok_001408
<g/>
,
theils	teils	ADV	Duden	tu_90_xTok_001411
zu	zu	APPR	Duden	tu_90_xTok_001413
Grammet=Neusiedel	Gramatneusiedl	NE::top	oov	tu_90_xTok_001415
<g/>
,
St. Georgen	St.Georgen	NE::top		tu_90_xTok_001418
<g/>
,
Seiberstorf	Seibersdorf	NE::top	oov	tu_90_xTok_001424
und	und	KON	Duden	tu_90_xTok_001426
Männerstorf	Mannersdorf	NE::top	oov	tu_90_xTok_001428
geschehenen	geschehen	ADJA	Duden	tu_90_xTok_001430
Diebstählen	Diebstahl	NN	Duden	tu_90_xTok_001432
einige	einige	PIAT	Duden	tu_90_xTok_001434
Fahrnissen	Fahrnis	NN	Duden	tu_90_xTok_001436
sich	sich	PRF	Duden	tu_90_xTok_001439
vorgefunden	vorfinden	VVPP	Duden	tu_90_xTok_001441
haben	haben	VAFIN	Duden	tu_90_xTok_001443
<g/>
,
weswegen	weswegen	PWAV	Duden	tu_90_xTok_001446
er	er	PPER	Duden	tu_90_xTok_001448
Leopold	Leopold	NE	Duden	tu_90_xTok_001450
G.	G.	NE	oov	tu_90_xTok_001452
hierüber	hierüber	PAV	Duden	tu_90_xTok_001455
sogar	sogar	ADV	Duden	tu_90_xTok_001457
zur	zur	APPRART	Duden	tu_90_xTok_001458
peinlichen	peinlich	ADJA	Duden	tu_90_xTok_001460
Frage	Frage	NN	Duden	tu_90_xTok_001462
gezogen	ziehen	VVPP	Duden	tu_90_xTok_001464
<g/>
,
dieser	diese	PDS	Duden	tu_90_xTok_001467
aber	aber	ADV	Duden	tu_90_xTok_001469
dem	d	PDS	Duden	tu_90_xTok_001471
ungeachtet	ungeachtet	APPO	Duden	tu_90_xTok_001473
im	im	APPRART	Duden	tu_90_xTok_001475
beharrlichen	beharrlich	ADJA	Duden	tu_90_xTok_001477
Laugnen	leugnen	VVINF-NN	Duden	tu_90_xTok_001480
verbleiben	verbleiben	VVPP	Duden	tu_90_xTok_001482
<g/>
,
und	und	KON	Duden	tu_90_xTok_001485
sohin	sohin	ADV	Duden	tu_90_xTok_001487
aus	aus	APPR	Duden	tu_90_xTok_001489
dasigen	dasig	ADJA	Duden	tu_90_xTok_001491
Eisenstädter	Eisenstädter	ADJA	oov	tu_90_xTok_001493
Landgerichts=Bezirke	Landgerichtsbezirk	NN	oov	tu_90_xTok_001495
abgeschafet	abschaffen	VVPP	DWB	tu_90_xTok_001498
worden	werden	VAPP	Duden	tu_90_xTok_001500
ist	sein	VAFIN	Duden	tu_90_xTok_001502
<g/>
.
</p>
<p id="fb_17671204_JohannS_LeopoldG_p_0003">
Alle	all	PIAT	Duden	tu_90_xTok_001504
diese	diese	PDAT	Duden	tu_90_xTok_001506
Vorgänge	Vorgang	NN	Duden	tu_90_xTok_001508
<g/>
,
gerichtliche	gerichtlich	ADJA	Duden	tu_90_xTok_001511
Verfahr=	Verfahrung	NN	DWB	tu_90_xTok_001513
und	und	KON	Duden	tu_90_xTok_001515
Bestraffungen	Bestrafung	NN	Duden	tu_90_xTok_001517
haben	haben	VAFIN	Duden	tu_90_xTok_001519
bey	bei	APPR	Duden	tu_90_xTok_001522
ihnen	sie	PPER	Duden	tu_90_xTok_001524
beyden	beide	PIAT	Duden	tu_90_xTok_001526
Delinquenten	Delinquent	NN	Duden	tu_90_xTok_001528
nichts	nichts	PIS	Duden	tu_90_xTok_001530
gefruchtet	fruchten	VVPP	Duden	tu_90_xTok_001532
<g/>
,
sondern	sondern	KON	Duden	tu_90_xTok_001535
sie	sie	PPER	Duden	tu_90_xTok_001537
haben	haben	VAFIN	Duden	tu_90_xTok_001539
vielmehr	vielmehr	ADV	Duden	tu_90_xTok_001541
in	in	APPR	Duden	tu_90_xTok_001543
ihrer	ihr	PPOSAT	Duden	tu_90_xTok_001545
angewohnt=	angewohnt	ADJA	DRW	tu_90_xTok_001547
diebischen	diebisch	ADJA	Duden	tu_90_xTok_001549
Boßheit	Bosheit	NN	Duden	tu_90_xTok_001551
immer	immer	ADV	Duden	tu_90_xTok_001553
mehr	mehr	ADV	Duden	tu_90_xTok_001555
zugenommen	zunehmen	VVPP	Duden	tu_90_xTok_001557
<g/>
,
und	und	KON	Duden	tu_90_xTok_001561
sich	sich	PRF	Duden	tu_90_xTok_001563
dahin	dahin	PAV	Duden	tu_90_xTok_001565
erfrechet	erfrechen	VVPP	Duden	tu_90_xTok_001567
<g/>
,
daß	dass	KOUS	Duden	tu_90_xTok_001570
er	er	PPER	Duden	tu_90_xTok_001572
Johann	Johann	NE	Duden	tu_90_xTok_001574
S.	S.	NE	oov	tu_90_xTok_001576
seit	seit	APPR	Duden	tu_90_xTok_001579
seiner	sein	PPOSAT	Duden	tu_90_xTok_001581
Flüchtigwerdung	Flüchtigwerdung	NN	oov	tu_90_xTok_001583
zu	zu	APPR	Duden	tu_90_xTok_001586
Eisenstadt	Eisenstadt	NE::top	Duden	tu_90_xTok_001588
die	d	ART	Duden	tu_90_xTok_001590
meiste	meiste	PIAT	Duden	tu_90_xTok_001592
Zeit	Zeit	NN	Duden	tu_90_xTok_001594
zuwider	zuwider	APPR	Duden	tu_90_xTok_001596
der	d	ART	Duden	tu_90_xTok_001598
von	von	APPR	Duden	tu_90_xTok_001600
ihm	er	PPER	Duden	tu_90_xTok_001602
abgeschwornen	abschwören	ADJA	Duden	tu_90_xTok_001604
Urphed	Urfehde	NN	Duden	tu_90_xTok_001607
meineidig	meineidig	ADJD	Duden	tu_90_xTok_001609
allhier	allhier	ADV	Duden	tu_90_xTok_001611
sich	sich	PRF	Duden	tu_90_xTok_001613
aufgehalten	aufhalten	VVPP	Duden	tu_90_xTok_001615
<g/>
,
desgleichen	desgleichen	ADV	Duden	tu_90_xTok_001618
auch	auch	ADV	Duden	tu_90_xTok_001620
er	er	PPER	Duden	tu_90_xTok_001622
Leopold	Leopold	NE	Duden	tu_90_xTok_001624
G.	G.	NE	oov	tu_90_xTok_001627
seit	seit	APPR	Duden	tu_90_xTok_001630
vorerwähnt	vorerwähnt	ADJA	Duden	tu_90_xTok_001632
seiner	sein	PPOSAT	Duden	tu_90_xTok_001634
zu	zu	APPR	Duden	tu_90_xTok_001636
Eisenstadt	Eisenstadt	NE::top	Duden	tu_90_xTok_001638
erhaltenen	erhalten	ADJA	Duden	tu_90_xTok_001640
letzteren	letztere	ADJA	Duden	tu_90_xTok_001642
des	d	ART	Duden	tu_90_xTok_001648
öftern	öfter	ADV-NN	Duden	tu_90_xTok_001650
Urphedsbrüchig	urfehdebrüchig	ADJD	oov	tu_90_xTok_001652
allhier	allhier	ADV	Duden	tu_90_xTok_001654
sich	sich	PRF	Duden	tu_90_xTok_001656
eingefunden	einfinden	VVPP	Duden	tu_90_xTok_001658
hat	haben	VAFIN	Duden	tu_90_xTok_001660
<g/>
,
und	und	KON	Duden	tu_90_xTok_001663
sie	sie	PPER	Duden	tu_90_xTok_001665
beyde	beide	PIS	Duden	tu_90_xTok_001667
diese	diese	PDAT	Duden	tu_90_xTok_001669
Zeit	Zeit	NN	Duden	tu_90_xTok_001671
hindurch	hindurch	ADV	Duden	tu_90_xTok_001673
eben	eben	ADV	Duden	tu_90_xTok_001675
allhier	allhier	ADV	Duden	tu_90_xTok_001677
beständig	beständig	ADJD	Duden	tu_90_xTok_001679
dem	d	ART	Duden	tu_90_xTok_001681
Stehlen	stehlen	VVINF-NN	Duden	tu_90_xTok_001683
nachgegangen	nachgehen	VVPP	Duden	tu_90_xTok_001685
sind	sein	VAFIN	Duden	tu_90_xTok_001688
<g/>
,
allermassen	allermaßen	ADV	DWB	tu_90_xTok_001691
sie	sie	PPER	Duden	tu_90_xTok_001693
beyde	beide	PIS	Duden	tu_90_xTok_001695
miteinander	miteinander	ADV	Duden	tu_90_xTok_001697
vermöge	vermöge	APPR	Duden	tu_90_xTok_001699
der	d	ART	Duden	tu_90_xTok_001701
dießhalben	dieshalb	PAV	DWB	tu_90_xTok_001703
mit	mit	APPR	Duden	tu_90_xTok_001705
ihnen	sie	PPER	Duden	tu_90_xTok_001707
letzthin	letzthin	ADV	Duden	tu_90_xTok_001709
vorgenommenen	vornehmen	ADJA	Duden	tu_90_xTok_001711
gütigen	gütig	ADJA	Duden	tu_90_xTok_001713
Criminalverfahrung	Kriminalverfahrung	NN	oov	tu_90_xTok_001715
selbst	selbst	ADV	Duden	tu_90_xTok_001717
geständig	geständig	ADJD	Duden	tu_90_xTok_001719
<g/>
,
auch	auch	ADV	Duden	tu_90_xTok_001723
durch	durch	APPR	Duden	tu_90_xTok_001725
den	d	ART	Duden	tu_90_xTok_001727
hierüber	hierüber	PAV	Duden	tu_90_xTok_001729
theils	teils	ADV	Duden	tu_90_xTok_001731
gerichtlich	gerichtlich	ADJD	Duden	tu_90_xTok_001733
<g/>
,
theils	teils	ADV	Duden	tu_90_xTok_001736
eidlich	eidlich	ADJD	Duden	tu_90_xTok_001738
erhobenen	erheben	ADJA	Duden	tu_90_xTok_001740
Befund	Befund	NN	Duden	tu_90_xTok_001743
bestättigter Massen	bestätigtermaßen	ADV		tu_90_xTok_001745
erstens	erstens	ADV	Duden	tu_90_xTok_001749
zwischen	zwischen	APPR	Duden	tu_90_xTok_001751
den	d	ART	Duden	tu_90_xTok_001753
11.	11	ADJA		tu_90_xTok_001755
und	und	KON	Duden	tu_90_xTok_001757
12ten	12	ADJA		tu_90_xTok_001759
Novemb.	November	NN	Duden	tu_90_xTok_001762
1764.	1764	CARD		tu_90_xTok_001765
mit	mit	APPR	Duden	tu_90_xTok_001767
einem	ein	ART	Duden	tu_90_xTok_001769
hiezu	hiezu	PAV	Duden	tu_90_xTok_001771
erforderlichen	erforderlich	ADJA	Duden	tu_90_xTok_001773
Diebswerkzeuge	Diebswerkzeug	NN	DWB	tu_90_xTok_001775
einen	ein	ART	Duden	tu_90_xTok_001777
Stadel	Stadel	NN	Duden	tu_90_xTok_001779
auf	auf	APPR	Duden	tu_90_xTok_001781
der	d	ART	Duden	tu_90_xTok_001783
Landstrasse	Landstraße	NE::top	oov	tu_90_xTok_001785
gewaltsamer	gewaltsam	ADJA	Duden	tu_90_xTok_001787
Weise	Weise	NN	Duden	tu_90_xTok_001789
nächtlicher Weile	nächtlicherweile	ADV		tu_90_xTok_001791
erbrochen	erbrechen	VVPP	Duden	tu_90_xTok_001795
<g/>
.
die	d	ART	Duden	tu_90_xTok_001800
darinn	darin	PAV	Duden	tu_90_xTok_001802
befindlich	befindlich	ADJD	Duden	tu_90_xTok_001804
gewesene	sein	ADJA	Duden	tu_90_xTok_001806
3.	3	CARD		tu_90_xTok_001808
Wägen	Wagen	NN	Duden	tu_90_xTok_001810
ausgeschnitten	ausschneiden	VVPP	Duden	tu_90_xTok_001812
<g/>
,
und	und	KON	Duden	tu_90_xTok_001815
dadurch	dadurch	PAV	Duden	tu_90_xTok_001816
einen	ein	ART	Duden	tu_90_xTok_001818
beschwornen	beschwören	ADJA	Duden	tu_90_xTok_001820
Schaden	Schaden	NN	Duden	tu_90_xTok_001822
pr.	per	APPR	Duden	tu_90_xTok_001824
132.	132	CARD		tu_90_xTok_001827
fl.	Flore	NN	DWB	tu_90_xTok_001829
44.	44	CARD		tu_90_xTok_001832
kr.	Kreuzer	NN	Duden	tu_90_xTok_001834
verursachet	verursachen	VVPP	Duden	tu_90_xTok_001837
<g/>
,
dann	dann	ADV	Duden	tu_90_xTok_001840
zweytens	zweitens	ADV	Duden	tu_90_xTok_001842
eben	eben	ADV	Duden	tu_90_xTok_001844
im	im	APPRART	Duden	tu_90_xTok_001846
November	November	NN	Duden	tu_90_xTok_001848
1764.	1764	CARD		tu_90_xTok_001850
allda	allda	ADV	Duden	tu_90_xTok_001852
auf	auf	APPR	Duden	tu_90_xTok_001854
der	d	ART	Duden	tu_90_xTok_001856
Landstrasse	Landstraße	NE::top	oov	tu_90_xTok_001858
von	von	APPR	Duden	tu_90_xTok_001860
einer	ein	ART	Duden	tu_90_xTok_001862
unbewohnt	unbewohnt	ADJD	Duden	tu_90_xTok_001864
gewesenen	sein	ADJA	Duden	tu_90_xTok_001866
Sommerwohnung	Sommerwohnung	NN	Duden	tu_90_xTok_001868
das	d	ART	Duden	tu_90_xTok_001870
eisene	eisen	ADJA	Duden	tu_90_xTok_001872
Fenstergitter	Fenstergitter	NN	Duden	tu_90_xTok_001874
herabgewogen	herabwiegen	VVPP	oov	tu_90_xTok_001876
<g/>
,
und	und	KON	Duden	tu_90_xTok_001879
hieraus	hieraus	PAV	Duden	tu_90_xTok_001881
mittelst	mittelst	APPR	Duden	tu_90_xTok_001883
Einsteigung	Einsteigung	NN	DRW	tu_90_xTok_001885
durch	durch	APPR	Duden	tu_90_xTok_001887
das	d	ART	Duden	tu_90_xTok_001889
Fenster	Fenster	NN	Duden	tu_90_xTok_001891
die	d	ART	Duden	tu_90_xTok_001893
darin	darin	PAV	Duden	tu_90_xTok_001895
befindlich	befindlich	ADJD	Duden	tu_90_xTok_001897
gewesene	sein	ADJA	Duden	tu_90_xTok_001899
im	im	APPRART	Duden	tu_90_xTok_001901
Werthe	Wert	NN	Duden	tu_90_xTok_001903
pr.	per	APPR	Duden	tu_90_xTok_001905
97.	97	CARD		tu_90_xTok_001908
fl.	Flore	NN	DWB	tu_90_xTok_001910
gerichtlich	gerichtlich	ADJD	Duden	tu_90_xTok_001913
angeschlagene	anschlagen	ADJA	Duden	tu_90_xTok_001915
Einrichtung	Einrichtung	NN	Duden	tu_90_xTok_001918
entfremdet	entfremden	VVPP	Duden	tu_90_xTok_001920
<g/>
,
nicht	nicht	PTKNEG	Duden	tu_90_xTok_001923
minder	minder	ADV	Duden	tu_90_xTok_001925
drittens	drittens	ADV	Duden	tu_90_xTok_001927
um	um	APPR	Duden	tu_90_xTok_001929
besagte	besagt	ADJA	Duden	tu_90_xTok_001931
Herbstzeit	Herbstzeit	NN	Duden	tu_90_xTok_001933
in	in	APPR	Duden	tu_90_xTok_001936
einem	ein	ART	Duden	tu_90_xTok_001938
herrschaftlichen	herrschaftlich	ADJA	Duden	tu_90_xTok_001940
Garten	Garten	NN	Duden	tu_90_xTok_001942
am	am	APPRART	Duden	tu_90_xTok_001944
Alsterbache	Alsterbach	NE::top	oov	tu_90_xTok_001946
in	in	APPR	Duden	tu_90_xTok_001948
ein	ein	ART	Duden	tu_90_xTok_001950
versperrt	versperren	ADJD	Duden	tu_90_xTok_001952
gewesenes	sein	ADJA	Duden	tu_90_xTok_001952b
hölzernes	hölzern	ADJA	Duden	tu_90_xTok_001955
Lusthaus	Lusthaus	NN	Duden	tu_90_xTok_001957
eingebrochen	einbrechen	VVPP	Duden	tu_90_xTok_001959
<g/>
,
die	d	ART	Duden	tu_90_xTok_001962
darin	darin	PAV	Duden	tu_90_xTok_001964
vorgefundene	vorfinden	ADJA	Duden	tu_90_xTok_001966
Tapezerey	Tapezerei	NN	DWB	tu_90_xTok_001968
ausgeschnitten	ausschneiden	VVPP	Duden	tu_90_xTok_001970
<g/>
,
und	und	KON	Duden	tu_90_xTok_001973
solche	solch	PIS	Duden	tu_90_xTok_001975
<g/>
,
ohne	ohne	APPR	Duden	tu_90_xTok_001978
daß	dass	KOUS	Duden	tu_90_xTok_001980
derer	d	PDAT	Duden	tu_90_xTok_001982
Betrag	Betrag	NN	Duden	tu_90_xTok_001984
gerichtlich	gerichtlich	ADJD	Duden	tu_90_xTok_001986
angegeben	angeben	VVPP	Duden	tu_90_xTok_001989
worden	werden	VAPP	Duden	tu_90_xTok_001991
<g/>
,
mit	mit	APPR	Duden	tu_90_xTok_001994
sich	sich	PRF	Duden	tu_90_xTok_001996
davon	davon	PTKVZ	Duden	tu_90_xTok_001998
getragen	davontragen	VVPP	Duden	tu_90_xTok_002000
<g/>
,
so	so	ADV	Duden	tu_90_xTok_002003
weiters	weiters	ADV	Duden	tu_90_xTok_002005
auch	auch	ADV	Duden	tu_90_xTok_002007
viertens	viertens	ADV	Duden	tu_90_xTok_002009
zwischen	zwischen	APPR	Duden	tu_90_xTok_002011
den	d	ART	Duden	tu_90_xTok_002013
11.	11	ADJA		tu_90_xTok_002015
und	und	KON	Duden	tu_90_xTok_002017
12ten	12	ADJA		tu_90_xTok_002019
Jänner	Jänner	NN	Duden	tu_90_xTok_002022
1765.	1765	CARD		tu_90_xTok_002024
nächst	nächst	APPR	Duden	tu_90_xTok_002026
St. Marx	St.Marx	NE::top		tu_90_xTok_002028
auf	auf	APPR	Duden	tu_90_xTok_002033
der	d	ART	Duden	tu_90_xTok_002035
Landstrasse	Landstraße	NE::top	oov	tu_90_xTok_002037
aus	aus	APPR	Duden	tu_90_xTok_002039
einem	ein	ART	Duden	tu_90_xTok_002041
Garten	Garten	NN	Duden	tu_90_xTok_002043
mittelst	mittelst	APPR	Duden	tu_90_xTok_002045
Einsteigung	Einsteigung	NN	DRW	tu_90_xTok_002047
über	über	APPR	Duden	tu_90_xTok_002049
eine	ein	ART	Duden	tu_90_xTok_002051
Planke	Planke	NN	Duden	tu_90_xTok_002052
von	von	APPR	Duden	tu_90_xTok_002054
einer	ein	ART	Duden	tu_90_xTok_002056
Wasserleitung	Wasserleitung	NN	Duden	tu_90_xTok_002058
zwey	zwei	CARD	Duden	tu_90_xTok_002060
von	von	APPR	Duden	tu_90_xTok_002062
dem	d	ART	Duden	tu_90_xTok_002064
dießfälligen	diesfällig	ADJA	Duden	tu_90_xTok_002066
Eigenthümer	Eigentümer	NN	Duden	tu_90_xTok_002068
eben	eben	ADV	Duden	tu_90_xTok_002071
nicht	nicht	PTKNEG	Duden	tu_90_xTok_002073
ihrem	ihr	PPOSAT	Duden	tu_90_xTok_002075
Werte	Wert	NN	Duden	tu_90_xTok_002077
nach	nach	APPO	Duden	tu_90_xTok_002079
taxirte	taxieren	ADJA	Duden	tu_90_xTok_002081
meßingene	messingen	ADJA	Duden	tu_90_xTok_002083
Pippen	Pippe	NN	DWB	tu_90_xTok_002085
von	von	APPR	Duden	tu_90_xTok_002087
den	d	ART	Duden	tu_90_xTok_002089
bleyernen	bleiern	ADJA	Duden	tu_90_xTok_002091
Röhren	Röhre	NN	Duden	tu_90_xTok_002093
abgesäget	absägen	VVPP	Duden	tu_90_xTok_002095
<g/>
,
und	und	KON	Duden	tu_90_xTok_002098
gestohlen	stehlen	VVPP	Duden	tu_90_xTok_002100
<g/>
,
und	und	KON	Duden	tu_90_xTok_002103
endlich	endlich	ADV	Duden	tu_90_xTok_002105
fünftens	fünftens	ADV	Duden	tu_90_xTok_002107
gleich	gleich	ADV	Duden	tu_90_xTok_002110
die	d	ART	Duden	tu_90_xTok_002112
andere	andere	ADJA	Duden	tu_90_xTok_002114
Nacht	Nacht	NN	Duden	tu_90_xTok_002116
darauf	darauf	PAV	Duden	tu_90_xTok_002118
den	d	ART	Duden	tu_90_xTok_002120
13ten	13	ADJA		tu_90_xTok_002122
Jänner	Jänner	NN	Duden	tu_90_xTok_002125
bey	bei	APPR	Duden	tu_90_xTok_002127
einem	ein	ART	Duden	tu_90_xTok_002129
Wirth	Wirt	NN	Duden	tu_90_xTok_002131
in	in	APPR	Duden	tu_90_xTok_002133
der	d	ART	Duden	tu_90_xTok_002135
Roßau	Rossau	NE::top	oov	tu_90_xTok_002137
mittelst	mittelst	APPR	Duden	tu_90_xTok_002139
Aushebung	Aushebung	NN	Duden	tu_90_xTok_002141
eines	ein	ART	Duden	tu_90_xTok_002143
Fensters	Fenster	NN	Duden	tu_90_xTok_002145
<g/>
,
und	und	KON	Duden	tu_90_xTok_002148
Einsteigung	Einsteigung	NN	DRW	tu_90_xTok_002150
durch	durch	APPR	Duden	tu_90_xTok_002153
dasselbe	dasselbe	PDS	Duden	tu_90_xTok_002155
an	an	APPR	Duden	tu_90_xTok_002157
schweinenen	schweinern	ADJA	Duden	tu_90_xTok_002159
Schmalze	Schmalz	NN	Duden	tu_90_xTok_002161
<g/>
,
Selchfleisch	Selchfleisch	NN	Duden	tu_90_xTok_002164
<g/>
,
und	und	KON	Duden	tu_90_xTok_002167
anderen	andere	ADJA	Duden	tu_90_xTok_002169
Fahrnissen	Fahrnis	NN	Duden	tu_90_xTok_002171
einen	ein	ART	Duden	tu_90_xTok_002173
auf	auf	APPR	Duden	tu_90_xTok_002175
7.	7	CARD		tu_90_xTok_002177
fl.	Flore	NN	DWB	tu_90_xTok_002179
11.	11	CARD		tu_90_xTok_002182
kr.	Kreuzer	NN	Duden	tu_90_xTok_002184
beschwornen	beschwören	ADJA	Duden	tu_90_xTok_002187
Diebstahl	Diebstahl	NN	Duden	tu_90_xTok_002189
be gangen	begehen	VVPP	Duden	tu_90_xTok_002191
<g/>
,
folglich	folglich	ADV	Duden	tu_90_xTok_002195
ein	ein	ART	Duden	tu_90_xTok_002197
so	so	ADV	Duden	tu_90_xTok_002199
anderes	andere	ADJA	Duden	tu_90_xTok_002201
gestohlenes	stehlen	ADJA	Duden	tu_90_xTok_002203
Gut	Gut	NN	Duden	tu_90_xTok_002205
verkaufet	verkaufen	VVPP	Duden	tu_90_xTok_002207
<g/>
,
das	d	ART	Duden	tu_90_xTok_002210
hieraus	hieraus	PAV	Duden	tu_90_xTok_002212
erlösete	erlösen	ADJA	Duden	tu_90_xTok_002215
Geld	Geld	NN	Duden	tu_90_xTok_002217
unter einander	untereinander	ADV		tu_90_xTok_002219
getheilet	teilen	VVPP	Duden	tu_90_xTok_002223
<g/>
,
und	und	KON	Duden	tu_90_xTok_002226
zu	zu	APPR	Duden	tu_90_xTok_002228
ihrem	ihr	PPOSAT	Duden	tu_90_xTok_002230
Unterhalte	Unterhalt	NN	Duden	tu_90_xTok_002232
verwendet	verwenden	VVPP	Duden	tu_90_xTok_002233
haben	haben	VAFIN	Duden	tu_90_xTok_002235
<g/>
,
anneben	anneben	KOUS	DWB	tu_90_xTok_002238
sie	sie	PPER	Duden	tu_90_xTok_002240
beyde	beide	PIAT	Duden	tu_90_xTok_002242
Delinquenten	Delinquent	NN	Duden	tu_90_xTok_002244
eines	ein	ART	Duden	tu_90_xTok_002246
im	im	APPRART	Duden	tu_90_xTok_002248
Nov.	November	NN	Duden	tu_90_xTok_002250
1764.	1764	CARD		tu_90_xTok_002253
am	am	APPRART	Duden	tu_90_xTok_002254
Heumarkte	Heumarkt	NE::top	oov	tu_90_xTok_002256
in	in	APPR	Duden	tu_90_xTok_002258
einer	ein	ART	Duden	tu_90_xTok_002260
Wagenschupfe	Wagenschupfen	NN	oov	tu_90_xTok_002262
geschehenen	geschehen	ADJA	Duden	tu_90_xTok_002264
Einbruchs	Einbruch	NN	Duden	tu_90_xTok_002266
<g/>
,
und	und	KON	Duden	tu_90_xTok_002269
durch	durch	APPR	Duden	tu_90_xTok_002270
Ausschneidung	Ausschneidung	NN	Duden	tu_90_xTok_002272
eines	ein	ART	Duden	tu_90_xTok_002274
Wagen	Wagen	NN	Duden	tu_90_xTok_002276
pr.	per	APPR	Duden	tu_90_xTok_002278
65.	65	CARD		tu_90_xTok_002281
fl.	Flore	NN	DWB	tu_90_xTok_002283
5.	5	CARD		tu_90_xTok_002286
kr.	Kreuzer	NN	Duden	tu_90_xTok_002288
verursachten	verursachen	ADJA	Duden	tu_90_xTok_002291
Schaden	Schaden	NN	Duden	tu_90_xTok_002292
<g/>
,
wozu	wozu	PWAV	Duden	tu_90_xTok_002295
sie	sie	PPER	Duden	tu_90_xTok_002297
sich	sich	PRF	Duden	tu_90_xTok_002299
jedoch	jedoch	ADV	Duden	tu_90_xTok_002301
nicht	nicht	PTKNEG	Duden	tu_90_xTok_002303
bekennet	bekennen	VVPP	Duden	tu_90_xTok_002305
haben	haben	VAFIN	Duden	tu_90_xTok_002307
<g/>
,
beschwäret	beschweren	VVPP	Duden	tu_90_xTok_002310
sind	sein	VAFIN	Duden	tu_90_xTok_002312
<g/>
,
insonderheit	insonderheit	ADV	DWB	tu_90_xTok_002314
aber	aber	ADV	Duden	tu_90_xTok_002316
ist	sein	VAFIN	Duden	tu_90_xTok_002318
auch	auch	ADV	Duden	tu_90_xTok_002320
er	er	PPER	Duden	tu_90_xTok_002322
Johann	Johann	NE	Duden	tu_90_xTok_002324
S.	S.	NE	oov	tu_90_xTok_002326
durch	durch	APPR	Duden	tu_90_xTok_002329
die	d	ART	Duden	tu_90_xTok_002331
gerichtlich	gerichtlich	ADJD	Duden	tu_90_xTok_002333
<g/>
,
und	und	KON	Duden	tu_90_xTok_002336
respective	respektive	KON	Duden	tu_90_xTok_002337
eidlich	eidlich	ADJD	Duden	tu_90_xTok_002339
eingeholte	einholen	ADJA	Duden	tu_90_xTok_002341
Erfahrungen	Erfahrung	NN	Duden	tu_90_xTok_002343
überzeuget	überzeugen	VVPP	Duden	tu_90_xTok_002345
<g/>
,
und	und	KON	Duden	tu_90_xTok_002348
auch	auch	ADV	Duden	tu_90_xTok_002350
selbst	selbst	ADV	Duden	tu_90_xTok_002352
geständig	geständig	ADJD	Duden	tu_90_xTok_002354
<g/>
,
daß	dass	KOUS	Duden	tu_90_xTok_002358
er	er	PPER	Duden	tu_90_xTok_002360
in	in	APPR	Duden	tu_90_xTok_002362
Gesellschaft	Gesellschaft	NN	Duden	tu_90_xTok_002364
eines	ein	ART	Duden	tu_90_xTok_002366
andern	andere	ADJA	Duden	tu_90_xTok_002368
Diebs=Cameraden	Diebskamerad	NN	oov	tu_90_xTok_002370
einmal	einmal	ADV	Duden	tu_90_xTok_002372
im	im	APPRART	Duden	tu_90_xTok_002375
Herbste	Herbst	NN	Duden	tu_90_xTok_002377
1764.	1764	CARD		tu_90_xTok_002379
zur	zur	APPRART	Duden	tu_90_xTok_002381
Abendzeit	Abendzeit	NN	Duden	tu_90_xTok_002383
außer	außer	APPR	Duden	tu_90_xTok_002385
der	d	ART	Duden	tu_90_xTok_002387
Mätzleinstorfer Linie	MatzleinsdorferLinie	NE::top		tu_90_xTok_002389
einem	ein	ART	Duden	tu_90_xTok_002392
Bauern	Bauer	NN	Duden	tu_90_xTok_002394
<g/>
,
welcher	welch	PRELS	Duden	tu_90_xTok_002397
hinausgefahren	hinausfahren	VVPP	Duden	tu_90_xTok_002399
<g/>
,
und	und	KON	Duden	tu_90_xTok_002402
auf	auf	APPR	Duden	tu_90_xTok_002404
seinem	sein	PPOSAT	Duden	tu_90_xTok_002406
Wagen	Wagen	NN	Duden	tu_90_xTok_002408
liegend	liegen	ADJD	Duden	tu_90_xTok_002410
geschlaffe	schlafen	VVPP	Duden	tu_90_xTok_002413
<g/>
,
1.	1	CARD		tu_90_xTok_002416
fl.	Flore	NN	DWB	tu_90_xTok_002418
6.	6	CARD		tu_90_xTok_002421
kr.	Kreuzer	NN	Duden	tu_90_xTok_002423
heimlich	heimlich	ADJD	Duden	tu_90_xTok_002426
aus	aus	APPR	Duden	tu_90_xTok_002428
seiner	sein	PPOSAT	Duden	tu_90_xTok_002430
Hosentasche	Hosentasche	NN	Duden	tu_90_xTok_002432
genommen	nehmen	VVPP	Duden	tu_90_xTok_002434
<g/>
,
und	und	KON	Duden	tu_90_xTok_002438
abgeraubet	abrauben	VVPP	DWB	tu_90_xTok_002440
<g/>
,
und	und	KON	Duden	tu_90_xTok_002443
in	in	APPR	Duden	tu_90_xTok_002445
wenigen	wenig	PIAT	Duden	tu_90_xTok_002447
Tagen	Tag	NN	Duden	tu_90_xTok_002449
darnach	darnach	PAV	Duden	tu_90_xTok_002451
vor	vor	APPR	Duden	tu_90_xTok_002453
Tags	Tag	NN	Duden	tu_90_xTok_002455
in	in	APPR	Duden	tu_90_xTok_002457
aller	all	PIAT	Duden	tu_90_xTok_002458
Frühe	Früh	NN	Duden	tu_90_xTok_002460
mit	mit	APPR	Duden	tu_90_xTok_002462
dem	d	ART	Duden	tu_90_xTok_002464
nämlichen	nämlich	ADJA	Duden	tu_90_xTok_002466
Diebsgespan	Diebsgespan	NN	DRW	tu_90_xTok_002468
eine	ein	ART	Duden	tu_90_xTok_002470
Fleischbank	Fleischbank	NN	Duden	tu_90_xTok_002472
in	in	APPR	Duden	tu_90_xTok_002474
der	d	ART	Duden	tu_90_xTok_002476
Leopoldstadt	Leopoldstadt	NE::top	oov	tu_90_xTok_002477
gewaltthätig	gewalttätig	ADJD	Duden	tu_90_xTok_002479
erbrochen	erbrechen	VVPP	Duden	tu_90_xTok_002481
<g/>
,
und	und	KON	Duden	tu_90_xTok_002484
hieraus	hieraus	PAV	Duden	tu_90_xTok_002486
an	an	APPR	Duden	tu_90_xTok_002488
meßingenen	messingen	ADJA	Duden	tu_90_xTok_002490
Gewichtern	Gewicht	NN	Duden	tu_90_xTok_002492
beeidigter Massen	beeidigtermaßen	ADV		tu_90_xTok_002495
einen	ein	ART	Duden	tu_90_xTok_002499
Betrag	Betrag	NN	Duden	tu_90_xTok_002501
pr.	per	APPR	Duden	tu_90_xTok_002503
21.	21	CARD		tu_90_xTok_002506
fl.	Flore	NN	DWB	tu_90_xTok_002508
19.	19	CARD		tu_90_xTok_002511
kr.	Kreuzer	NN	Duden	tu_90_xTok_002513
entwendet	entwenden	VVPP	Duden	tu_90_xTok_002516
<g/>
,
nebst	nebst	APPR	Duden	tu_90_xTok_002520
dem	d	PDS	Duden	tu_90_xTok_002522
auch	auch	ADV	Duden	tu_90_xTok_002524
er	er	PPER	Duden	tu_90_xTok_002526
Johann	Johann	NE	Duden	tu_90_xTok_002528
S.	S.	NE	oov	tu_90_xTok_002530
alleinig	alleinig	ADJD	Duden	tu_90_xTok_002533
den	d	ART	Duden	tu_90_xTok_002535
9.	9	ADJA		tu_90_xTok_002537
Dec.	Dezember	NN	Duden	tu_90_xTok_002539
1764.	1764	CARD		tu_90_xTok_002542
eben	eben	ADV	Duden	tu_90_xTok_002544
vor	vor	APPR	Duden	tu_90_xTok_002545
Tags	Tag	NN	Duden	tu_90_xTok_002547
in	in	APPR	Duden	tu_90_xTok_002549
aller	all	PIAT	Duden	tu_90_xTok_002551
Frühe	Früh	NN	Duden	tu_90_xTok_002553
auf	auf	APPR	Duden	tu_90_xTok_002555
der	d	ART	Duden	tu_90_xTok_002557
Landstrasse	Landstraße	NE::top	oov	tu_90_xTok_002559
in	in	APPR	Duden	tu_90_xTok_002561
einem	ein	ART	Duden	tu_90_xTok_002563
Hause	Haus	NN	Duden	tu_90_xTok_002565
mittelst	mittelst	APPR	Duden	tu_90_xTok_002567
gewaltsamer	gewaltsam	ADJA	Duden	tu_90_xTok_002568
Erbrechung	Erbrechung	NN	DWB	tu_90_xTok_002570
einer	ein	ART	Duden	tu_90_xTok_002572
versperrt	versperren	ADJD	Duden	tu_90_xTok_002574
gewesenen	sein	ADJA	Duden	tu_90_xTok_002576
Wohnungsthür	Wohnungstür	NN	Duden	tu_90_xTok_002578
an	an	APPR	Duden	tu_90_xTok_002580
verschiedenen	verschieden	ADJA	Duden	tu_90_xTok_002581
Fahrnissen	Fahrnis	NN	Duden	tu_90_xTok_002583
beschworner Massen	beschworenermaßen	ADV		tu_90_xTok_002585
23.	23	CARD		tu_90_xTok_002589
fl.	Flore	NN	DWB	tu_90_xTok_002591
25.	25	CARD		tu_90_xTok_002594
kr.	Kreuzer	NN	Duden	tu_90_xTok_002596
entfremdet	entfremden	VVPP	Duden	tu_90_xTok_002599
<g/>
,
und	und	KON	Duden	tu_90_xTok_002603
um	um	APPR	Duden	tu_90_xTok_002605
die	d	ART	Duden	tu_90_xTok_002607
nämliche	nämlich	ADJA	Duden	tu_90_xTok_002609
Zeit	Zeit	NN	Duden	tu_90_xTok_002611
in	in	APPR	Duden	tu_90_xTok_002613
einem	ein	ART	Duden	tu_90_xTok_002615
andern	andere	ADJA	Duden	tu_90_xTok_002617
Hause	Haus	NN	Duden	tu_90_xTok_002619
auf	auf	APPR	Duden	tu_90_xTok_002621
der	d	ART	Duden	tu_90_xTok_002623
Landstrasse	Landstraße	NE::top	oov	tu_90_xTok_002625
eine	ein	ART	Duden	tu_90_xTok_002628
eisene	eisen	ADJA	Duden	tu_90_xTok_002630
Thor=Spreitzstange	Torspreizstange	NN	oov	tu_90_xTok_002632
pr.	per	APPR	Duden	tu_90_xTok_002634
3.	3	CARD		tu_90_xTok_002637
fl.	Flore	NN	DWB	tu_90_xTok_002640
gestohlen	stehlen	VVPP	Duden	tu_90_xTok_002643
habe	haben	VAFIN	Duden	tu_90_xTok_002645
<g/>
,
und	und	KON	Duden	tu_90_xTok_002648
obschon	obschon	KOUS	Duden	tu_90_xTok_002650
zwar	zwar	ADV	Duden	tu_90_xTok_002653
die	d	ART	Duden	tu_90_xTok_002655
durch	durch	APPR	Duden	tu_90_xTok_002657
vorangeführte	voranführen	ADJA	DWB	tu_90_xTok_002659
von	von	APPR	Duden	tu_90_xTok_002661
ihnen	sie	PPER	Duden	tu_90_xTok_002663
Johann	Johann	NE	Duden	tu_90_xTok_002665
S.	S.	NE	oov	tu_90_xTok_002667
und	und	KON	Duden	tu_90_xTok_002670
Leopold	Leopold	NE	Duden	tu_90_xTok_002672
G.	G.	NE	oov	tu_90_xTok_002673
selbst	selbst	ADV	Duden	tu_90_xTok_002676
geständiger	geständig	ADJD	Duden	tu_90_xTok_002678
<g/>
,
auch	auch	ADV	Duden	tu_90_xTok_002681
rechtlich	rechtlich	ADJD	Duden	tu_90_xTok_002683
vergewistermassen	vergewissertermaßen	ADV	oov	tu_90_xTok_002685
begangene	begehen	ADJA	Duden	tu_90_xTok_002687
Diebstähle	Diebstahl	NN	Duden	tu_90_xTok_002689
verursachte	verursachen	ADJA	Duden	tu_90_xTok_002692
Schäden	Schaden	NN	Duden	tu_90_xTok_002694
durch	durch	APPR	Duden	tu_90_xTok_002696
die	d	ART	Duden	tu_90_xTok_002698
darüberhin	darüberhin	ADV	oov	tu_90_xTok_002700
geschehene	geschehen	ADJA	Duden	tu_90_xTok_002702
Zurückstellung	Zurückstellung	NN	Duden	tu_90_xTok_002704
einiger	einige	PIAT	Duden	tu_90_xTok_002707
hievon	hievon	PAV	Duden	tu_90_xTok_002709
gerichtlich	gerichtlich	ADJD	Duden	tu_90_xTok_002711
eingeholter	einholen	ADJA	Duden	tu_90_xTok_002713
entfremdeter	entfremden	ADJA	Duden	tu_90_xTok_002715
Sachen	Sache	NN	Duden	tu_90_xTok_002717
<g/>
,
dann	dann	ADV	Duden	tu_90_xTok_002720
auch	auch	ADV	Duden	tu_90_xTok_002721
durch	durch	APPR	Duden	tu_90_xTok_002723
den	d	ART	Duden	tu_90_xTok_002725
aus	aus	APPR	Duden	tu_90_xTok_002727
seinem	sein	PPOSAT	Duden	tu_90_xTok_002729
des	d	ART	Duden	tu_90_xTok_002731
Johann	Johann	NE	Duden	tu_90_xTok_002733
S.	S.	NE	oov	tu_90_xTok_002735
eigen	eigen	ADJA	Duden	tu_90_xTok_002738
Vermögen	Vermögen	NN	Duden	tu_90_xTok_002740
geleisteten	leisten	ADJA	Duden	tu_90_xTok_002742
Ersatz	Ersatz	NN	Duden	tu_90_xTok_002743
<g/>
,
und	und	KON	Duden	tu_90_xTok_002746
von	von	APPR	Duden	tu_90_xTok_002748
den	d	ART	Duden	tu_90_xTok_002750
diesfalls	diesfalls	ADV	Duden	tu_90_xTok_002752
verlustigten	verlustig	ADJA	DWB	tu_90_xTok_002754
Partheyen	Partei	NN	Duden	tu_90_xTok_002756
erfolgten	erfolgen	ADJA	Duden	tu_90_xTok_002758
Nachsichten	Nachsicht	NN	Duden	tu_90_xTok_002760
meistentheils	meistenteils	ADV	Duden	tu_90_xTok_002763
getilget	tilgen	VVPP	Duden	tu_90_xTok_002765
worden	werden	VAPP	Duden	tu_90_xTok_002767
sind	sein	VAFIN	Duden	tu_90_xTok_002769
<g/>
,
so	so	ADV	Duden	tu_90_xTok_002772
ist	sein	VAFIN	Duden	tu_90_xTok_002774
doch	doch	ADV	Duden	tu_90_xTok_002776
in	in	APPR	Duden	tu_90_xTok_002778
Betref	Betreff	NN	Duden	tu_90_xTok_002780
der	d	ART	Duden	tu_90_xTok_002782
von	von	APPR	Duden	tu_90_xTok_002783
ihnen	sie	PPER	Duden	tu_90_xTok_002785
Johann	Johann	NE	Duden	tu_90_xTok_002787
S.	S.	NE	oov	tu_90_xTok_002789
und	und	KON	Duden	tu_90_xTok_002792
Leopold	Leopold	NE	Duden	tu_90_xTok_002794
G.	G.	NE	oov	tu_90_xTok_002796
zwischen	zwischen	APPR	Duden	tu_90_xTok_002799
dem	d	ART	Duden	tu_90_xTok_002801
11.	11	ADJA		tu_90_xTok_002803
und	und	KON	Duden	tu_90_xTok_002805
12ten	12	ADJA		tu_90_xTok_002807
November	November	NN	Duden	tu_90_xTok_002810
1764.	1764	CARD		tu_90_xTok_002813
in	in	APPR	Duden	tu_90_xTok_002815
einem	ein	ART	Duden	tu_90_xTok_002817
Stadl	Stadel	NN	Duden	tu_90_xTok_002819
auf	auf	APPR	Duden	tu_90_xTok_002821
der	d	ART	Duden	tu_90_xTok_002823
Landstrasse	Landstraße	NE::top	oov	tu_90_xTok_002825
begangenen	begehen	ADJA	Duden	tu_90_xTok_002827
diebischen	diebisch	ADJA	Duden	tu_90_xTok_002829
That	Tat	NN	Duden	tu_90_xTok_002830
ein	ein	ART	Duden	tu_90_xTok_002832
beeidigter	beeidigen	ADJA	Duden	tu_90_xTok_002834
Schadensrest	Schadensrest	NN	oov	tu_90_xTok_002836
pr.	per	APPR	Duden	tu_90_xTok_002838
70.	70	CARD		tu_90_xTok_002841
fl.	Flore	NN	DWB	tu_90_xTok_002843
5.	5	CARD		tu_90_xTok_002846
kr.	Kreuzer	NN	Duden	tu_90_xTok_002848
noch	noch	ADV	Duden	tu_90_xTok_002851
übrig	übrig	ADJD	Duden	tu_90_xTok_002853
geblieben	bleiben	VVPP	Duden	tu_90_xTok_002855
<g/>
.
</p>
<head>
Jnnhalt	Inhalt	NN	Duden	tu_90_xTok_002857
ihres	ihr	PPOSAT	Duden	tu_90_xTok_002859
Urtheils	Urteil	NN	Duden	tu_90_xTok_002861
<g/>
.
</head>
<p id="fb_17671204_JohannS_LeopoldG_p_0004">
Darumen	darum	PAV	Duden	tu_90_xTok_002863
gesagt	sagen	VVPP	Duden	tu_90_xTok_002865
<g/>
,
und	und	KON	Duden	tu_90_xTok_002868
solle	sollen	VMFIN	Duden	tu_90_xTok_002870
er	er	PPER	Duden	tu_90_xTok_002872
Johann	Johann	NE	Duden	tu_90_xTok_002874
S.	S.	NE	oov	tu_90_xTok_002876
und	und	KON	Duden	tu_90_xTok_002879
Leopold	Leopold	NE	Duden	tu_90_xTok_002881
G.	G.	NE	oov	tu_90_xTok_002883
vor	vor	APPR	Duden	tu_90_xTok_002886
das	d	ART	Duden	tu_90_xTok_002888
allhiesige	allhiesig	ADJA	DWB	tu_90_xTok_002890
Schottenthor	Schottentor	NE::top	oov	tu_90_xTok_002891
auf	auf	APPR	Duden	tu_90_xTok_002893
die	d	ART	Duden	tu_90_xTok_002895
gewöhnliche	gewöhnlich	ADJA	Duden	tu_90_xTok_002897
Richtstatt	Richtstatt	NN	DWB	tu_90_xTok_002899
geführet	führen	VVPP	Duden	tu_90_xTok_002901
<g/>
,
und	und	KON	Duden	tu_90_xTok_002904
allda	allda	ADV	Duden	tu_90_xTok_002906
mit	mit	APPR	Duden	tu_90_xTok_002908
dem	d	ART	Duden	tu_90_xTok_002910
Stränge	Strang	NN	Duden	tu_90_xTok_002912
vom	vom	APPRART	Duden	tu_90_xTok_002913
Leben	Leben	NN	Duden	tu_90_xTok_002915
zum	zum	APPRART	Duden	tu_90_xTok_002917
Tode	Tod	NN	Duden	tu_90_xTok_002919
hingerichtet	hinrichten	VVPP	Duden	tu_90_xTok_002921
werden	werden	VAINF	Duden	tu_90_xTok_002923
<g/>
.
</p>
Dieses	diese	PDS	Duden	tu_90_xTok_002925
ihnen	sie	PPER	Duden	tu_90_xTok_002927
zur	zur	APPRART	Duden	tu_90_xTok_002929
wohlverdienten	wohlverdient	ADJA	Duden	tu_90_xTok_002931
Strafe	Strafe	NN	Duden	tu_90_xTok_002933
<g/>
,
anderen	ander	PIS	Duden	tu_90_xTok_002936
ihres gleichen	ihresgleichen	PIS		tu_90_xTok_002938
aber	aber	ADV	Duden	tu_90_xTok_002942
zum	zum	APPRART	Duden	tu_90_xTok_002944
erspiegelnden	erspiegeln	ADJA	DWB	tu_90_xTok_002946
Abscheuen	Abscheu	NN	Duden	tu_90_xTok_002947
<g/>
.
GOtt	Gott	NN	Duden	tu_90_xTok_002949
sey	sein	VAIMP	Duden	tu_90_xTok_002951
ihren	ihr	PPOSAT	Duden	tu_90_xTok_002953
armen	arm	ADJA	Duden	tu_90_xTok_002955
Seelen	Seele	NN	Duden	tu_90_xTok_002957
gnädig	gnädig	ADJD	Duden	tu_90_xTok_002959
und	und	KON	Duden	tu_90_xTok_002961
barmherzig	barmherzig	ADJD	Duden	tu_90_xTok_002963
<g/>
!
</doc>
