<doc id="fb_17800609_JohannGeorgE_Marti" delinquent_sexes="male" title="Todesurteil Johann Georg E., Martin W." attrs="word lemma pos vocab id">
<head>
Jnnhalt	Inhalt	NN	Duden	tu_118_xTok_000166
ihrer	ihr	PPOSAT	Duden	tu_118_xTok_000168
Verbrechen	Verbrechen	NN	Duden	tu_118_xTok_000170
<g/>
.
</head>
<p id="fb_17800609_JohannGeorgE_Marti_p_0001">
Der	d	ART	Duden	tu_118_xTok_000172
Johann	Johann	NE	Duden	tu_118_xTok_000175
Georg	Georg	NE	Duden	tu_118_xTok_000177
E.	E.	NE	oov	tu_118_xTok_000179
ließ	lassen	VVFIN	Duden	tu_118_xTok_000182
sich	sich	PRF	Duden	tu_118_xTok_000184
vor	vor	APPR	Duden	tu_118_xTok_000186
vier	vier	CARD	Duden	tu_118_xTok_000188
Jahren	Jahr	NN	Duden	tu_118_xTok_000190
zu	zu	APPR	Duden	tu_118_xTok_000192
Oedenburg	Ödenburg	NE::top	Duden	tu_118_xTok_000194
in	in	APPR	Duden	tu_118_xTok_000197
Hungarn	Ungarn	NE::top	Duden	tu_118_xTok_000199
zum	zum	APPRART	Duden	tu_118_xTok_000202
Soldaten	Soldat	NN	Duden	tu_118_xTok_000204
anwerben	anwerben	VVINF	Duden	tu_118_xTok_000206
<g/>
,
von	von	APPR	Duden	tu_118_xTok_000209
wannen	wannen	ADV	DWB	tu_118_xTok_000211
er	er	PPER	Duden	tu_118_xTok_000212
aber	aber	ADV	Duden	tu_118_xTok_000214
in	in	APPR	Duden	tu_118_xTok_000216
Kürze	Kürze	NN	Duden	tu_118_xTok_000218
darauf	darauf	PAV	Duden	tu_118_xTok_000220
desertirte	desertieren	VVFIN	Duden	tu_118_xTok_000222
<g/>
,
und	und	KON	Duden	tu_118_xTok_000225
sohin	sohin	ADV	Duden	tu_118_xTok_000227
als	als	KOKOM	Duden	tu_118_xTok_000229
ein	ein	ART	Duden	tu_118_xTok_000231
sehr	sehr	ADV	Duden	tu_118_xTok_000233
verdächtiger	verdächtig	ADJA	Duden	tu_118_xTok_000235
Kerl	Kerl	NN	Duden	tu_118_xTok_000238
allhier	allhier	ADV	Duden	tu_118_xTok_000240
gefänglich	gefänglich	ADJD	Duden	tu_118_xTok_000242
eingezogen	einziehen	VVPP	DWB	tu_118_xTok_000244
<g/>
,
hierüber	hierüber	PAV	Duden	tu_118_xTok_000247
als	als	KOKOM	Duden	tu_118_xTok_000249
ein	ein	ART	Duden	tu_118_xTok_000251
sich	sich	PRF	Duden	tu_118_xTok_000252
selbst	selbst	ADV	Duden	tu_118_xTok_000254
angegebener	angeben	ADJA	Duden	tu_118_xTok_000256
Deserteur	Deserteur	NN	Duden	tu_118_xTok_000258
der	d	ART	Duden	tu_118_xTok_000260
ausgeliefert	ausliefern	VVPP	Duden	tu_118_xTok_000264
<g/>
,
und	und	KON	Duden	tu_118_xTok_000268
alldort	alldort	ADV	DWB	tu_118_xTok_000270
mit	mit	APPR	Duden	tu_118_xTok_000272
Spißruthenlaufen	Spießrutenlaufen	NN	Duden	tu_118_xTok_000274
bestraffet	bestrafen	VVPP	Duden	tu_118_xTok_000276
wurde	werden	VAFIN	Duden	tu_118_xTok_000278
<g/>
.
Diese	diese	PDAT	Duden	tu_118_xTok_000281
Züchtigung	Züchtigung	NN	Duden	tu_118_xTok_000284
diente	dienen	VVFIN	Duden	tu_118_xTok_000286
ihm	er	PPER	Duden	tu_118_xTok_000288
doch	doch	ADV	Duden	tu_118_xTok_000290
nicht	nicht	PTKNEG	Duden	tu_118_xTok_000292
zur	zur	APPRART	Duden	tu_118_xTok_000294
Besserung	Besserung	NN	Duden	tu_118_xTok_000296
<g/>
,
sondern	sondern	KON	Duden	tu_118_xTok_000299
er	er	PPER	Duden	tu_118_xTok_000300
ward	werden	VAFIN	Duden	tu_118_xTok_000302
nach	nach	APPR	Duden	tu_118_xTok_000304
weniger	wenig	PIAT	Duden	tu_118_xTok_000306
Zeit	Zeit	NN	Duden	tu_118_xTok_000308
neuerdings	neuerdings	ADV	Duden	tu_118_xTok_000310
Meineidig	meineidig	ADJD	Duden	tu_118_xTok_000312
<g/>
,
gerieth	geraten	VVFIN	Duden	tu_118_xTok_000316
sodann	sodann	ADV	Duden	tu_118_xTok_000318
wegen	wegen	APPR	Duden	tu_118_xTok_000322
eines	ein	ART	Duden	tu_118_xTok_000324
ihm	er	PPER	Duden	tu_118_xTok_000326
zugemutheten	zumuten	ADJA	DWB	tu_118_xTok_000328
Raubes	Raub	NN	Duden	tu_118_xTok_000330
zu	zu	APPR	Duden	tu_118_xTok_000333
Rodaun	Rodaun	NE::top	oov	tu_118_xTok_000335
im	im	APPRART	Duden	tu_118_xTok_000337
Arrest	Arrest	NN	Duden	tu_118_xTok_000338
<g/>
,
von	von	APPR	Duden	tu_118_xTok_000341
da	da	ADV	Duden	tu_118_xTok_000343
er	er	PPER	Duden	tu_118_xTok_000345
abermal	abermals	ADV	Duden	tu_118_xTok_000347
als	als	KOKOM	Duden	tu_118_xTok_000349
ein	ein	ART	Duden	tu_118_xTok_000351
Meineidiger	meineidig	ADJ-NN	Duden	tu_118_xTok_000353
seinem	sein	PPOSAT	Duden	tu_118_xTok_000355
Regiment	Regiment	NN	Duden	tu_118_xTok_000357
übergeben	übergeben	VVPP	Duden	tu_118_xTok_000360
<g/>
,
und	und	KON	Duden	tu_118_xTok_000363
von	von	APPR	Duden	tu_118_xTok_000365
solchem	solch	PIS	Duden	tu_118_xTok_000367
<g/>
,
weil	weil	KOUS	Duden	tu_118_xTok_000370
er	er	PPER	Duden	tu_118_xTok_000372
wiederholt	wiederholt	ADJD	Duden	tu_118_xTok_000374
zu	zu	PTKZU	Duden	tu_118_xTok_000376
entweichen	entweichen	VVINF	Duden	tu_118_xTok_000378
im	im	APPRART	Duden	tu_118_xTok_000381
Sinne	Sinn	NN	Duden	tu_118_xTok_000383
hatte	haben	VAFIN	Duden	tu_118_xTok_000385
<g/>
,
auf	auf	APPR	Duden	tu_118_xTok_000388
5	5	CARD		tu_118_xTok_000390
Jahre	Jahr	NN	Duden	tu_118_xTok_000392
in	in	APPR	Duden	tu_118_xTok_000394
die	d	ART	Duden	tu_118_xTok_000396
Festung	Festung	NN	Duden	tu_118_xTok_000398
Ollmütz	Olmütz	NE::top	oov	tu_118_xTok_000400
zur	zur	APPRART	Duden	tu_118_xTok_000401
Arbeit	Arbeit	NN	Duden	tu_118_xTok_000403
in	in	APPR	Duden	tu_118_xTok_000405
Band	Band	NN	Duden	tu_118_xTok_000407
und	und	KON	Duden	tu_118_xTok_000409
Eisen	Eisen	NN	Duden	tu_118_xTok_000411
abgeurtheilet	aburteilen	VVPP	Duden	tu_118_xTok_000413
wurde	werden	VAFIN	Duden	tu_118_xTok_000415
<g/>
;
aber	aber	KON	Duden	tu_118_xTok_000418
auch	auch	ADV	Duden	tu_118_xTok_000419
diese	diese	PDAT	Duden	tu_118_xTok_000421
Strafe	Strafe	NN	Duden	tu_118_xTok_000423
war	sein	VAFIN	Duden	tu_118_xTok_000425
bey	bei	APPR	Duden	tu_118_xTok_000427
ihm	er	PPER	Duden	tu_118_xTok_000429
ohne	ohne	APPR	Duden	tu_118_xTok_000431
Wirkung	Wirkung	NN	Duden	tu_118_xTok_000433
<g/>
,
massen	maßen	KOUS	Duden	tu_118_xTok_000436
er	er	PPER	Duden	tu_118_xTok_000438
nach	nach	APPR	Duden	tu_118_xTok_000439
vier	vier	CARD	Duden	tu_118_xTok_000441
Monaten	Monat	NN	Duden	tu_118_xTok_000443
samt	samt	APPR	Duden	tu_118_xTok_000445
noch	noch	ADV	Duden	tu_118_xTok_000447
anderen	andere	ADJA	Duden	tu_118_xTok_000449
drey	drei	CARD	Duden	tu_118_xTok_000451
Mitgefangenen	Mitgefangener	NN	Duden	tu_118_xTok_000453
im	im	APPRART	Duden	tu_118_xTok_000455
Frühjahre	Frühjahr	NN	Duden	tu_118_xTok_000456
1778	1778	CARD		tu_118_xTok_000458
mittelst	mittelst	APPR	Duden	tu_118_xTok_000462
Vergewaltigung	Vergewaltigung	NN	Duden	tu_118_xTok_000464
der	d	ART	Duden	tu_118_xTok_000466
zween	zwei	CARD	Duden	tu_118_xTok_000468
mitgegebenen	mitgeben	ADJA	Duden	tu_118_xTok_000470
Mann	Mann	NN	Duden	tu_118_xTok_000473
Wache	Wache	NN	Duden	tu_118_xTok_000475
aus	aus	APPR	Duden	tu_118_xTok_000478
der	d	ART	Duden	tu_118_xTok_000480
Festung	Festung	NN	Duden	tu_118_xTok_000482
mit	mit	APPR	Duden	tu_118_xTok_000484
grosser	groß	ADJA	Duden	tu_118_xTok_000486
Lebensgefahr	Lebensgefahr	NN	Duden	tu_118_xTok_000488
entwichen	entweichen	VVPP	Duden	tu_118_xTok_000489
<g/>
,
und	und	KON	Duden	tu_118_xTok_000492
bis	bis	APPR	Duden	tu_118_xTok_000494
zu	zu	APPR	Duden	tu_118_xTok_000496
seiner	sein	PPOSAT	Duden	tu_118_xTok_000498
gegenwärtigen	gegenwärtig	ADJA	Duden	tu_118_xTok_000500
Verhaftnehmung	Verhaftnehmung	NN	DWB	tu_118_xTok_000502
müßig	müßig	ADJD	Duden	tu_118_xTok_000503
herumgezogen	herumziehen	VVPP	Duden	tu_118_xTok_000505
ist	sein	VAFIN	Duden	tu_118_xTok_000507
<g/>
.
</p>
<p id="fb_17800609_JohannGeorgE_Marti_p_0002">
Der	d	ART	Duden	tu_118_xTok_000509
Martin	Martin	NE	Duden	tu_118_xTok_000511
W.	W.	NE	oov	tu_118_xTok_000513
hingegen	hingegen	ADV	Duden	tu_118_xTok_000516
gerieth	geraten	VVFIN	Duden	tu_118_xTok_000518
im	im	APPRART	Duden	tu_118_xTok_000520
Jahre	Jahr	NN	Duden	tu_118_xTok_000522
1775	1775	CARD		tu_118_xTok_000524
zum	zum	APPRART	Duden	tu_118_xTok_000526
ersten=	erste	ADJA	Duden	tu_118_xTok_000528
mal	Mal	NN	Duden	tu_118_xTok_000528b
<g/>
,
und	und	KON	Duden	tu_118_xTok_000532
von	von	APPR	Duden	tu_118_xTok_000534
dieser	diese	PDAT	Duden	tu_118_xTok_000536
Zeit	Zeit	NN	Duden	tu_118_xTok_000538
an	an	APZR	Duden	tu_118_xTok_000540
zu	zu	APPR	Duden	tu_118_xTok_000542
5	5	CARD		tu_118_xTok_000544
verschiedenenmalen	verschiedenemal	ADV	DWB	tu_118_xTok_000546
theils	teils	ADV	Duden	tu_118_xTok_000548
wegen	wegen	APPR	Duden	tu_118_xTok_000550
Müßiggehen	müßiggehen	VVINF-NN	Duden	tu_118_xTok_000551
und	und	KON	Duden	tu_118_xTok_000553
Betteln	betteln	VVINF-NN	Duden	tu_118_xTok_000555
<g/>
,
theils	teils	ADV	Duden	tu_118_xTok_000558
wegen	wegen	APPR	Duden	tu_118_xTok_000560
Zurückkehrung	Zurückkehrung	NN	DWB	tu_118_xTok_000562
aus	aus	APPR	Duden	tu_118_xTok_000564
seinem	sein	PPOSAT	Duden	tu_118_xTok_000565
fälschlich	fälschlich	ADJD	Duden	tu_118_xTok_000567
angegebenen	angeben	ADJA	Duden	tu_118_xTok_000569
Geburtsorte	Geburtsort	NN	Duden	tu_118_xTok_000571
<g/>
,
und	und	KON	Duden	tu_118_xTok_000574
eines	ein	ART	Duden	tu_118_xTok_000576
mit	mit	APPR	Duden	tu_118_xTok_000578
einem	ein	ART	Duden	tu_118_xTok_000580
seinigen	seinige	PPOSAT	Duden	tu_118_xTok_000583
Gespanne	Gespan	NN	Duden	tu_118_xTok_000585
verübten	verüben	ADJA	Duden	tu_118_xTok_000587
<g/>
,
23	23	CARD		tu_118_xTok_000590
fl.	Flore	NN	DWB	tu_118_xTok_000592
30	30	CARD		tu_118_xTok_000595
kr.	Kreuzer	NN	Duden	tu_118_xTok_000597
betragenen	betragen	ADJA	Duden	tu_118_xTok_000600
Diebstahls	Diebstahl	NN	Duden	tu_118_xTok_000602
halber	halber	APPO	Duden	tu_118_xTok_000605
in	in	APPR	Duden	tu_118_xTok_000607
Verhaft	Verhaft	NN	Duden	tu_118_xTok_000609
<g/>
,
wessentwegen	wessentwegen	PWAV	Duden	tu_118_xTok_000612
ihm	er	PPER	Duden	tu_118_xTok_000614
letztens	letztens	ADV	Duden	tu_118_xTok_000616
eine	ein	ART	Duden	tu_118_xTok_000618
ganzjährige	ganzjährig	ADJA	Duden	tu_118_xTok_000620
Zuchthausstrafe	Zuchthausstrafe	NN	Duden	tu_118_xTok_000623
zuerkannt	zuerkennen	VVPP	Duden	tu_118_xTok_000625
worden	werden	VAPP	Duden	tu_118_xTok_000627
<g/>
;
sonach	sonach	ADV	Duden	tu_118_xTok_000630
aber	aber	ADV	Duden	tu_118_xTok_000632
unter	unter	APPR	Duden	tu_118_xTok_000634
die	d	ART	Duden	tu_118_xTok_000635
Militz	Miliz	NN	Duden	tu_118_xTok_000637
gekommen	kommen	VVPP	Duden	tu_118_xTok_000640
ist	sein	VAFIN	Duden	tu_118_xTok_000642
<g/>
,
und	und	KON	Duden	tu_118_xTok_000645
obschon	obschon	KOUS	Duden	tu_118_xTok_000647
ihm	er	PPER	Duden	tu_118_xTok_000649
das	d	ART	Duden	tu_118_xTok_000651
Soldatenleben	Soldatenleben	NN	Duden	tu_118_xTok_000653
zu	zu	APPR	Duden	tu_118_xTok_000654
einen	ein	ART	Duden	tu_118_xTok_000656
besseren	besser	ADJA	Duden	tu_118_xTok_000658
Lebenswandel	Lebenswandel	NN	Duden	tu_118_xTok_000660
dienen	dienen	VVINF	Duden	tu_118_xTok_000662
sollte	sollen	VMFIN	Duden	tu_118_xTok_000664
<g/>
,
so	so	ADV	Duden	tu_118_xTok_000667
fand	finden	VVFIN	Duden	tu_118_xTok_000669
er	er	PPER	Duden	tu_118_xTok_000671
doch	doch	ADV	Duden	tu_118_xTok_000673
nach	nach	APPR	Duden	tu_118_xTok_000674
4	4	CARD		tu_118_xTok_000676
Wochen	Woche	NN	Duden	tu_118_xTok_000678
Gelegenheit	Gelegenheit	NN	Duden	tu_118_xTok_000680
davon	davon	PAV	Duden	tu_118_xTok_000682
zu	zu	PTKZU	Duden	tu_118_xTok_000684
entfliehen	entfliehen	VVINF	Duden	tu_118_xTok_000686
<g/>
,
und	und	KON	Duden	tu_118_xTok_000689
hieng	anhängen	VVFIN	Duden	tu_118_xTok_000692
viel	viel	ADV	Duden	tu_118_xTok_000694
lieber	lieber	ADV	Duden	tu_118_xTok_000695
dem	d	ART	Duden	tu_118_xTok_000697
Müßiggange	Müßiggang	NN	Duden	tu_118_xTok_000699
an	an	PTKVZ	Duden	tu_118_xTok_000701
<g/>
,
Wo	wo	PWAV	Duden	tu_118_xTok_000704
er	er	PPER	Duden	tu_118_xTok_000707
dann	dann	ADV	Duden	tu_118_xTok_000709
mit	mit	APPR	Duden	tu_118_xTok_000711
dem	d	ART	Duden	tu_118_xTok_000713
Johann	Johann	NE	Duden	tu_118_xTok_000715
Georg	Georg	NE	Duden	tu_118_xTok_000716
E.	E.	NE	oov	tu_118_xTok_000717
<g/>
,
wie	wie	KOKOM	Duden	tu_118_xTok_000721
auch	auch	ADV	Duden	tu_118_xTok_000723
noch	noch	ADV	Duden	tu_118_xTok_000725
3	3	CARD		tu_118_xTok_000727
allhier	allhier	ADV	Duden	tu_118_xTok_000729
gefänglich	gefänglich	ADJD	Duden	tu_118_xTok_000731
innen	innen	ADV	Duden	tu_118_xTok_000733
liegenden	liegen	ADJA	Duden	tu_118_xTok_000735
<g/>
,
und	und	KON	Duden	tu_118_xTok_000737
zween	zwei	CARD	Duden	tu_118_xTok_000738
noch	noch	ADV	Duden	tu_118_xTok_000740
flüchtigen	flüchtig	ADJA	Duden	tu_118_xTok_000742
Purschen	Bursche	NN	Duden	tu_118_xTok_000744
in	in	APPR	Duden	tu_118_xTok_000746
Bekanntschaft	Bekanntschaft	NN	Duden	tu_118_xTok_000748
kam	kommen	VVFIN	Duden	tu_118_xTok_000750
<g/>
.
</p>
<p id="fb_17800609_JohannGeorgE_Marti_p_0003">
Diese	diese	PDAT	Duden	tu_118_xTok_000752
7	7	CARD		tu_118_xTok_000754
Kerls	Kerl	NN	Duden	tu_118_xTok_000756
nun	nun	ADV	Duden	tu_118_xTok_000758
rotteten	zusammenrotten	VVFIN	Duden	tu_118_xTok_000760
sich	sich	PRF	Duden	tu_118_xTok_000762
den	d	ART	Duden	tu_118_xTok_000764
4ten	4	ADJA		tu_118_xTok_000766
July	Juli	NN	Duden	tu_118_xTok_000769
1778.	1778	CARD		tu_118_xTok_000771
in	in	APPR	Duden	tu_118_xTok_000774
Baaden	Baden	NE::top	oov	tu_118_xTok_000775
zusamm	zusammen	PTKVZ	Duden	tu_118_xTok_000778
<g/>
,
und	und	KON	Duden	tu_118_xTok_000782
wurden	werden	VAFIN	Duden	tu_118_xTok_000784
Vermöge	vermöge	APPR	Duden	tu_118_xTok_000786
der	d	ART	Duden	tu_118_xTok_000788
mit	mit	APPR	Duden	tu_118_xTok_000790
diesen	diese	PDAT	Duden	tu_118_xTok_000792
2	2	CARD		tu_118_xTok_000794
Delinquenten	Delinquent	NN	Duden	tu_118_xTok_000796
vorgenommenen	vornehmen	ADJA	Duden	tu_118_xTok_000800
Kriminalverfahrungen	Kriminalverfahrung	NN	oov	tu_118_xTok_000802
sowohl	sowohl	KON	Duden	tu_118_xTok_000804
durch	durch	APPR	Duden	tu_118_xTok_000806
ihre	ihr	PPOSAT	Duden	tu_118_xTok_000807
selbst	selbst	ADV	Duden	tu_118_xTok_000809
eigenen	eigen	ADJA	Duden	tu_118_xTok_000811
Bekänntnisse	Bekenntnis	NN	Duden	tu_118_xTok_000813
<g/>
,
als	als	KON	Duden	tu_118_xTok_000816
auch	auch	ADV	Duden	tu_118_xTok_000818
durch	durch	APPR	Duden	tu_118_xTok_000820
die	d	ART	Duden	tu_118_xTok_000822
hierüber	hierüber	PAV	Duden	tu_118_xTok_000824
theils	teils	ADV	Duden	tu_118_xTok_000827
gerichtlich	gerichtlich	ADJD	Duden	tu_118_xTok_000829
<g/>
,
theils	teils	ADV	Duden	tu_118_xTok_000832
eidlich	eidlich	ADJD	Duden	tu_118_xTok_000834
erhobene	erheben	ADJA	Duden	tu_118_xTok_000836
Bewährungen	Bewährung	NN	Duden	tu_118_xTok_000839
bewiesen	beweisen	VVPP	Duden	tu_118_xTok_000842
<g/>
,
daß	dass	KOUS	Duden	tu_118_xTok_000846
sie	sie	PPER	Duden	tu_118_xTok_000848
am	am	APPRART	Duden	tu_118_xTok_000850
erstgehörten	erstgehört	ADJA	oov	tu_118_xTok_000852
4ten	4	ADJA		tu_118_xTok_000854
July	Juli	NN	Duden	tu_118_xTok_000857
Nachts	nachts	ADV	Duden	tu_118_xTok_000859
auf	auf	APPR	Duden	tu_118_xTok_000861
der	d	ART	Duden	tu_118_xTok_000862
Poststrasse	Poststraße	NN	Duden	tu_118_xTok_000864
zwischen	zwischen	APPR	Duden	tu_118_xTok_000867
Draskirchen	Traiskirchen	NE::top	oov	tu_118_xTok_000869
<g/>
,
und	und	KON	Duden	tu_118_xTok_000872
Neudorf	Neudorf	NE::top	oov	tu_118_xTok_000874
bey	bei	APPR	Duden	tu_118_xTok_000876
Guntramsdorf	Guntramsdorf	NE::top	oov	tu_118_xTok_000878
einen	ein	ART	Duden	tu_118_xTok_000880
Bauern	Bauer	NN	Duden	tu_118_xTok_000882
von	von	APPR	Duden	tu_118_xTok_000884
St. Veit an der Triesting	St.VeitanderTriesting	NE::top		tu_118_xTok_000886
<g/>
,
wie	wie	KOKOM	Duden	tu_118_xTok_000898
auch	auch	ADV	Duden	tu_118_xTok_000899
dessen	d	PDAT	Duden	tu_118_xTok_000901
Knecht	Knecht	NN	Duden	tu_118_xTok_000902
<g/>
,
die	d	PRELS	Duden	tu_118_xTok_000905
im	im	APPRART	Duden	tu_118_xTok_000907
Begrif	Begriff	NN	Duden	tu_118_xTok_000909
waren	sein	VAFIN	Duden	tu_118_xTok_000912
<g/>
,
nacher	nacher	APPR	DWB	tu_118_xTok_000915
Haus	Haus	NN	Duden	tu_118_xTok_000917
zu	zu	PTKZU	Duden	tu_118_xTok_000919
fahren	fahren	VVINF	Duden	tu_118_xTok_000920
<g/>
,
von	von	APPR	Duden	tu_118_xTok_000923
ihren	ihr	PPOSAT	Duden	tu_118_xTok_000924
mit	mit	APPR	Duden	tu_118_xTok_000926
2	2	CARD		tu_118_xTok_000928
Pferden	Pferd	NN	Duden	tu_118_xTok_000930
bespannten	bespannen	ADJA	Duden	tu_118_xTok_000932
leeren	leer	ADJA	Duden	tu_118_xTok_000934
Holzwagen	Holzwagen	NN	DWB	tu_118_xTok_000936
herabgerissen	herabreißen	VVPP	oov	tu_118_xTok_000939
<g/>
,
beeden	beide	PIS	Duden	tu_118_xTok_000941
ihr	ihr	PPOSAT	Duden	tu_118_xTok_000943
Geld	Geld	NN	Duden	tu_118_xTok_000945
aus	aus	APPR	Duden	tu_118_xTok_000947
den	d	ART	Duden	tu_118_xTok_000949
Säcken	Sack	NN	Duden	tu_118_xTok_000951
<g/>
,
und	und	KON	Duden	tu_118_xTok_000954
das	d	ART	Duden	tu_118_xTok_000956
Gewand	Gewand	NN	Duden	tu_118_xTok_000957
mit	mit	APPR	Duden	tu_118_xTok_000959
Gewalt	Gewalt	NN	Duden	tu_118_xTok_000961
abgeraubet	abrauben	VVPP	DWB	tu_118_xTok_000962
<g/>
,
nebst	nebst	APPR	Duden	tu_118_xTok_000965
diesen	diese	PDAT	Duden	tu_118_xTok_000967
aber	aber	ADV	Duden	tu_118_xTok_000969
dem	d	ART	Duden	tu_118_xTok_000971
Knecht	Knecht	NN	Duden	tu_118_xTok_000974
gedrosselt	drosseln	VVPP	Duden	tu_118_xTok_000976
<g/>
,
den	d	ART	Duden	tu_118_xTok_000979
Bauer	Bauer	NN	Duden	tu_118_xTok_000981
mit	mit	APPR	Duden	tu_118_xTok_000982
Stöcken	Stock	NN	Duden	tu_118_xTok_000984
gewaltig	gewaltig	ADJD	Duden	tu_118_xTok_000987
und	und	KON	Duden	tu_118_xTok_000989
schmerzlich	schmerzlich	ADJD	Duden	tu_118_xTok_000991
abgeprügelt	abprügeln	VVPP	DWB	tu_118_xTok_000993
<g/>
,
und	und	KON	Duden	tu_118_xTok_000996
andurch	andurch	ADV	DWB	tu_118_xTok_000998
diesen	diese	PDAT	Duden	tu_118_xTok_000999
beeden	beide	PIS	Duden	tu_118_xTok_001001
zusamm	zusammen	ADV	Duden	tu_118_xTok_001003
einen	ein	ART	Duden	tu_118_xTok_001005
auf	auf	APPR	Duden	tu_118_xTok_001008
25	25	CARD		tu_118_xTok_001010
fl.	Flore	NN	DWB	tu_118_xTok_001012
31	31	CARD		tu_118_xTok_001015
kr.	Kreuzer	NN	Duden	tu_118_xTok_001018
beeidigten	beeidigen	ADJA	Duden	tu_118_xTok_001021
Schaden	Schaden	NN	Duden	tu_118_xTok_001023
zugefüget	zufügen	VVPP	Duden	tu_118_xTok_001024
haben	haben	VAFIN	Duden	tu_118_xTok_001026
<g/>
.
</p>
<p id="fb_17800609_JohannGeorgE_Marti_p_0004">
Allein	allein	ADV	Duden	tu_118_xTok_001028
mit	mit	APPR	Duden	tu_118_xTok_001030
diesem	diese	PDAT	Duden	tu_118_xTok_001032
Raube	Raub	NN	Duden	tu_118_xTok_001034
begnügten	begnügen	VVFIN	Duden	tu_118_xTok_001036
sie	sie	PPER	Duden	tu_118_xTok_001038
sich	sich	PRF	Duden	tu_118_xTok_001040
noch	noch	ADV	Duden	tu_118_xTok_001042
nicht	nicht	PTKNEG	Duden	tu_118_xTok_001044
<g/>
,
sondern	sondern	KON	Duden	tu_118_xTok_001046
hielten	anhalten	VVFIN	Duden	tu_118_xTok_001049
zufolge	zufolge	APPR	Duden	tu_118_xTok_001051
ihrer	ihr	PPOSAT	Duden	tu_118_xTok_001053
Verabredung	Verabredung	NN	Duden	tu_118_xTok_001055
in	in	APPR	Duden	tu_118_xTok_001057
einer	ein	ART	Duden	tu_118_xTok_001059
kleinen	klein	ADJA	Duden	tu_118_xTok_001061
Weile	Weile	NN	Duden	tu_118_xTok_001062
darauf	darauf	PAV	Duden	tu_118_xTok_001063
zween	zwei	CARD	Duden	tu_118_xTok_001065
von	von	APPR	Duden	tu_118_xTok_001067
Gundramsdorf	Guntramsdorf	NE::top	oov	tu_118_xTok_001069
als	als	KOKOM	Duden	tu_118_xTok_001072
Bothen	Bote	NN	Duden	tu_118_xTok_001074
abgeschickte	abschicken	ADJA	Duden	tu_118_xTok_001076
Bauern	Bauer	NN	Duden	tu_118_xTok_001078
auf	auf	APPR	Duden	tu_118_xTok_001080
der	d	ART	Duden	tu_118_xTok_001082
nemlichen	nämlich	ADJA	Duden	tu_118_xTok_001084
Strasse	Straße	NN	Duden	tu_118_xTok_001087
gegen	gegen	APPR	Duden	tu_118_xTok_001089
Mödling	Mödling	NE::top	oov	tu_118_xTok_001091
zu	zu	APZR	Duden	tu_118_xTok_001093
mit	mit	APPR	Duden	tu_118_xTok_001094
den	d	ART	Duden	tu_118_xTok_001095
Worten	Wort	NN	Duden	tu_118_xTok_001097
<g/>
:
Gebt	hergeben	VVIMP	Duden	tu_118_xTok_001100
Geld	Geld	NN	Duden	tu_118_xTok_001102
her	her	PTKVZ	Duden	tu_118_xTok_001104
<g/>
!
an	an	PTKVZ	Duden	tu_118_xTok_001107
<g/>
,
schlugen	schlagen	VVFIN	Duden	tu_118_xTok_001110
einen	ein	PIS	Duden	tu_118_xTok_001112
hievon	hievon	PAV	Duden	tu_118_xTok_001114
mit	mit	APPR	Duden	tu_118_xTok_001115
Stecken	Stecken	NN	Duden	tu_118_xTok_001116
heftig	heftig	ADJD	Duden	tu_118_xTok_001119
<g/>
,
und	und	KON	Duden	tu_118_xTok_001122
raubten	abrauben	VVFIN	DWB	tu_118_xTok_001124
ihm	er	PPER	Duden	tu_118_xTok_001126
seinen	sein	PPOSAT	Duden	tu_118_xTok_001128
auf	auf	APPR	Duden	tu_118_xTok_001130
4	4	CARD		tu_118_xTok_001132
fl	Flore	NN	DWB	tu_118_xTok_001134
18	18	CARD		tu_118_xTok_001137
kr.	Kreuzer	NN	Duden	tu_118_xTok_001139
im	im	APPRART	Duden	tu_118_xTok_001141
Wert	Wert	NN	Duden	tu_118_xTok_001142
beschwornen	beschwören	ADJA	Duden	tu_118_xTok_001145
Halbrock	Halbrock	NN	Duden	tu_118_xTok_001147
samt	samt	APPR	Duden	tu_118_xTok_001150
einem	ein	ART	Duden	tu_118_xTok_001153
Kapel	Kappel	NN	Duden	tu_118_xTok_001155
ab	ab	PTKVZ	Duden	tu_118_xTok_001158
<g/>
,
den	d	ART	Duden	tu_118_xTok_001161
andern	ander	PIS	Duden	tu_118_xTok_001162
hingegen	hingegen	ADV	Duden	tu_118_xTok_001165
nahmen	hinwegnehmen	VVFIN	DRW	tu_118_xTok_001167
sie	sie	PPER	Duden	tu_118_xTok_001169
sein	sein	PPOSAT	Duden	tu_118_xTok_001171
Tüchel	Tuch	NN	Duden	tu_118_xTok_001173
mit	mit	APPR	Duden	tu_118_xTok_001176
2	2	CARD		tu_118_xTok_001178
fl.	Flore	NN	DWB	tu_118_xTok_001180
Geldes	Geld	NN	Duden	tu_118_xTok_001183
hinweg	hinweg	PTKVZ	Duden	tu_118_xTok_001184
<g/>
.
</p>
<p id="fb_17800609_JohannGeorgE_Marti_p_0005">
Jhre	ihr	PPOSAT	Duden	tu_118_xTok_001187
Raubsucht	Raubsucht	NN	DWB	tu_118_xTok_001189
gieng	weitergehen	VVFIN	Duden	tu_118_xTok_001191
noch	noch	ADV	Duden	tu_118_xTok_001193
weiters	weiter	PTKVZ	Duden	tu_118_xTok_001195
<g/>
,
indem	indem	KOUS	Duden	tu_118_xTok_001198
sie	sie	PPER	Duden	tu_118_xTok_001200
in	in	APPR	Duden	tu_118_xTok_001202
der	d	ART	Duden	tu_118_xTok_001204
nemlichen	nämlich	ADJA	Duden	tu_118_xTok_001206
Nacht	Nacht	NN	Duden	tu_118_xTok_001211
gleich	gleich	ADV	Duden	tu_118_xTok_001213
ausser	außer	APPR	Duden	tu_118_xTok_001215
Neudorf	Neudorf	NE::top	oov	tu_118_xTok_001217
einen	ein	ART	Duden	tu_118_xTok_001219
mit	mit	APPR	Duden	tu_118_xTok_001221
2	2	CARD		tu_118_xTok_001223
Pferden	Pferd	NN	Duden	tu_118_xTok_001225
bespannten	bespannen	ADJA	Duden	tu_118_xTok_001227
<g/>
,
ihnen	sie	PPER	Duden	tu_118_xTok_001231
gefahrnen	entgegenfahren	ADJA		tu_118_xTok_001233
Kobelwagen	Kobelwagen	NN	DWB	tu_118_xTok_001238
<g/>
,
worinnen	worin	PWAV	Duden	tu_118_xTok_001241
4	4	CARD		tu_118_xTok_001244
Mannspersonen	Mannsperson	NN	Duden	tu_118_xTok_001246
sassen	sitzen	VVFIN	Duden	tu_118_xTok_001249
<g/>
,
angehalten	anhalten	VVPP	Duden	tu_118_xTok_001252
<g/>
,
sohin	sohin	ADV	Duden	tu_118_xTok_001255
von	von	APPR	Duden	tu_118_xTok_001257
beeden	beide	PIAT	Duden	tu_118_xTok_001259
Seiten	Seite	NN	Duden	tu_118_xTok_001261
unter	unter	APPR	Duden	tu_118_xTok_001263
todesgefährlichen	todesgefährlich	ADJA	DWB	tu_118_xTok_001265
Drohungen	Drohung	NN	Duden	tu_118_xTok_001268
zum	zum	APPRART	Duden	tu_118_xTok_001270
Theil	Teil	NN	Duden	tu_118_xTok_001272
mit	mit	APPR	Duden	tu_118_xTok_001274
Stöcken	Stock	NN	Duden	tu_118_xTok_001276
in	in	APPR	Duden	tu_118_xTok_001278
solchen	solch	PIS	Duden	tu_118_xTok_001280
geschlagen	schlagen	VVPP	Duden	tu_118_xTok_001282
<g/>
,
zum	zum	APPRART	Duden	tu_118_xTok_001286
Theil	Teil	NN	Duden	tu_118_xTok_001288
mit	mit	APPR	Duden	tu_118_xTok_001290
Messern	Messer	NN	Duden	tu_118_xTok_001292
vielfältig	vielfältig	ADJD	Duden	tu_118_xTok_001294
hineingestochen	hineinstechen	VVPP	Duden	tu_118_xTok_001296
<g/>
,
auch	auch	ADV	Duden	tu_118_xTok_001299
wirklich	wirklich	ADJD	Duden	tu_118_xTok_001300
eine	ein	ART	Duden	tu_118_xTok_001302
Mannsperson	Mannsperson	NN	Duden	tu_118_xTok_001304
an	an	APPR	Duden	tu_118_xTok_001306
der	d	ART	Duden	tu_118_xTok_001308
linken	linke	ADJA	Duden	tu_118_xTok_001310
Seite	Seite	NN	Duden	tu_118_xTok_001312
stark	stark	ADJD	Duden	tu_118_xTok_001314
verwundet	verwunden	VVPP	Duden	tu_118_xTok_001316
<g/>
,
sodann	sodann	ADV	Duden	tu_118_xTok_001318
aber	aber	ADV	Duden	tu_118_xTok_001320
gar	gar	ADV	Duden	tu_118_xTok_001322
von	von	APPR	Duden	tu_118_xTok_001324
einer	ein	ART	Duden	tu_118_xTok_001326
Seite	Seite	NN	Duden	tu_118_xTok_001328
das	d	ART	Duden	tu_118_xTok_001330
Wagenthürl	Wagentür	NN	Duden	tu_118_xTok_001332
aufgerissen	aufreißen	VVPP	Duden	tu_118_xTok_001334
<g/>
,
eine	ein	ART	Duden	tu_118_xTok_001336
Mannsperson	Mannsperson	NN	Duden	tu_118_xTok_001338
<g/>
,
der	d	PRELS	Duden	tu_118_xTok_001341
ein	ein	ART	Duden	tu_118_xTok_001343
Priester	Priester	NN	Duden	tu_118_xTok_001345
war	sein	VAFIN	Duden	tu_118_xTok_001347
<g/>
,
auf	auf	APPR	Duden	tu_118_xTok_001350
die	d	ART	Duden	tu_118_xTok_001352
Erde	Erde	NN	Duden	tu_118_xTok_001354
herausgerissen	herausreißen	VVPP	Duden	tu_118_xTok_001356
<g/>
,
und	und	KON	Duden	tu_118_xTok_001360
mit	mit	APPR	Duden	tu_118_xTok_001362
Stockstreichen	Stockstreich	NN	DWB	tu_118_xTok_001364
dergestalt	dergestalt	ADV	Duden	tu_118_xTok_001366
mißhandelt	misshandeln	VVPP	Duden	tu_118_xTok_001368
haben	haben	VAFIN	Duden	tu_118_xTok_001370
<g/>
,
daß	dass	KOUS	Duden	tu_118_xTok_001372
er	er	PPER	Duden	tu_118_xTok_001374
am	am	APPRART	Duden	tu_118_xTok_001376
Kopf	Kopf	NN	Duden	tu_118_xTok_001378
drey	drei	CARD	Duden	tu_118_xTok_001380
Wunden	Wunde	NN	Duden	tu_118_xTok_001382
überkommen	überkommen	VVPP	DWB	tu_118_xTok_001384
hat	haben	VAFIN	Duden	tu_118_xTok_001386
<g/>
,
von	von	APPR	Duden	tu_118_xTok_001390
welch	welch	PRELAT	Duden	tu_118_xTok_001392
rauberischen	räuberisch	ADJA	Duden	tu_118_xTok_001394
Angrif	Angriff	NN	Duden	tu_118_xTok_001397
jedoch	jedoch	ADV	Duden	tu_118_xTok_001400
ihnen	sie	PPER	Duden	tu_118_xTok_001402
Deliquenten	Deliquent	NN	Duden	tu_118_xTok_001404
kein	kein	PIAT	Duden	tu_118_xTok_001406
Nutzen	Nutzen	NN	Duden	tu_118_xTok_001408
zufloß	zufließen	VVFIN	Duden	tu_118_xTok_001410
<g/>
,
indem	indem	KOUS	Duden	tu_118_xTok_001412
sie	sie	PPER	Duden	tu_118_xTok_001414
Räuber	Räuber	NN	Duden	tu_118_xTok_001416
sämmtlich	sämtlich	ADV	Duden	tu_118_xTok_001418
mittelst	mittelst	APPR	Duden	tu_118_xTok_001420
der	d	ART	Duden	tu_118_xTok_001422
bezeigt=	bezeigen	ADJA	Duden	tu_118_xTok_001424
herzhaften	herzhaft	ADJA	Duden	tu_118_xTok_001426
Ge gen= genwehr	Gegenwehr	NN	Duden	tu_118_xTok_001428
<g/>
,
und	und	KON	Duden	tu_118_xTok_001432
andurch	andurch	ADV	DWB	tu_118_xTok_001434
erfolgt=	erfolgen	ADJA	Duden	tu_118_xTok_001436
leichten	leicht	ADJA	Duden	tu_118_xTok_001438
Verwundungen	Verwundung	NN	Duden	tu_118_xTok_001440
des	d	ART	Duden	tu_118_xTok_001442
Johann	Johann	NE	Duden	tu_118_xTok_001444
Georg	Georg	NE	Duden	tu_118_xTok_001447
E.	E.	NE	oov	tu_118_xTok_001449
in	in	APPR	Duden	tu_118_xTok_001452
die	d	ART	Duden	tu_118_xTok_001454
Flucht	Flucht	NN	Duden	tu_118_xTok_001456
gejaget	jagen	VVPP	Duden	tu_118_xTok_001458
worden	werden	VAPP	Duden	tu_118_xTok_001460
sind	sein	VAFIN	Duden	tu_118_xTok_001462
<g/>
.
</p>
<p id="fb_17800609_JohannGeorgE_Marti_p_0006">
Nun	nun	ADV	Duden	tu_118_xTok_001464
betragt	betragen	VVFIN	Duden	tu_118_xTok_001466
der	d	ART	Duden	tu_118_xTok_001468
durch	durch	APPR	Duden	tu_118_xTok_001470
die	d	ART	Duden	tu_118_xTok_001472
zween	zwei	CARD	Duden	tu_118_xTok_001474
von	von	APPR	Duden	tu_118_xTok_001476
ihnen	sie	PPER	Duden	tu_118_xTok_001478
2	2	CARD		tu_118_xTok_001480
Delinquenten	Delinquent	NN	Duden	tu_118_xTok_001482
<g/>
,
und	und	KON	Duden	tu_118_xTok_001486
ihrer	ihr	PPOSAT	Duden	tu_118_xTok_001488
5	5	CARD		tu_118_xTok_001490
Gespännen	Gespan	NN	Duden	tu_118_xTok_001492
vollbrachte	vollbringen	ADJA	Duden	tu_118_xTok_001494
<g/>
,
sowohl	sowohl	KON	Duden	tu_118_xTok_001497
selbst	selbst	ADV	Duden	tu_118_xTok_001499
geständige	geständig	ADJA	Duden	tu_118_xTok_001501
<g/>
,
als	als	KON	Duden	tu_118_xTok_001505
auch	auch	ADV	Duden	tu_118_xTok_001507
in	in	APPR	Duden	tu_118_xTok_001509
rechtliche	rechtlich	ADJA	Duden	tu_118_xTok_001511
Gewißheit	Gewissheit	NN	Duden	tu_118_xTok_001513
gesetzte	setzen	ADJA	Duden	tu_118_xTok_001515
Strassenraube	Straßenraub	NN	Duden	tu_118_xTok_001517
verursachte	verursachen	ADJA	Duden	tu_118_xTok_001519
Schaden	Schaden	NN	Duden	tu_118_xTok_001522
zusammen	zusammen	ADV	Duden	tu_118_xTok_001524
31	31	CARD		tu_118_xTok_001526
fl.	Flore	NN	DWB	tu_118_xTok_001528
44	44	CARD		tu_118_xTok_001531
kr.	Kreuzer	NN	Duden	tu_118_xTok_001533
<g/>
,
der	d	PRELS	Duden	tu_118_xTok_001537
aber	aber	ADV	Duden	tu_118_xTok_001539
nur	nur	ADV	Duden	tu_118_xTok_001541
durch	durch	APPR	Duden	tu_118_xTok_001543
die	d	ART	Duden	tu_118_xTok_001544
Zurückstellung	Zurückstellung	NN	Duden	tu_118_xTok_001546
eines	ein	ART	Duden	tu_118_xTok_001548
etwas	etwas	PIAT	Duden	tu_118_xTok_001550
wenigen	wenig	PIAT	Duden	tu_118_xTok_001552
bey	bei	APPR	Duden	tu_118_xTok_001554
ihnen	sie	PPER	Duden	tu_118_xTok_001556
Delinquenten	Delinquent	NN	Duden	tu_118_xTok_001558
annoch	annoch	ADV	Duden	tu_118_xTok_001559
vorgefundenen	vorfinden	ADJA	Duden	tu_118_xTok_001561
abgeraubten	abrauben	ADJA	DWB	tu_118_xTok_001563
Guts	Gut	NN	Duden	tu_118_xTok_001565
bis	bis	APPR	Duden	tu_118_xTok_001567
auf	auf	APPR	Duden	tu_118_xTok_001569
30	30	CARD		tu_118_xTok_001571
fl.	Flore	NN	DWB	tu_118_xTok_001573
20	20	CARD		tu_118_xTok_001576
kr.	Kreuzer	NN	Duden	tu_118_xTok_001578
getilget	tilgen	VVPP	Duden	tu_118_xTok_001580
werden	werden	VAINF	Duden	tu_118_xTok_001582
konnte	können	VMFIN	Duden	tu_118_xTok_001584
<g/>
.
</p>
<p id="fb_17800609_JohannGeorgE_Marti_p_0007">
Nebst	nebst	APPR	Duden	tu_118_xTok_001586
diesen	diese	PDS	Duden	tu_118_xTok_001588
kamen	vorkommen	VVFIN	Duden	tu_118_xTok_001590
annoch	annoch	ADV	Duden	tu_118_xTok_001592
wider	wider	APPR	Duden	tu_118_xTok_001594
sie	sie	PPER	Duden	tu_118_xTok_001596
Delinquenten	Delinquent	NN	Duden	tu_118_xTok_001598
grosse	groß	ADJA	Duden	tu_118_xTok_001601
Jnnzüchten	Inzicht	NN	DWB	tu_118_xTok_001602
von	von	APPR	Duden	tu_118_xTok_001604
fünf	fünf	CARD	Duden	tu_118_xTok_001606
um	um	APPR	Duden	tu_118_xTok_001608
eben	eben	ADV	Duden	tu_118_xTok_001610
selbe	selbe	PDAT	Duden	tu_118_xTok_001612
Zeit	Zeit	NN	Duden	tu_118_xTok_001614
und	und	KON	Duden	tu_118_xTok_001616
in	in	APPR	Duden	tu_118_xTok_001618
der	d	ART	Duden	tu_118_xTok_001620
nemlichen	nämlich	ADJA	Duden	tu_118_xTok_001622
Gegend	Gegend	NN	Duden	tu_118_xTok_001624
verübten	verüben	ADJA	Duden	tu_118_xTok_001626
Strassenraubereyen	Straßenraub	NN	Duden	tu_118_xTok_001628
<g/>
,
und	und	KON	Duden	tu_118_xTok_001631
insbesondere	insbesondere	ADV	Duden	tu_118_xTok_001633
wider	wider	APPR	Duden	tu_118_xTok_001635
den	d	ART	Duden	tu_118_xTok_001637
Johann	Johann	NE	Duden	tu_118_xTok_001639
Georg	Georg	NE	Duden	tu_118_xTok_001641
E.	E.	NE	oov	tu_118_xTok_001643
mehrere	mehrere	PIAT	Duden	tu_118_xTok_001646
Diebstähle	Diebstahl	NN	Duden	tu_118_xTok_001648
vor	vor	PTKVZ	Duden	tu_118_xTok_001650
<g/>
,
welcherwegen	welcherwegen	PRELS	oov	tu_118_xTok_001653
aber	aber	ADV	Duden	tu_118_xTok_001655
sie	sie	PPER	Duden	tu_118_xTok_001656
weder	weder	KON	Duden	tu_118_xTok_001658
geständig	geständig	ADJD	Duden	tu_118_xTok_001660
<g/>
,
noch	noch	KON	Duden	tu_118_xTok_001663
rechtlich	rechtlich	ADJD	Duden	tu_118_xTok_001665
zu	zu	PTKZU	Duden	tu_118_xTok_001667
überweisen	überweisen	VVINF	Duden	tu_118_xTok_001669
waren	sein	VAFIN	Duden	tu_118_xTok_001671
<g/>
.
</p>
<head>
Jnhalt	Inhalt	NN	Duden	tu_118_xTok_001673
ihres	ihr	PPOSAT	Duden	tu_118_xTok_001675
Urtheils	Urteil	NN	Duden	tu_118_xTok_001677
<g/>
.
</head>
<p id="fb_17800609_JohannGeorgE_Marti_p_0008">
Dieser	diese	PDAT	Duden	tu_118_xTok_001679
Johann	Johann	NE	Duden	tu_118_xTok_001681
Georg	Georg	NE	Duden	tu_118_xTok_001683
E.	E.	NE	oov	tu_118_xTok_001685
<g/>
,
und	und	KON	Duden	tu_118_xTok_001689
Martin	Martin	NE	Duden	tu_118_xTok_001691
W.	W.	NE	oov	tu_118_xTok_001693
sollen	sollen	VMFIN	Duden	tu_118_xTok_001695
vor	vor	APPR	Duden	tu_118_xTok_001697
das	d	ART	Duden	tu_118_xTok_001699
allhiesige	allhiesig	ADJA	DWB	tu_118_xTok_001701
Schottenthor	Schottentor	NE::top	oov	tu_118_xTok_001703
auf	auf	APPR	Duden	tu_118_xTok_001705
die	d	ART	Duden	tu_118_xTok_001707
gewöhnliche	gewöhnlich	ADJA	Duden	tu_118_xTok_001708
Richtstatt	Richtstatt	NN	DWB	tu_118_xTok_001711
geführet	führen	VVPP	Duden	tu_118_xTok_001713
<g/>
,
allda	allda	ADV	Duden	tu_118_xTok_001718
mit	mit	APPR	Duden	tu_118_xTok_001720
dem	d	ART	Duden	tu_118_xTok_001722
Schwert	Schwert	NN	Duden	tu_118_xTok_001723
vom	vom	APPRART	Duden	tu_118_xTok_001725
Leben	Leben	NN	Duden	tu_118_xTok_001727
zum	zum	APPRART	Duden	tu_118_xTok_001729
Tod	Tod	NN	Duden	tu_118_xTok_001731
hingerichtet	hinrichten	VVPP	Duden	tu_118_xTok_001733
<g/>
,
sodann	sodann	ADV	Duden	tu_118_xTok_001735
ihre	ihr	PPOSAT	Duden	tu_118_xTok_001738
Körper	Körper	NN	Duden	tu_118_xTok_001740
auf	auf	APPR	Duden	tu_118_xTok_001742
die	d	ART	Duden	tu_118_xTok_001744
Räder	Rad	NN	Duden	tu_118_xTok_001746
geleget	legen	VVPP	Duden	tu_118_xTok_001748
<g/>
,
die	d	ART	Duden	tu_118_xTok_001751
Köpfe	Kopf	NN	Duden	tu_118_xTok_001752
auf	auf	APPR	Duden	tu_118_xTok_001754
die	d	ART	Duden	tu_118_xTok_001756
Pfähle	Pfahl	NN	Duden	tu_118_xTok_001758
gestecket	stecken	VVPP	Duden	tu_118_xTok_001760
<g/>
,
und	und	KON	Duden	tu_118_xTok_001763
hierüber	hierüber	PAV	Duden	tu_118_xTok_001765
ein	ein	ART	Duden	tu_118_xTok_001766
Galgen	Galgen	NN	Duden	tu_118_xTok_001768
mit	mit	APPR	Duden	tu_118_xTok_001770
herabhangendem	herabhängen	ADJA	Duden	tu_118_xTok_001772
Stricke	Strick	NN	Duden	tu_118_xTok_001774
aufgerichtet	aufrichten	VVPP	Duden	tu_118_xTok_001776
werden	werden	VAINF	Duden	tu_118_xTok_001780
<g/>
.
</p>
Dieses	diese	PDS	Duden	tu_118_xTok_001782
ihnen	sie	PPER	Duden	tu_118_xTok_001784
zur	zur	APPRART	Duden	tu_118_xTok_001786
wohlverdienten	wohlverdient	ADJA	Duden	tu_118_xTok_001788
Strafe	Strafe	NN	Duden	tu_118_xTok_001790
<g/>
,
andern	ander	PIS	Duden	tu_118_xTok_001793
aber	aber	ADV	Duden	tu_118_xTok_001794
ihres gleichen	ihresgleichen	PIS		tu_118_xTok_001796
<g/>
,
zum	zum	APPRART	Duden	tu_118_xTok_001801
erspiegelnden	erspiegeln	ADJA	DWB	tu_118_xTok_001803
Abscheu	Abscheu	NN	Duden	tu_118_xTok_001805
<g/>
.
Gott	Gott	NN	Duden	tu_118_xTok_001807
sey	sein	VAIMP	Duden	tu_118_xTok_001809
ihren	ihr	PPOSAT	Duden	tu_118_xTok_001811
armen	arm	ADJA	Duden	tu_118_xTok_001813
Seelen	Seele	NN	Duden	tu_118_xTok_001815
gnädig	gnädig	ADJD	Duden	tu_118_xTok_001817
und	und	KON	Duden	tu_118_xTok_001819
barmherzig	barmherzig	ADJD	Duden	tu_118_xTok_001821
<g/>
.
</doc>
