<doc id="fb_17800427_BE_JN" delinquent_sexes="male" title="Todesurteil B. E., J. N." attrs="word lemma pos vocab id">
<p id="fb_17800427_BE_JN_p_0001">
Es	es	PPER	Duden	tu_117_xTok_000054
hat	haben	VAFIN	Duden	tu_117_xTok_000057
der	d	ART	Duden	tu_117_xTok_000059
dem	d	ART	Duden	tu_117_xTok_000061
Landgericht	Landgericht	NN	Duden	tu_117_xTok_000063
ob	ob	APPR	Duden	tu_117_xTok_000065
Wildon	Wildon	NE::top	oov	tu_117_xTok_000067
den	d	ART	Duden	tu_117_xTok_000069
24.	24	ADJA		tu_117_xTok_000071
Nov.	November	NN	Duden	tu_117_xTok_000073
1779.	1779	CARD		tu_117_xTok_000076
von	von	APPR	Duden	tu_117_xTok_000078
der	d	ART	Duden	tu_117_xTok_000079
Herrschaft	Herrschaft	NN	Duden	tu_117_xTok_000081
Hornegg	Hornegg	NE::top	oov	tu_117_xTok_000083
gefänglich	gefänglich	ADJD	Duden	tu_117_xTok_000085
übergeben	übergeben	VVINF	Duden	tu_117_xTok_000087
wordene	sein	ADJA	Duden	tu_117_xTok_000089
<persName id="be117">
B.	B.	NE	oov	tu_117_xTok_000091
E.	E.	NE	oov	tu_117_xTok_000094
vulgo	vulgo	ADV	Duden	tu_117_xTok_000096
Leyrerbärtel	Leyrerbärtel	NE	oov	tu_117_xTok_000098
</persName>
<g/>
,
27.	27	CARD		tu_117_xTok_000101
Jahr	Jahr	NN	Duden	tu_117_xTok_000103
alt	alt	ADJD	Duden	tu_117_xTok_000105
<g/>
,
katholisch	katholisch	ADJD	Duden	tu_117_xTok_000108
<g/>
,
ledig	ledig	ADJD	Duden	tu_117_xTok_000111
<g/>
,
in	in	APPR	Duden	tu_117_xTok_000114
<placeName id="pn117">
Hungarn	Ungarn	NE::top	Duden	tu_117_xTok_000116
zu	zu	APPR	Duden	tu_117_xTok_000119
Kaltenbrunn	Kaltenbrunn	NE::top	oov	tu_117_xTok_000121
</placeName>
gebürtig	gebürtig	ADJD	Duden	tu_117_xTok_000123
in	in	APPR	Duden	tu_117_xTok_000125
denen	d	ART	Duden	tu_117_xTok_000127
banngerichtlichen	banngerichtlich	ADJA	DRW	tu_117_xTok_000129
Verhören	Verhör	NN	Duden	tu_117_xTok_000131
einbekennet	einbekennen	VVPP	Duden	tu_117_xTok_000132
<g/>
,
und	und	KON	Duden	tu_117_xTok_000135
es	es	PPER	Duden	tu_117_xTok_000137
ist	sein	VAFIN	Duden	tu_117_xTok_000139
auch	auch	ADV	Duden	tu_117_xTok_000141
sogestaltig	sogestaltig	ADJD	oov	tu_117_xTok_000143
durch	durch	APPR	Duden	tu_117_xTok_000145
die	d	ART	Duden	tu_117_xTok_000147
Nachforschung	Nachforschung	NN	Duden	tu_117_xTok_000149
<g/>
,
und	und	KON	Duden	tu_117_xTok_000152
eidliche	eidlich	ADJA	Duden	tu_117_xTok_000153
Aussagen	Aussage	NN	Duden	tu_117_xTok_000155
erhoben	erheben	VVPP	Duden	tu_117_xTok_000157
<g/>
,
und	und	KON	Duden	tu_117_xTok_000160
bestättiget	bestätigen	VVPP	Duden	tu_117_xTok_000162
worden	werden	VAPP	Duden	tu_117_xTok_000164
<g/>
.
</p>
<p id="fb_17800427_BE_JN_p_0002">
Erstens	erstens	ADV	Duden	tu_117_xTok_000166
<g/>
:
daß	dass	KOUS	Duden	tu_117_xTok_000169
selber	selbe	PDS	Duden	tu_117_xTok_000171
bereits	bereits	ADV	Duden	tu_117_xTok_000173
den	d	ART	Duden	tu_117_xTok_000175
23.	23	ADJA		tu_117_xTok_000177
Sept.	September	NN	Duden	tu_117_xTok_000180
1773.	1773	CARD		tu_117_xTok_000183
wegen	wegen	APPR	Duden	tu_117_xTok_000185
verübten	verüben	ADJA	Duden	tu_117_xTok_000187
zween	zwei	CARD	Duden	tu_117_xTok_000190
Diebstählen	Diebstahl	NN	Duden	tu_117_xTok_000192
bey	bei	APPR	Duden	tu_117_xTok_000194
der	d	ART	Duden	tu_117_xTok_000196
Burgfrieds Herrschaft	Burgfriedsherrschaft	NN	oov	tu_117_xTok_000198
Frauenthal	Frauental	NE::top	oov	tu_117_xTok_000202
in	in	APPR	Duden	tu_117_xTok_000204
gefänglichen	gefänglich	ADJA	Duden	tu_117_xTok_000205
Verhaft	Verhaft	NN	Duden	tu_117_xTok_000207
genommen	nehmen	VVPP	Duden	tu_117_xTok_000209
seye	sein	VAFIN	Duden	tu_117_xTok_000211
<g/>
;
er	er	PPER	Duden	tu_117_xTok_000214
hat	haben	VAFIN	Duden	tu_117_xTok_000216
sich	sich	PRF	Duden	tu_117_xTok_000218
jedoch	jedoch	ADV	Duden	tu_117_xTok_000220
alldort	alldort	ADV	DWB	tu_117_xTok_000222
der	d	ART	Duden	tu_117_xTok_000224
Eisen	Eisen	NN	Duden	tu_117_xTok_000225
entlediget	entledigen	VVPP	Duden	tu_117_xTok_000227
<g/>
,
und	und	KON	Duden	tu_117_xTok_000230
flüchtigen	flüchtig	ADJA	Duden	tu_117_xTok_000232
Fuß	Fuß	NN	Duden	tu_117_xTok_000234
gesetzet	setzen	VVPP	Duden	tu_117_xTok_000236
<g/>
.
</p>
<p id="fb_17800427_BE_JN_p_0003">
Zweitens	zweitens	ADV	Duden	tu_117_xTok_000238
<g/>
:
ist	sein	VAFIN	Duden	tu_117_xTok_000241
er	er	PPER	Duden	tu_117_xTok_000243
den	d	ART	Duden	tu_117_xTok_000245
13.	13	ADJA		tu_117_xTok_000247
Nov.	November	NN	Duden	tu_117_xTok_000249
1775.	1775	CARD		tu_117_xTok_000252
von	von	APPR	Duden	tu_117_xTok_000254
der	d	ART	Duden	tu_117_xTok_000256
Herrschaft	Herrschaft	NN	Duden	tu_117_xTok_000258
Wildbach	Wildbach	NE::top	oov	tu_117_xTok_000260
dem	d	ART	Duden	tu_117_xTok_000263
Landgericht	Landgericht	NN	Duden	tu_117_xTok_000265
ob	ob	APPR	Duden	tu_117_xTok_000267
Wildon	Wildon	NE::top	oov	tu_117_xTok_000269
übergeben	übergeben	VVPP	Duden	tu_117_xTok_000271
worden	werden	VAPP	Duden	tu_117_xTok_000273
<g/>
;
er	er	PPER	Duden	tu_117_xTok_000276
hat	haben	VAFIN	Duden	tu_117_xTok_000278
jedoch	jedoch	ADV	Duden	tu_117_xTok_000280
in	in	APPR	Duden	tu_117_xTok_000281
denen	d	ART	Duden	tu_117_xTok_000283
banngerichtlichen	banngerichtlich	ADJA	DRW	tu_117_xTok_000285
Verhören	Verhör	NN	Duden	tu_117_xTok_000287
alle	all	PIAT	Duden	tu_117_xTok_000289
von	von	APPR	Duden	tu_117_xTok_000291
ihm	er	PPER	Duden	tu_117_xTok_000293
begangene	begehen	ADJA	Duden	tu_117_xTok_000295
Dieb )( 2 stähle stähle	Diebstahl	NN	Duden	tu_117_xTok_000297
auf	auf	APPR	Duden	tu_117_xTok_000305
das	d	ART	Duden	tu_117_xTok_000307
hartneckigste	hartnäckig	ADJA	Duden	tu_117_xTok_000309
damalen	damalen	ADV	DWB	tu_117_xTok_000311
abgelaugnet	ableugnen	VVPP	Duden	tu_117_xTok_000313
<g/>
,
vor	vor	APPR	Duden	tu_117_xTok_000316
dieser	diese	PDAT	Duden	tu_117_xTok_000318
geschlossenen	geschlossen	ADJA	Duden	tu_117_xTok_000320
Inquisition	Inquisition	NN	Duden	tu_117_xTok_000323
mit	mit	APPR	Duden	tu_117_xTok_000325
einem	ein	ART	Duden	tu_117_xTok_000327
heimlich	heimlich	ADJD	Duden	tu_117_xTok_000329
zu	zu	APPR	Duden	tu_117_xTok_000331
sich	sich	PRF	Duden	tu_117_xTok_000333
genommenen	nehmen	ADJA	Duden	tu_117_xTok_000335
Spuhleisen	Spuhleisen	NN	oov	tu_117_xTok_000337
sich	sich	PRF	Duden	tu_117_xTok_000338
ein	ein	ART	Duden	tu_117_xTok_000340
Glied	Glied	NN	Duden	tu_117_xTok_000342
von	von	APPR	Duden	tu_117_xTok_000344
seiner	sein	PPOSAT	Duden	tu_117_xTok_000346
Anhängketten	Anhängkette	NN	oov	tu_117_xTok_000348
abgedrähet	abdrehen	VVPP	Duden	tu_117_xTok_000350
<g/>
,
in	in	APPR	Duden	tu_117_xTok_000353
seinem	sein	PPOSAT	Duden	tu_117_xTok_000355
Arrest	Arrest	NN	Duden	tu_117_xTok_000357
den	d	ART	Duden	tu_117_xTok_000358
Ofen	Ofen	NN	Duden	tu_117_xTok_000360
eingebrochen	einbrechen	VVPP	Duden	tu_117_xTok_000362
<g/>
,
eine	ein	ART	Duden	tu_117_xTok_000365
eisene	eisen	ADJA	Duden	tu_117_xTok_000367
Stangen	Stange	NN	Duden	tu_117_xTok_000369
von	von	APPR	Duden	tu_117_xTok_000371
dem	d	ART	Duden	tu_117_xTok_000373
Ofen	Ofen	NN	Duden	tu_117_xTok_000375
herausgerissen	herausreißen	VVPP	Duden	tu_117_xTok_000377
<g/>
,
und	und	KON	Duden	tu_117_xTok_000381
mit	mit	APPR	Duden	tu_117_xTok_000383
solcher	solch	PIS	Duden	tu_117_xTok_000385
sowohl	sowohl	KON	Duden	tu_117_xTok_000387
das	d	ART	Duden	tu_117_xTok_000389
Schloß	Schloss	NN	Duden	tu_117_xTok_000391
des	d	ART	Duden	tu_117_xTok_000393
eisenen	eisen	ADJA	Duden	tu_117_xTok_000395
Ofenthürl	Ofentür	NN	Duden	tu_117_xTok_000397
<g/>
,
als	als	KON	Duden	tu_117_xTok_000399
des	d	ART	Duden	tu_117_xTok_000401
Wäschzimmers	Wäschezimmer	NN	oov	tu_117_xTok_000403
aufgesprenget	aufsprengen	VVPP	Duden	tu_117_xTok_000405
<g/>
,
sodann	sodann	ADV	Duden	tu_117_xTok_000408
sich	sich	PRF	Duden	tu_117_xTok_000410
mit	mit	APPR	Duden	tu_117_xTok_000412
einem	ein	ART	Duden	tu_117_xTok_000414
bey	bei	APPR	Duden	tu_117_xTok_000416
dem	d	ART	Duden	tu_117_xTok_000418
Fenster	Fenster	NN	Duden	tu_117_xTok_000419
angebundenen	anbinden	ADJA	Duden	tu_117_xTok_000421
Wäschstrick	Wäschestrick	NN	oov	tu_117_xTok_000423
über	über	APPR	Duden	tu_117_xTok_000425
6.	6	CARD		tu_117_xTok_000427
Klafter	Klafter	NN	Duden	tu_117_xTok_000430
hoch	hoch	ADJD	Duden	tu_117_xTok_000432
herabgelassen	herablassen	VVPP	Duden	tu_117_xTok_000434
<g/>
,
und	und	KON	Duden	tu_117_xTok_000436
obwohlen	obwohl	KOUS	Duden	tu_117_xTok_000438
dieser	diese	PDAT	Duden	tu_117_xTok_000440
Strick	Strick	NN	Duden	tu_117_xTok_000442
<g/>
,
als	als	KOUS	Duden	tu_117_xTok_000445
dieser	diese	PDAT	Duden	tu_117_xTok_000447
Thäter	Täter	NN	Duden	tu_117_xTok_000449
sich	sich	PRF	Duden	tu_117_xTok_000451
nur	nur	ADV	Duden	tu_117_xTok_000453
eine	ein	ART	Duden	tu_117_xTok_000455
Klafter	Klafter	NN	Duden	tu_117_xTok_000457
lang	lang	ADJD	Duden	tu_117_xTok_000459
mit	mit	APPR	Duden	tu_117_xTok_000460
denen	d	ART	Duden	tu_117_xTok_000462
Händen	Hand	NN	Duden	tu_117_xTok_000464
nach	nach	APPR	Duden	tu_117_xTok_000466
solchen	solch	PIS	Duden	tu_117_xTok_000468
herabließe	herablassen	VVFIN	Duden	tu_117_xTok_000470
<g/>
,
gebrochen	brechen	VVPP	Duden	tu_117_xTok_000473
ist	sein	VAFIN	Duden	tu_117_xTok_000475
<g/>
,
folglich	folglich	ADV	Duden	tu_117_xTok_000478
er	er	PPER	Duden	tu_117_xTok_000480
fünf	fünf	CARD	Duden	tu_117_xTok_000481
Klafter	Klafter	NN	Duden	tu_117_xTok_000483
hoch	hoch	ADJD	Duden	tu_117_xTok_000485
mit	mit	APPR	Duden	tu_117_xTok_000487
denen	d	ART	Duden	tu_117_xTok_000489
Füssen	Fuß	NN	Duden	tu_117_xTok_000491
<g/>
,
und	und	KON	Duden	tu_117_xTok_000494
Rucken	Rücken	NN	Duden	tu_117_xTok_000496
auf	auf	APPR	Duden	tu_117_xTok_000498
die	d	ART	Duden	tu_117_xTok_000500
nur	nur	ADV	Duden	tu_117_xTok_000502
mit	mit	APPR	Duden	tu_117_xTok_000504
weniger	wenig	PIAT	Duden	tu_117_xTok_000506
Erde	Erde	NN	Duden	tu_117_xTok_000509
überschittete	überschütten	ADJA	Duden	tu_117_xTok_000511
Felse	Fels	NN	Duden	tu_117_xTok_000513
herabfiele	herabfallen	VVFIN	Duden	tu_117_xTok_000515
<g/>
,
so	so	ADV	Duden	tu_117_xTok_000518
hat	haben	VAFIN	Duden	tu_117_xTok_000520
er	er	PPER	Duden	tu_117_xTok_000522
sich	sich	PRF	Duden	tu_117_xTok_000524
dennoch	dennoch	ADV	Duden	tu_117_xTok_000526
nur	nur	ADV	Duden	tu_117_xTok_000528
damisch	damisch	ADJD	Duden	tu_117_xTok_000529
gefallen	fallen	VVPP	Duden	tu_117_xTok_000531
<g/>
,
nicht	nicht	PTKNEG	Duden	tu_117_xTok_000534
im	im	APPRART	Duden	tu_117_xTok_000536
mindesten	mindeste	ADV	Duden	tu_117_xTok_000538
beschädiget	beschädigen	VVPP	Duden	tu_117_xTok_000540
sondern	sondern	KON	Duden	tu_117_xTok_000542
alsogleich	alsogleich	ADV	Duden	tu_117_xTok_000544
die	d	ART	Duden	tu_117_xTok_000545
weitere	weitere	ADJA	Duden	tu_117_xTok_000547
Flucht	Flucht	NN	Duden	tu_117_xTok_000549
ergriffen	ergreifen	VVPP	Duden	tu_117_xTok_000551
<g/>
.
</p>
<p id="fb_17800427_BE_JN_p_0004">
Nach	nach	APPR	Duden	tu_117_xTok_000553
dieser	diese	PDAT	Duden	tu_117_xTok_000555
Zeit	Zeit	NN	Duden	tu_117_xTok_000557
hat	haben	VAFIN	Duden	tu_117_xTok_000559
er	er	PPER	Duden	tu_117_xTok_000561
Missethäter	Missetäter	NN	Duden	tu_117_xTok_000563
keine	kein	PIAT	Duden	tu_117_xTok_000565
Bauernarbeit	Bauernarbeit	NN	DWB	tu_117_xTok_000567
mehr	mehr	ADV	Duden	tu_117_xTok_000569
unternommen	unternehmen	VVPP	Duden	tu_117_xTok_000570
<g/>
,
sondern	sondern	KON	Duden	tu_117_xTok_000573
ist	sein	VAFIN	Duden	tu_117_xTok_000575
beständig	beständig	ADJD	Duden	tu_117_xTok_000577
mit	mit	APPR	Duden	tu_117_xTok_000579
schlechtesten	schlecht	ADJA	Duden	tu_117_xTok_000581
Gesindel	Gesindel	NN	Duden	tu_117_xTok_000583
<g/>
,
auch	auch	ADV	Duden	tu_117_xTok_000586
theils	teils	ADV	Duden	tu_117_xTok_000587
zu	zu	APPR	Duden	tu_117_xTok_000589
einem	ein	ART	Duden	tu_117_xTok_000591
gewöhnlichen	gewöhnlich	ADJA	Duden	tu_117_xTok_000593
Deckmantel	Deckmantel	NN	Duden	tu_117_xTok_000595
mit	mit	APPR	Duden	tu_117_xTok_000597
kleinen	klein	ADJA	Duden	tu_117_xTok_000599
Waaren	Ware	NN	Duden	tu_117_xTok_000601
herumgestrichen	herumstreichen	VVPP	Duden	tu_117_xTok_000603
<g/>
.
</p>
<p id="fb_17800427_BE_JN_p_0005">
Er	er	PPER	Duden	tu_117_xTok_000606
hat	haben	VAFIN	Duden	tu_117_xTok_000608
einbekenntermassen	einbekanntermaßen	ADV	oov	tu_117_xTok_000610
mit	mit	APPR	Duden	tu_117_xTok_000612
dem	d	ART	Duden	tu_117_xTok_000614
Müllner	Müllner	NE	oov	tu_117_xTok_000616
Thoni	Thoni	NE	oov	tu_117_xTok_000618
<g/>
,
mit	mit	APPR	Duden	tu_117_xTok_000621
dem	d	ART	Duden	tu_117_xTok_000623
Weber	Weber	NE	oov	tu_117_xTok_000624
Josl	Josl	NE	oov	tu_117_xTok_000626
einen	ein	ART	Duden	tu_117_xTok_000628
Deserteur	Deserteur	NN	Duden	tu_117_xTok_000630
<g/>
,
mit	mit	APPR	Duden	tu_117_xTok_000633
dem	d	ART	Duden	tu_117_xTok_000635
Kotscheber	Kotscheber	NE	oov	tu_117_xTok_000637
Sepel	Sepel	NE	oov	tu_117_xTok_000639
<g/>
,
grossen	groß	ADJA	Duden	tu_117_xTok_000642
und	und	KON	Duden	tu_117_xTok_000643
kleinen	klein	ADJA	Duden	tu_117_xTok_000645
Oesterreicher	Österreicher	NE	oov	tu_117_xTok_000647
Sepl	Sepl	NE	oov	tu_117_xTok_000649
<g/>
,
Fuchshänsel	Fuchshänsel	NE	oov	tu_117_xTok_000652
<g/>
,
kleinischen	kleinisch	ADJA	oov	tu_117_xTok_000655
Fleischhacker	Fleischhacker	NE	oov	tu_117_xTok_000657
Josl	Josl	NE	oov	tu_117_xTok_000660
<g/>
,
Hafner	Hafner	NE	oov	tu_117_xTok_000663
Michel	Michel	NE	oov	tu_117_xTok_000665
<g/>
,
und	und	KON	Duden	tu_117_xTok_000668
Clement	Clement	NE	oov	tu_117_xTok_000670
Andree	Andree	NE	oov	tu_117_xTok_000672
viele	viel	PIAT	Duden	tu_117_xTok_000674
Diebstähle	Diebstahl	NN	Duden	tu_117_xTok_000676
theils	teils	ADV	Duden	tu_117_xTok_000677
mit	mit	APPR	Duden	tu_117_xTok_000679
Erbrechen	erbrechen	VVINF-NN	Duden	tu_117_xTok_000681
<g/>
,
theils	teils	ADV	Duden	tu_117_xTok_000684
in	in	APPR	Duden	tu_117_xTok_000686
der	d	ART	Duden	tu_117_xTok_000688
Kirche	Kirche	NN	Duden	tu_117_xTok_000690
<g/>
,
und	und	KON	Duden	tu_117_xTok_000693
geweihten	geweiht	ADJA	Duden	tu_117_xTok_000695
Orten	Ort	NN	Duden	tu_117_xTok_000697
<g/>
,
und	und	KON	Duden	tu_117_xTok_000699
theils	teils	ADV	Duden	tu_117_xTok_000701
auch	auch	ADV	Duden	tu_117_xTok_000703
alleinig	alleinig	ADJD	Duden	tu_117_xTok_000705
unternommen	unternehmen	VVPP	Duden	tu_117_xTok_000707
<g/>
,
und	und	KON	Duden	tu_117_xTok_000710
die	d	ART	Duden	tu_117_xTok_000712
letzten	letzte	ADJA	Duden	tu_117_xTok_000714
drey	drei	CARD	Duden	tu_117_xTok_000716
Wochen	Woche	NN	Duden	tu_117_xTok_000718
vor	vor	APPR	Duden	tu_117_xTok_000719
seiner	sein	PPOSAT	Duden	tu_117_xTok_000721
Gefangennehmung	Gefangennehmung	NN	DWB	tu_117_xTok_000723
<g/>
,
die	d	ART	Duden	tu_117_xTok_000726
auch	auch	ADV	Duden	tu_117_xTok_000728
allhier	allhier	ADV	Duden	tu_117_xTok_000730
innliegende	inliegend	ADJA	oov	tu_117_xTok_000732
schon	schon	ADV	Duden	tu_117_xTok_000734
zweymal	zweimal	ADV	Duden	tu_117_xTok_000736
vorhero	vorhero	ADV	DWB	tu_117_xTok_000739
banngerichtlich	banngerichtlich	ADJD	DRW	tu_117_xTok_000741
proceßiret	prozessieren	ADJA	Duden	tu_117_xTok_000743
<g/>
,
und	und	KON	Duden	tu_117_xTok_000746
allmalig	allmalig	ADJD	oov	tu_117_xTok_000748
in	in	APPR	Duden	tu_117_xTok_000750
das	d	ART	Duden	tu_117_xTok_000752
Zuchthaus	Zuchthaus	NN	Duden	tu_117_xTok_000754
abgegeben	abgeben	VVPP	Duden	tu_117_xTok_000757
wordene	werden	ADJA	Duden	tu_117_xTok_000759
M.	M.	NE	oov	tu_117_xTok_000761
M.	M.	NE	oov	tu_117_xTok_000764
für	für	APPR	Duden	tu_117_xTok_000767
seine	sein	PPOSAT	Duden	tu_117_xTok_000769
Concubin	Konkubine	NN	Duden	tu_117_xTok_000771
gehabt	haben	VAPP	Duden	tu_117_xTok_000773
<g/>
.
</p>
<p id="fb_17800427_BE_JN_p_0006">
Unter	unter	APPR	Duden	tu_117_xTok_000775
seinen	sein	PPOSAT	Duden	tu_117_xTok_000777
einbekennten	einbekennen	ADJA	Duden	tu_117_xTok_000779
diebischen	diebisch	ADJA	Duden	tu_117_xTok_000781
Angriffen	Angriff	NN	Duden	tu_117_xTok_000783
sind	sein	VAFIN	Duden	tu_117_xTok_000785
folgende	folgend	ADJ-NN	Duden	tu_117_xTok_000787
die	d	ART	Duden	tu_117_xTok_000789
beträchtlichsten	beträchtlich	ADJA	Duden	tu_117_xTok_000790
und	und	KON	Duden	tu_117_xTok_000792
mit	mit	APPR	Duden	tu_117_xTok_000794
Mörderey	Mörderei	NN	DWB	tu_117_xTok_000796
beschlossen	beschließen	VVPP	Duden	tu_117_xTok_000798
gewordene	werden	ADJA	Duden	tu_117_xTok_000800
Unthaten	Untat	NN	Duden	tu_117_xTok_000802
<g/>
.
</p>
<p id="fb_17800427_BE_JN_p_0007">
Drey	drei	CARD	Duden	tu_117_xTok_000804
Täge	Tag	NN	Duden	tu_117_xTok_000806
nach	nach	APPR	Duden	tu_117_xTok_000808
Martini	Martin	NE	Duden	tu_117_xTok_000810
letzthin	letzthin	ADV	Duden	tu_117_xTok_000812
gienge	gehen	VVFIN	Duden	tu_117_xTok_000814
er	er	PPER	Duden	tu_117_xTok_000816
mit	mit	APPR	Duden	tu_117_xTok_000818
dem	d	ART	Duden	tu_117_xTok_000820
Kotscheber	Kotscheber	NE	oov	tu_117_xTok_000822
Sepel	Sepel	NE	oov	tu_117_xTok_000825
<g/>
,
und	und	KON	Duden	tu_117_xTok_000828
Fuchs	Fuchs	NE	oov	tu_117_xTok_000830
Hänsl	Hänsel	NE	oov	tu_117_xTok_000832
gegen	gegen	APPR	Duden	tu_117_xTok_000834
Mitternacht	Mitternacht	NN	Duden	tu_117_xTok_000836
bey	bei	APPR	Duden	tu_117_xTok_000838
<placeName>
St.	Sankt	ADJA		tu_117_xTok_000840
Johannes	Johannes	NE		tu_117_xTok_000843
in	in	APPR		tu_117_xTok_000846
Sagathal	Sagatal	NE::top		tu_117_xTok_000848
</placeName>
zu	zu	APPR	Duden	tu_117_xTok_000850
den	d	ART	Duden	tu_117_xTok_000852
Haus	Haus	NN	Duden	tu_117_xTok_000854
<g/>
,
in	in	APPR	Duden	tu_117_xTok_000857
welchem	welch	PRELS	Duden	tu_117_xTok_000859
eine	ein	ART	Duden	tu_117_xTok_000861
alte	alt	ADJA	Duden	tu_117_xTok_000863
etlich	etlich	PIAT	Duden	tu_117_xTok_000865
60. jährige	sechzigjährig	ADJA	Duden	tu_117_xTok_000867
Bäuerin	Bäuerin	NN	Duden	tu_117_xTok_000870
mit	mit	APPR	Duden	tu_117_xTok_000872
ihrer	ihr	PPOSAT	Duden	tu_117_xTok_000874
alleinigen	alleinig	ADJA	Duden	tu_117_xTok_000876
jungen	jung	ADJA	Duden	tu_117_xTok_000878
und	und	KON	Duden	tu_117_xTok_000880
wohlgestalteten	wohlgestaltet	ADJA	Duden	tu_117_xTok_000882
Tochter	Tochter	NN	Duden	tu_117_xTok_000884
wohnte	wohnen	VVFIN	Duden	tu_117_xTok_000886
<g/>
;
sie	sie	PPER	Duden	tu_117_xTok_000890
haben	haben	VAFIN	Duden	tu_117_xTok_000892
anfänglich	anfänglich	ADJD	Duden	tu_117_xTok_000894
bey	bei	APPR	Duden	tu_117_xTok_000896
dem	d	ART	Duden	tu_117_xTok_000898
Keller	Keller	NN	Duden	tu_117_xTok_000900
eingebrochen	einbrechen	VVPP	Duden	tu_117_xTok_000902
<g/>
,
hierinnen	hierinnen	PAV	Duden	tu_117_xTok_000905
sehr	sehr	ADV	Duden	tu_117_xTok_000907
stark	stark	ADJD	Duden	tu_117_xTok_000908
Wein	Wein	NN	Duden	tu_117_xTok_000910
getrunken	trinken	VVPP	Duden	tu_117_xTok_000912
<g/>
,
und	und	KON	Duden	tu_117_xTok_000915
alle	all	PIAT	Duden	tu_117_xTok_000917
in	in	APPR	Duden	tu_117_xTok_000919
diesem	diese	PDAT	Duden	tu_117_xTok_000921
Keller	Keller	NN	Duden	tu_117_xTok_000923
gefundene	finden	ADJA	Duden	tu_117_xTok_000925
Eßwaaren	Esswaren	NN	Duden	tu_117_xTok_000927
herausgetragen	heraustragen	VVPP	Duden	tu_117_xTok_000930
<g/>
,
sodann	sodann	ADV	Duden	tu_117_xTok_000933
haben	haben	VAFIN	Duden	tu_117_xTok_000935
sie	sie	PPER	Duden	tu_117_xTok_000937
eine	ein	ART	Duden	tu_117_xTok_000939
Fensterpalke	Fensterbalken	NN	Duden	tu_117_xTok_000941
in	in	APPR	Duden	tu_117_xTok_000943
dem	d	ART	Duden	tu_117_xTok_000945
Haus	Haus	NN	Duden	tu_117_xTok_000947
aufgebrochen	aufbrechen	VVPP	Duden	tu_117_xTok_000948
<g/>
;
der	d	ART	Duden	tu_117_xTok_000951
Kotscheber	Kotscheber	NE	oov	tu_117_xTok_000953
Sepel	Sepel	NE	oov	tu_117_xTok_000955
schlufe	hineinschliefen	VVFIN	oov	tu_117_xTok_000957
bey	bei	APPR	Duden	tu_117_xTok_000959
dem	d	ART	Duden	tu_117_xTok_000961
Fenster	Fenster	NN	Duden	tu_117_xTok_000963
hinein	hinein	PTKVZ	Duden	tu_117_xTok_000965
<g/>
,
und	und	KON	Duden	tu_117_xTok_000967
enttruge	enttragen	VVFIN	Duden	tu_117_xTok_000969
ohne	ohne	APPR	Duden	tu_117_xTok_000971
Vermerkung	Vermerkung	NN	DWB	tu_117_xTok_000973
<g/>
,
der	d	ART	Duden	tu_117_xTok_000976
damals	damals	ADV	Duden	tu_117_xTok_000978
von	von	APPR	Duden	tu_117_xTok_000980
dem	d	ART	Duden	tu_117_xTok_000982
Schlaf	Schlaf	NN	Duden	tu_117_xTok_000984
nicht	nicht	PTKNEG	Duden	tu_117_xTok_000986
erwacheten	erwachen	ADJA	Duden	tu_117_xTok_000987
alten	alt	ADJA	Duden	tu_117_xTok_000989
Bäuerin	Bäuerin	NN	Duden	tu_117_xTok_000991
<g/>
,
und	und	KON	Duden	tu_117_xTok_000994
ihrer	ihr	PPOSAT	Duden	tu_117_xTok_000996
Tochter	Tochter	NN	Duden	tu_117_xTok_000998
fast	fast	ADV	Duden	tu_117_xTok_001000
all	all	PIAT	Duden	tu_117_xTok_001002
derselben	dieselbe	PDAT	Duden	tu_117_xTok_001004
Leibskleidungen	Leibskleidung	NN	oov	tu_117_xTok_001006
<g/>
,
und	und	KON	Duden	tu_117_xTok_001010
übrigen	übrig	ADJA	Duden	tu_117_xTok_001012
Hauseinrichtungen	Hauseinrichtung	NN	oov	tu_117_xTok_001014
<g/>
,
eröfneten	eröffnen	VVFIN	Duden	tu_117_xTok_001017
von	von	APPR	Duden	tu_117_xTok_001019
inwendig	inwendig	ADJD	Duden	tu_117_xTok_001021
die	d	ART	Duden	tu_117_xTok_001022
Hausthür	Haustür	NN	Duden	tu_117_xTok_001024
<g/>
,
ließen	lassen	VVFIN	Duden	tu_117_xTok_001027
solche	solch	PIS	Duden	tu_117_xTok_001029
offen	offen	ADJD	Duden	tu_117_xTok_001031
<g/>
,
und	und	KON	Duden	tu_117_xTok_001034
sie	sie	PPER	Duden	tu_117_xTok_001036
sind	sein	VAFIN	Duden	tu_117_xTok_001038
schon	schon	ADV	Duden	tu_117_xTok_001040
zween	zwei	CARD	Duden	tu_117_xTok_001042
Pixenschuße	Büchsenschuss	NN	Duden	tu_117_xTok_001044
weit	weit	ADJD	Duden	tu_117_xTok_001047
von	von	APPR	Duden	tu_117_xTok_001049
diesem	diese	PDAT	Duden	tu_117_xTok_001051
Hause	Haus	NN	Duden	tu_117_xTok_001053
fortgegangen	fortgehen	VVPP	Duden	tu_117_xTok_001055
<g/>
;
alldieweilen	alldieweil	KOUS	Duden	tu_117_xTok_001058
aber	aber	ADV	Duden	tu_117_xTok_001060
unter	unter	APPR	Duden	tu_117_xTok_001062
dem	d	ART	Duden	tu_117_xTok_001063
gestohlenen	stehlen	ADJA	Duden	tu_117_xTok_001065
Gut	Gut	NN	Duden	tu_117_xTok_001067
kein	kein	PIAT	Duden	tu_117_xTok_001069
Geld	Geld	NN	Duden	tu_117_xTok_001071
befindlich	befindlich	ADJD	Duden	tu_117_xTok_001073
ware	sein	VAFIN	Duden	tu_117_xTok_001075
<g/>
,
und	und	KON	Duden	tu_117_xTok_001078
ihnen	sie	PPER	Duden	tu_117_xTok_001080
vorhero	vorhero	ADV	DWB	tu_117_xTok_001082
vorgesagt	vorsagen	VVPP	Duden	tu_117_xTok_001083
worden	werden	VAPP	Duden	tu_117_xTok_001085
ist	sein	VAFIN	Duden	tu_117_xTok_001087
<g/>
,
daß	dass	KOUS	Duden	tu_117_xTok_001090
sie	sie	PPER	Duden	tu_117_xTok_001092
in	in	APPR	Duden	tu_117_xTok_001094
diesem	diese	PDAT	Duden	tu_117_xTok_001096
Hause	Haus	NN	Duden	tu_117_xTok_001098
wenigst	wenigstens	ADV	Duden	tu_117_xTok_001100
60.	60	CARD		tu_117_xTok_001102
fl.	Flore	NN	DWB	tu_117_xTok_001104
baares	bar	ADJA	Duden	tu_117_xTok_001107
Geld	Geld	NN	Duden	tu_117_xTok_001108
antreffen	antreffen	VVINF	Duden	tu_117_xTok_001110
würden	werden	VAFIN	Duden	tu_117_xTok_001112
<g/>
,
so	so	ADV	Duden	tu_117_xTok_001115
eiferete	aneifern	VVFIN	Duden	tu_117_xTok_001117
der	d	ART	Duden	tu_117_xTok_001119
Fuchs	Fuchs	NE	oov	tu_117_xTok_001121
Hänsel	Hänsel	NE	oov	tu_117_xTok_001123
die	d	ART	Duden	tu_117_xTok_001125
zween	zwei	CARD	Duden	tu_117_xTok_001127
übrigen	übrig	ADJ-NN	Duden	tu_117_xTok_001129
an	an	PTKVZ	Duden	tu_117_xTok_001132
<g/>
,
daß	dass	KOUS	Duden	tu_117_xTok_001135
sie	sie	PPER	Duden	tu_117_xTok_001137
alle	all	PIS	Duden	tu_117_xTok_001139
drey	drei	CARD	Duden	tu_117_xTok_001141
anwiederum	anwiederum	ADV	oov	tu_117_xTok_001143
zurückgiengen	zurückgehen	VVFIN	Duden	tu_117_xTok_001145
<g/>
,
und	und	KON	Duden	tu_117_xTok_001148
sich	sich	PRF	Duden	tu_117_xTok_001150
verabredeten	verabreden	VVFIN	Duden	tu_117_xTok_001152
<g/>
,
die	d	ART	Duden	tu_117_xTok_001156
Bäuerin	Bäuerin	NN	Duden	tu_117_xTok_001158
mit	mit	APPR	Duden	tu_117_xTok_001160
bedrohender	bedrohen	ADJA	Duden	tu_117_xTok_001162
Ermordung	Ermordung	NN	Duden	tu_117_xTok_001164
<g/>
,
dann	denn	KON	Duden	tu_117_xTok_001167
sie	sie	PPER	Duden	tu_117_xTok_001169
hatten	haben	VAFIN	Duden	tu_117_xTok_001171
zween	zwei	CARD	Duden	tu_117_xTok_001172
grosse	groß	ADJA	Duden	tu_117_xTok_001174
Säbeln	Säbel	NN	Duden	tu_117_xTok_001176
<g/>
,
und	und	KON	Duden	tu_117_xTok_001179
drey	drei	CARD	Duden	tu_117_xTok_001181
starke	stark	ADJA	Duden	tu_117_xTok_001183
mit	mit	APPR	Duden	tu_117_xTok_001185
eisenen	eisen	ADJA	Duden	tu_117_xTok_001187
Ringen	Ring	NN	Duden	tu_117_xTok_001189
beschlagene	beschlagen	ADJA	Duden	tu_117_xTok_001191
Stecken	Stecken	NN	Duden	tu_117_xTok_001194
bey	bei	APPR	Duden	tu_117_xTok_001196
sich	sich	PRF	Duden	tu_117_xTok_001198
<g/>
;
dann	dann	ADV	Duden	tu_117_xTok_001201
mit	mit	APPR	Duden	tu_117_xTok_001203
vielen	viel	PIAT	Duden	tu_117_xTok_001205
Schlägen	Schlag	NN	Duden	tu_117_xTok_001207
zu	zu	APPR	Duden	tu_117_xTok_001209
Ansagung	Ansagung	NN	DRW	tu_117_xTok_001211
des	d	ART	Duden	tu_117_xTok_001213
Geldes	Geld	NN	Duden	tu_117_xTok_001215
zu	zu	PTKZU	Duden	tu_117_xTok_001218
verhalten	verhalten	VVINF	Duden	tu_117_xTok_001220
<g/>
,
es	es	PPER	Duden	tu_117_xTok_001223
wurde	werden	VAFIN	Duden	tu_117_xTok_001225
auch	auch	ADV	Duden	tu_117_xTok_001227
sogleich	sogleich	ADV	Duden	tu_117_xTok_001229
die	d	ART	Duden	tu_117_xTok_001231
alte	alt	ADJA	Duden	tu_117_xTok_001233
<g/>
,
damals	damals	ADV	Duden	tu_117_xTok_001236
schon	schon	ADV	Duden	tu_117_xTok_001238
aufgewest	aufsein	ADJA	DWB	tu_117_xTok_001240
<g/>
,
und	und	KON	Duden	tu_117_xTok_001244
ein	ein	ART	Duden	tu_117_xTok_001246
Licht	Licht	NN	Duden	tu_117_xTok_001248
angezunden	anzünden	ADJA	Duden	tu_117_xTok_001250
gehabte	haben	ADJA	Duden	tu_117_xTok_001252
Bäuerin	Bäuerin	NN	Duden	tu_117_xTok_001254
auf	auf	APPR	Duden	tu_117_xTok_001256
die	d	ART	Duden	tu_117_xTok_001258
Erde	Erde	NN	Duden	tu_117_xTok_001262
geworfen	werfen	VVPP	Duden	tu_117_xTok_001263
<g/>
,
und	und	KON	Duden	tu_117_xTok_001266
sowohl	sowohl	KON	Duden	tu_117_xTok_001268
sie	sie	PPER	Duden	tu_117_xTok_001270
<g/>
,
als	als	KON	Duden	tu_117_xTok_001273
ihre	ihr	PPOSAT	Duden	tu_117_xTok_001275
20. jährige	zwanzigjährig	ADJA	Duden	tu_117_xTok_001277
in	in	APPR	Duden	tu_117_xTok_001281
Beth	Bett	NN	Duden	tu_117_xTok_001283
gelegene	liegen	ADJA	Duden	tu_117_xTok_001285
Tochter	Tochter	NN	Duden	tu_117_xTok_001287
mit	mit	APPR	Duden	tu_117_xTok_001290
Stricken	Strick	NN	Duden	tu_117_xTok_001292
an	an	APPR	Duden	tu_117_xTok_001294
Händen	Hand	NN	Duden	tu_117_xTok_001296
gebunden	binden	VVPP	Duden	tu_117_xTok_001298
<g/>
,
und	und	KON	Duden	tu_117_xTok_001301
mit	mit	APPR	Duden	tu_117_xTok_001303
der	d	ART	Duden	tu_117_xTok_001305
Fläche	Fläche	NN	Duden	tu_117_xTok_001307
der	d	ART	Duden	tu_117_xTok_001309
blossen	bloß	ADJA	Duden	tu_117_xTok_001311
Säbeln	Säbel	NN	Duden	tu_117_xTok_001314
<g/>
,
dann	dann	ADV	Duden	tu_117_xTok_001317
denen	d	ART	Duden	tu_117_xTok_001319
drey	drei	CARD	Duden	tu_117_xTok_001321
Stecken	Stecken	NN	Duden	tu_117_xTok_001323
sehr	sehr	ADV	Duden	tu_117_xTok_001325
hart	hart	ADJD	Duden	tu_117_xTok_001327
geschlagen	schlagen	VVPP	Duden	tu_117_xTok_001329
<g/>
,
bis	bis	KOUS	Duden	tu_117_xTok_001332
sie	sie	PPER	Duden	tu_117_xTok_001334
ihr	ihr	PPOSAT	Duden	tu_117_xTok_001335
weniges	wenig	PIS	Duden	tu_117_xTok_001337
damals	damals	ADV	Duden	tu_117_xTok_001339
im	im	APPRART	Duden	tu_117_xTok_001341
Hause	Haus	NN	Duden	tu_117_xTok_001343
gehabtes	haben	ADJA	Duden	tu_117_xTok_001345
<g/>
,
und	und	KON	Duden	tu_117_xTok_001348
nur	nur	ADV	Duden	tu_117_xTok_001350
in	in	APPR	Duden	tu_117_xTok_001352
6.	6	CARD		tu_117_xTok_001354
fl.	Flore	NN	DWB	tu_117_xTok_001356
bestandenes	bestehen	ADJA	Duden	tu_117_xTok_001359
Geld	Geld	NN	Duden	tu_117_xTok_001362
ansagte	ansagen	VVFIN	Duden	tu_117_xTok_001364
<g/>
;
dieses	diese	PDS	Duden	tu_117_xTok_001367
nahmen	nehmen	VVFIN	Duden	tu_117_xTok_001369
die	d	ART	Duden	tu_117_xTok_001371
Rauber	Räuber	NN	Duden	tu_117_xTok_001373
zu	zu	APPR	Duden	tu_117_xTok_001375
sich	sich	PRF	Duden	tu_117_xTok_001377
<g/>
,
und	und	KON	Duden	tu_117_xTok_001380
dem	d	ART	Duden	tu_117_xTok_001382
Kotscheber	Kotscheber	NE	oov	tu_117_xTok_001384
Sepel	Sepel	NE	oov	tu_117_xTok_001387
kam	kommen	VVFIN	Duden	tu_117_xTok_001389
hierüber	hierüber	PAV	Duden	tu_117_xTok_001391
die	d	ART	Duden	tu_117_xTok_001393
Begierde	Begierde	NN	Duden	tu_117_xTok_001395
<g/>
,
die	d	ART	Duden	tu_117_xTok_001398
im	im	APPRART	Duden	tu_117_xTok_001400
Beth	Bett	NN	Duden	tu_117_xTok_001402
gelegene	liegen	ADJA	Duden	tu_117_xTok_001404
an	an	APPR	Duden	tu_117_xTok_001406
Händen	Hand	NN	Duden	tu_117_xTok_001407
gebundene	binden	ADJA	Duden	tu_117_xTok_001409
Tochter	Tochter	NN	Duden	tu_117_xTok_001411
fleischlich	fleischlich	ADJD	Duden	tu_117_xTok_001413
zu	zu	PTKZU	Duden	tu_117_xTok_001415
genießen	genießen	VVINF	Duden	tu_117_xTok_001417
<g/>
;
der	d	ART	Duden	tu_117_xTok_001420
gegenwärtige	gegenwärtig	ADJA	Duden	tu_117_xTok_001422
Leyrer	Leyrer	NE	oov	tu_117_xTok_001423
Bärtl	Bärtl	NE	oov	tu_117_xTok_001425
verwachtete	verwachen	VVFIN	DWB	tu_117_xTok_001427
die	d	ART	Duden	tu_117_xTok_001429
in	in	APPR	Duden	tu_117_xTok_001431
dieser	diese	PDAT	Duden	tu_117_xTok_001433
Stube	Stube	NN	Duden	tu_117_xTok_001435
auf	auf	APPR	Duden	tu_117_xTok_001437
der	d	ART	Duden	tu_117_xTok_001439
Erde	Erde	NN	Duden	tu_117_xTok_001441
gelegene	liegen	ADJA	Duden	tu_117_xTok_001443
Mutter	Mutter	NN	Duden	tu_117_xTok_001444
mit	mit	APPR	Duden	tu_117_xTok_001446
entblößtem	entblößen	ADJA	Duden	tu_117_xTok_001448
Säbel	Säbel	NN	Duden	tu_117_xTok_001450
<g/>
,
der	d	ART	Duden	tu_117_xTok_001453
Kotscheber	Kotscheber	NE	oov	tu_117_xTok_001455
Sepel	Sepel	NE	oov	tu_117_xTok_001457
aber	aber	ADV	Duden	tu_117_xTok_001459
hat	haben	VAFIN	Duden	tu_117_xTok_001461
seinen	sein	PPOSAT	Duden	tu_117_xTok_001463
entblößten	entblößen	ADJA	Duden	tu_117_xTok_001464
Säbel	Säbel	NN	Duden	tu_117_xTok_001466
neben	neben	APPR	Duden	tu_117_xTok_001468
dem	d	ART	Duden	tu_117_xTok_001470
Beth	Bett	NN	Duden	tu_117_xTok_001472
der	d	ART	Duden	tu_117_xTok_001474
Tochter	Tochter	NN	Duden	tu_117_xTok_001476
geleget	legen	VVPP	Duden	tu_117_xTok_001478
<g/>
,
ihro	sie	PPER	Duden	tu_117_xTok_001481
<g/>
,
wenn	wenn	KOUS	Duden	tu_117_xTok_001484
sie	sie	PPER	Duden	tu_117_xTok_001485
selben	selbe	PDS	Duden	tu_117_xTok_001487
nicht	nicht	PTKNEG	Duden	tu_117_xTok_001489
alles	all	PIS	Duden	tu_117_xTok_001491
zuließe	zulassen	VVFIN	Duden	tu_117_xTok_001493
<g/>
,
mit	mit	APPR	Duden	tu_117_xTok_001496
Ermorden	ermorden	VVINF-NN	Duden	tu_117_xTok_001498
und	und	KON	Duden	tu_117_xTok_001500
Zerhauung	Zerhauung	NN	DWB	tu_117_xTok_001502
in	in	APPR	Duden	tu_117_xTok_001504
Stücke	Stück	NN	Duden	tu_117_xTok_001505
gedrohet	drohen	VVPP	Duden	tu_117_xTok_001507
<g/>
;
die	d	ART	Duden	tu_117_xTok_001510
Mutter	Mutter	NN	Duden	tu_117_xTok_001512
mußte	müssen	VMFIN	Duden	tu_117_xTok_001514
also	also	ADV	Duden	tu_117_xTok_001516
zusehen	zusehen	VVINF	Duden	tu_117_xTok_001518
<g/>
,
wie	wie	KOUS	Duden	tu_117_xTok_001521
dieser	diese	PDAT	Duden	tu_117_xTok_001523
Rauber	Räuber	NN	Duden	tu_117_xTok_001525
an	an	APPR	Duden	tu_117_xTok_001526
ihrer	ihr	PPOSAT	Duden	tu_117_xTok_001528
unschuldigen	unschuldig	ADJA	Duden	tu_117_xTok_001530
Tochter	Tochter	NN	Duden	tu_117_xTok_001532
seine	sein	PPOSAT	Duden	tu_117_xTok_001534
fleischliche	fleischlich	ADJA	Duden	tu_117_xTok_001536
Wohllust	Wollust	NN	Duden	tu_117_xTok_001538
gänzlich	gänzlich	ADJD	Duden	tu_117_xTok_001540
vollbrachte	vollbringen	VVFIN	Duden	tu_117_xTok_001542
<g/>
;
allein	allein	ADV	Duden	tu_117_xTok_001546
dieser	diese	PDAT	Duden	tu_117_xTok_001548
Gnuß	Genuss	NN	Duden	tu_117_xTok_001550
hat	haben	VAFIN	Duden	tu_117_xTok_001552
sein	sein	PPOSAT	Duden	tu_117_xTok_001554
Raubbegierde	Raubbegierde	NN	DWB	tu_117_xTok_001556
nicht	nicht	PTKNEG	Duden	tu_117_xTok_001558
ersättiget	ersättigen	VVPP	DWB	tu_117_xTok_001560
<g/>
;
er	er	PPER	Duden	tu_117_xTok_001562
<g/>
,
und	und	KON	Duden	tu_117_xTok_001565
dieser	diese	PDAT	Duden	tu_117_xTok_001567
Leyer	Leyer	NE	oov	tu_117_xTok_001569
Bärtl	Bärtl	NE	oov	tu_117_xTok_001571
giengen	angehen	VVFIN	Duden	tu_117_xTok_001573
die	d	ART	Duden	tu_117_xTok_001575
alte	alt	ADJA	Duden	tu_117_xTok_001577
Mutter	Mutter	NN	Duden	tu_117_xTok_001579
an	an	PTKVZ	Duden	tu_117_xTok_001581
<g/>
,
sie	sie	PPER	Duden	tu_117_xTok_001584
solle	sollen	VMFIN	Duden	tu_117_xTok_001586
das	d	ART	Duden	tu_117_xTok_001588
im	im	APPRART	Duden	tu_117_xTok_001589
Hause	Haus	NN	Duden	tu_117_xTok_001591
befindliche	befindlich	ADJA	Duden	tu_117_xTok_001593
mehrere	mehrere	PIAT	Duden	tu_117_xTok_001595
Geld	Geld	NN	Duden	tu_117_xTok_001597
ansagen	ansagen	VVINF	Duden	tu_117_xTok_001599
<g/>
,
und	und	KON	Duden	tu_117_xTok_001602
es	es	PPER	Duden	tu_117_xTok_001604
finge	anfangen	VVFIN	Duden	tu_117_xTok_001606
der	d	ART	Duden	tu_117_xTok_001608
Leyrer	Leyrer	NE	oov	tu_117_xTok_001610
Bärtl	Bärtl	NE	oov	tu_117_xTok_001613
mit	mit	APPR	Duden	tu_117_xTok_001615
einem	ein	ART	Duden	tu_117_xTok_001617
Spann	Span	NN	Duden	tu_117_xTok_001619
<g/>
,
der	d	ART	Duden	tu_117_xTok_001622
Kotscheber	Kotscheber	NE	oov	tu_117_xTok_001624
Sepl	Sepl	NE	oov	tu_117_xTok_001626
aber	aber	ADV	Duden	tu_117_xTok_001628
mit	mit	APPR	Duden	tu_117_xTok_001630
einer	ein	ART	Duden	tu_117_xTok_001632
Jnslichtkerzen	Unschlittkerze	NN	Duden	tu_117_xTok_001633
die	d	ART	Duden	tu_117_xTok_001635
Mutter	Mutter	NN	Duden	tu_117_xTok_001637
an	an	APPR	Duden	tu_117_xTok_001639
Füßen	Fuß	NN	Duden	tu_117_xTok_001641
zu	zu	PTKZU	Duden	tu_117_xTok_001643
brennen	brennen	VVINF	Duden	tu_117_xTok_001645
an	an	PTKVZ	Duden	tu_117_xTok_001647
<g/>
,
diese	diese	PDS	Duden	tu_117_xTok_001650
sagte	sagen	VVFIN	Duden	tu_117_xTok_001652
aus	aus	APPR	Duden	tu_117_xTok_001654
Uebermaß	Übermaß	NN	Duden	tu_117_xTok_001655
des	d	ART	Duden	tu_117_xTok_001657
Schmerzen	Schmerz	NN	Duden	tu_117_xTok_001659
<g/>
,
daß	dass	KOUS	Duden	tu_117_xTok_001662
bey	bei	APPR	Duden	tu_117_xTok_001664
dem	d	ART	Duden	tu_117_xTok_001666
Rauchfang	Rauchfang	NN	Duden	tu_117_xTok_001668
ein	ein	ART	Duden	tu_117_xTok_001670
Geld	Geld	NN	Duden	tu_117_xTok_001672
seye	sein	VAFIN	Duden	tu_117_xTok_001675
<g/>
:
beede	beide	PIAT	Duden	tu_117_xTok_001677
ersagte	ersagen	ADJA	DWB	tu_117_xTok_001679
Rauber	Räuber	NN	Duden	tu_117_xTok_001681
führten	führen	VVFIN	Duden	tu_117_xTok_001683
sie	sie	PPER	Duden	tu_117_xTok_001685
dahin	dahin	PAV	Duden	tu_117_xTok_001687
<g/>
,
alleinig	alleinig	ADJD	Duden	tu_117_xTok_001690
sie	sie	PPER	Duden	tu_117_xTok_001692
hatte	haben	VAFIN	Duden	tu_117_xTok_001694
kein	kein	PIAT	Duden	tu_117_xTok_001696
mehreres	mehrere	PIAT	Duden	tu_117_xTok_001698
Geld	Geld	NN	Duden	tu_117_xTok_001701
im	im	APPRART	Duden	tu_117_xTok_001703
Hause	Haus	NN	Duden	tu_117_xTok_001705
<g/>
,
als	als	KOKOM	Duden	tu_117_xTok_001708
was	was	PRELS	Duden	tu_117_xTok_001710
sie	sie	PPER	Duden	tu_117_xTok_001712
vorhero	vorhero	ADV	DWB	tu_117_xTok_001714
schon	schon	ADV	Duden	tu_117_xTok_001716
angesaget	ansagen	VVPP	Duden	tu_117_xTok_001718
hat	haben	VAFIN	Duden	tu_117_xTok_001720
<g/>
:
weil	weil	KOUS	Duden	tu_117_xTok_001723
also	also	ADV	Duden	tu_117_xTok_001724
kein	kein	PIAT	Duden	tu_117_xTok_001726
mehreres	mehrere	PIS	Duden	tu_117_xTok_001728
gefunden	finden	VVPP	Duden	tu_117_xTok_001730
werden	werden	VAINF	Duden	tu_117_xTok_001732
konnte	können	VMFIN	Duden	tu_117_xTok_001734
<g/>
,
und	und	KON	Duden	tu_117_xTok_001737
die	d	ART	Duden	tu_117_xTok_001739
Rauber	Räuber	NN	Duden	tu_117_xTok_001741
dieses	diese	PDS	Duden	tu_117_xTok_001743
nicht	nicht	PTKNEG	Duden	tu_117_xTok_001746
glauben	glauben	VVINF	Duden	tu_117_xTok_001748
wollten	wollen	VMFIN	Duden	tu_117_xTok_001750
<g/>
,
wurde	werden	VAFIN	Duden	tu_117_xTok_001753
die	d	ART	Duden	tu_117_xTok_001755
Mutter	Mutter	NN	Duden	tu_117_xTok_001757
anwiederum	anwiederum	ADV	oov	tu_117_xTok_001759
in	in	APPR	Duden	tu_117_xTok_001761
die	d	ART	Duden	tu_117_xTok_001763
Stube	Stube	NN	Duden	tu_117_xTok_001764
zurückgeführet	zurückführen	VVPP	Duden	tu_117_xTok_001766
<g/>
,
und	und	KON	Duden	tu_117_xTok_001769
mit	mit	APPR	Duden	tu_117_xTok_001771
einem	ein	ART	Duden	tu_117_xTok_001773
brennenden	brennend	ADJA	Duden	tu_117_xTok_001775
Spann	Span	NN	Duden	tu_117_xTok_001777
<g/>
,
dann	dann	ADV	Duden	tu_117_xTok_001780
bren )(3 nen, nender	brennend	ADJA	Duden	tu_117_xTok_001782
Jnslichtkerzen	Unschlittkerze	NN	Duden	tu_117_xTok_001789
durch	durch	APPR	Duden	tu_117_xTok_001791
eine	ein	ART	Duden	tu_117_xTok_001793
halbe	halb	ADJA	Duden	tu_117_xTok_001795
Stunde	Stunde	NN	Duden	tu_117_xTok_001797
lang	lang	ADJD	Duden	tu_117_xTok_001799
von	von	APPR	Duden	tu_117_xTok_001801
der	d	ART	Duden	tu_117_xTok_001803
Fußsohl	Fußsohle	NN	Duden	tu_117_xTok_001805
an	an	APZR	Duden	tu_117_xTok_001806
bis	bis	APPR	Duden	tu_117_xTok_001808
auf	auf	APPR	Duden	tu_117_xTok_001810
die	d	ART	Duden	tu_117_xTok_001812
Helfte	Hälfte	NN	Duden	tu_117_xTok_001814
ihres	ihr	PPOSAT	Duden	tu_117_xTok_001816
Leibs	Leib	NN	Duden	tu_117_xTok_001818
also	also	ADV	Duden	tu_117_xTok_001820
gebrennet	brennen	VVPP	Duden	tu_117_xTok_001822
<g/>
,
das	dass	KOUS	Duden	tu_117_xTok_001825
die	d	ART	Duden	tu_117_xTok_001827
ganze	ganz	ADJA	Duden	tu_117_xTok_001829
Haut	Haut	NN	Duden	tu_117_xTok_001831
eine	ein	ART	Duden	tu_117_xTok_001832
Brandrinde	Brandrinde	NN	oov	tu_117_xTok_001834
wurde	werden	VAFIN	Duden	tu_117_xTok_001836
<g/>
;
ja	ja	ADV	Duden	tu_117_xTok_001839
sie	sie	PPER	Duden	tu_117_xTok_001841
wurde	werden	VAFIN	Duden	tu_117_xTok_001843
auch	auch	ADV	Duden	tu_117_xTok_001845
an	an	APPR	Duden	tu_117_xTok_001847
Kopf	Kopf	NN	Duden	tu_117_xTok_001849
gestellet	stellen	VVPP	Duden	tu_117_xTok_001851
<g/>
,
ihro	sie	PPER	Duden	tu_117_xTok_001854
die	d	ART	Duden	tu_117_xTok_001855
Füße	Fuß	NN	Duden	tu_117_xTok_001857
von einander	voneinander	ADV	Duden	tu_117_xTok_001859
gerissen	reißen	VVPP	Duden	tu_117_xTok_001863
<g/>
,
und	und	KON	Duden	tu_117_xTok_001866
in	in	APPR	Duden	tu_117_xTok_001868
Mutterleib	Mutterleib	NN	Duden	tu_117_xTok_001870
gebrennet	brennen	VVPP	Duden	tu_117_xTok_001872
<g/>
.
Und	und	KON	Duden	tu_117_xTok_001875
dieser	diese	PDAT	Duden	tu_117_xTok_001876
Marter	Marter	NN	Duden	tu_117_xTok_001878
der	d	ART	Duden	tu_117_xTok_001880
Mutter	Mutter	NN	Duden	tu_117_xTok_001882
mußte	müssen	VMFIN	Duden	tu_117_xTok_001884
ihre	ihr	PPOSAT	Duden	tu_117_xTok_001886
im	im	APPRART	Duden	tu_117_xTok_001888
Bett	Bett	NN	Duden	tu_117_xTok_001890
gebundener	binden	ADJA	Duden	tu_117_xTok_001892
gelegene	liegen	ADJA	Duden	tu_117_xTok_001894
gleich	gleich	ADV	Duden	tu_117_xTok_001896
vorhero	vorhero	ADV	DWB	tu_117_xTok_001897
Liebs	Liebe	NN	Duden	tu_117_xTok_001899
genossene	genießen	ADJA	Duden	tu_117_xTok_001901
Tochter	Tochter	NN	Duden	tu_117_xTok_001903
zusehen	zusehen	VVINF	Duden	tu_117_xTok_001905
<g/>
;
sodann	sodann	ADV	Duden	tu_117_xTok_001908
wurden	werden	VAFIN	Duden	tu_117_xTok_001910
Beede	beide	PIS	Duden	tu_117_xTok_001912
auch	auch	ADV	Duden	tu_117_xTok_001914
an	an	APPR	Duden	tu_117_xTok_001915
Füßen	Fuß	NN	Duden	tu_117_xTok_001917
sehr	sehr	ADV	Duden	tu_117_xTok_001919
hart	hart	ADJD	Duden	tu_117_xTok_001921
gebunden	binden	VVPP	Duden	tu_117_xTok_001923
<g/>
,
und	und	KON	Duden	tu_117_xTok_001926
sogestaltig	sogestaltig	ADJD	oov	tu_117_xTok_001928
von	von	APPR	Duden	tu_117_xTok_001930
diesen	diese	PDAT	Duden	tu_117_xTok_001932
Böswichtern	Bösewicht	NN	Duden	tu_117_xTok_001934
verlassen	verlassen	VVPP	Duden	tu_117_xTok_001937
<g/>
.
Die	d	ART	Duden	tu_117_xTok_001940
gebrennte	brennen	ADJA	Duden	tu_117_xTok_001942
alte	alt	ADJA	Duden	tu_117_xTok_001944
Bäurin	Bäuerin	NN	Duden	tu_117_xTok_001946
ist	sein	VAFIN	Duden	tu_117_xTok_001948
in	in	APPR	Duden	tu_117_xTok_001950
14.	14	CARD		tu_117_xTok_001952
Tägen	Tag	NN	Duden	tu_117_xTok_001954
nach	nach	APPR	Duden	tu_117_xTok_001956
dieser	diese	PDAT	Duden	tu_117_xTok_001957
Brennung	Brennung	NN	DWB	tu_117_xTok_001959
durch	durch	APPR	Duden	tu_117_xTok_001961
immer	immer	ADV	Duden	tu_117_xTok_001963
gehabten	haben	ADJA	Duden	tu_117_xTok_001965
äußersten	äußerste	ADJA	Duden	tu_117_xTok_001967
Schmerzen	Schmerz	NN	Duden	tu_117_xTok_001969
<g/>
,
denen	d	PRELS	Duden	tu_117_xTok_001972
die	d	ART	Duden	tu_117_xTok_001973
gebrauchte	brauchen	ADJA	Duden	tu_117_xTok_001975
chyrurgische	chirurgisch	ADJA	Duden	tu_117_xTok_001977
Hilfsmitteln	Hilfsmittel	NN	Duden	tu_117_xTok_001979
wenig	wenig	PIAT	Duden	tu_117_xTok_001981
Linderung	Linderung	NN	Duden	tu_117_xTok_001983
<g/>
,
und	und	KON	Duden	tu_117_xTok_001986
keine	kein	PIAT	Duden	tu_117_xTok_001988
Heilung	Heilung	NN	Duden	tu_117_xTok_001989
verschaffen	verschaffen	VVINF	Duden	tu_117_xTok_001991
konnten	können	VMFIN	Duden	tu_117_xTok_001993
<g/>
,
verstorben	versterben	VVPP	Duden	tu_117_xTok_001996
<g/>
.
</p>
<p id="fb_17800427_BE_JN_p_0008">
Jn	in	APPR	Duden	tu_117_xTok_001998
acht	acht	CARD	Duden	tu_117_xTok_002000
Tägen	Tag	NN	Duden	tu_117_xTok_002002
darnach	darnach	PAV	Duden	tu_117_xTok_002004
gienge	gehen	VVFIN	Duden	tu_117_xTok_002006
gegen	gegen	APPR	Duden	tu_117_xTok_002008
Mitternacht	Mitternacht	NN	Duden	tu_117_xTok_002010
der	d	ART	Duden	tu_117_xTok_002012
Leyrer	Leyrer	NE	oov	tu_117_xTok_002014
Bartl	Bartl	NE	oov	tu_117_xTok_002015
<g/>
,
und	und	KON	Duden	tu_117_xTok_002018
der	d	ART	Duden	tu_117_xTok_002020
kleine	klein	ADJA	Duden	tu_117_xTok_002022
Oesterreicher	Österreicher	NE	oov	tu_117_xTok_002024
Sepel	Sepel	NE	oov	tu_117_xTok_002026
mit	mit	APPR	Duden	tu_117_xTok_002028
dem	d	ART	Duden	tu_117_xTok_002030
ersagten	ersagen	ADJA	DWB	tu_117_xTok_002032
Kotscheber	Kotscheber	NE	oov	tu_117_xTok_002034
<g/>
,
dann	dann	ADV	Duden	tu_117_xTok_002038
großen	groß	ADJA	Duden	tu_117_xTok_002040
Oesterreicher	Österreicher	NE	oov	tu_117_xTok_002042
Sepel	Sepel	NE	oov	tu_117_xTok_002044
zu	zu	APPR	Duden	tu_117_xTok_002046
den	d	ART	Duden	tu_117_xTok_002048
Haus	Haus	NN	Duden	tu_117_xTok_002050
des	d	ART	Duden	tu_117_xTok_002052
sogenannten	sogenannt	ADJA	Duden	tu_117_xTok_002054
Königanderl	Königanderl	NE	oov	tu_117_xTok_002057
<g/>
,
in	in	APPR	Duden	tu_117_xTok_002060
Sausal	Sausal	NE::top	oov	tu_117_xTok_002062
<g/>
;
sie	sie	PPER	Duden	tu_117_xTok_002065
hatten	haben	VAFIN	Duden	tu_117_xTok_002067
die	d	ART	Duden	tu_117_xTok_002069
zween	zwei	CARD	Duden	tu_117_xTok_002071
ersagten	ersagen	ADJA	DWB	tu_117_xTok_002073
Säbeln	Säbel	NN	Duden	tu_117_xTok_002075
<g/>
,
vier	vier	CARD	Duden	tu_117_xTok_002077
große	groß	ADJA	Duden	tu_117_xTok_002079
Stecken	Stecken	NN	Duden	tu_117_xTok_002081
<g/>
,
dann	dann	ADV	Duden	tu_117_xTok_002084
viele	viel	PIAT	Duden	tu_117_xTok_002086
Bindschnüre	Bindschnur	NN	DRW	tu_117_xTok_002088
bey	bei	APPR	Duden	tu_117_xTok_002090
sich	sich	PRF	Duden	tu_117_xTok_002092
<g/>
;
es	es	PPER	Duden	tu_117_xTok_002095
ware	sein	VAFIN	Duden	tu_117_xTok_002097
ihnen	sie	PPER	Duden	tu_117_xTok_002099
angegeben	angeben	VVPP	Duden	tu_117_xTok_002100
<g/>
,
daß	dass	KOUS	Duden	tu_117_xTok_002103
sie	sie	PPER	Duden	tu_117_xTok_002105
in	in	APPR	Duden	tu_117_xTok_002107
diesem	diese	PDAT	Duden	tu_117_xTok_002109
Hause	Haus	NN	Duden	tu_117_xTok_002111
ein	ein	ART	Duden	tu_117_xTok_002113
Brodkörbel	Brotkorb	NN	Duden	tu_117_xTok_002115
voll	voll	ADJD	Duden	tu_117_xTok_002117
mit	mit	APPR	Duden	tu_117_xTok_002119
Thallern	Taler	NN	Duden	tu_117_xTok_002121
antreffen	antreffen	VVINF	Duden	tu_117_xTok_002122
würden	werden	VAFIN	Duden	tu_117_xTok_002124
<g/>
,
weilen	weilen	KOUS	DWB	tu_117_xTok_002127
sie	sie	PPER	Duden	tu_117_xTok_002129
bey	bei	APPR	Duden	tu_117_xTok_002131
diesem	diese	PDAT	Duden	tu_117_xTok_002133
Hause	Haus	NN	Duden	tu_117_xTok_002135
die	d	ART	Duden	tu_117_xTok_002137
Hausthüre	Haustür	NN	Duden	tu_117_xTok_002139
von	von	APPR	Duden	tu_117_xTok_002141
auswendig	auswendig	ADJD	DWB	tu_117_xTok_002142
nicht	nicht	PTKNEG	Duden	tu_117_xTok_002144
einsprengen	einsprengen	VVINF	Duden	tu_117_xTok_002146
konnten	können	VMFIN	Duden	tu_117_xTok_002148
<g/>
,
zerschlugen	zerschlagen	VVFIN	Duden	tu_117_xTok_002151
sie	sie	PPER	Duden	tu_117_xTok_002153
alle	all	PIAT	Duden	tu_117_xTok_002155
Fenster	Fenster	NN	Duden	tu_117_xTok_002157
<g/>
,
ruffen	hineinrufen	VVFIN	Duden	tu_117_xTok_002160
hinein	hinein	PTKVZ	Duden	tu_117_xTok_002163
<g/>
:
machet	aufmachen	VVIMP	Duden	tu_117_xTok_002166
auf	auf	PTKVZ	Duden	tu_117_xTok_002168
und	und	KON	Duden	tu_117_xTok_002170
gebet	hergeben	VVIMP	Duden	tu_117_xTok_002172
all	all	PIAT	Duden	tu_117_xTok_002174
euer	euer	PPOSAT	Duden	tu_117_xTok_002176
Geld	Geld	NN	Duden	tu_117_xTok_002178
her	her	PTKVZ	Duden	tu_117_xTok_002180
<g/>
;
hierüber	hierüber	PAV	Duden	tu_117_xTok_002183
sprunge	springen	VVFIN	Duden	tu_117_xTok_002185
der	d	ART	Duden	tu_117_xTok_002188
Bauer	Bauer	NN	Duden	tu_117_xTok_002190
vom	vom	APPRART	Duden	tu_117_xTok_002192
Hause	Haus	NN	Duden	tu_117_xTok_002194
um	um	APPR	Duden	tu_117_xTok_002196
Hilf	Hilfe	NN	Duden	tu_117_xTok_002198
zu	zu	PTKZU	Duden	tu_117_xTok_002200
ruffen	rufen	VVINF	Duden	tu_117_xTok_002202
<g/>
;
die	d	ART	Duden	tu_117_xTok_002205
Bäuerin	Bäuerin	NN	Duden	tu_117_xTok_002207
aber	aber	ADV	Duden	tu_117_xTok_002209
versperrte	versperren	VVFIN	Duden	tu_117_xTok_002211
sich	sich	PRF	Duden	tu_117_xTok_002214
mit	mit	APPR	Duden	tu_117_xTok_002216
ihren	ihr	PPOSAT	Duden	tu_117_xTok_002218
drey	drei	CARD	Duden	tu_117_xTok_002220
kleinen	klein	ADJA	Duden	tu_117_xTok_002222
Kindern	Kind	NN	Duden	tu_117_xTok_002224
in	in	APPR	Duden	tu_117_xTok_002226
der	d	ART	Duden	tu_117_xTok_002228
Kuchelstube	Kuchelstube	NN	oov	tu_117_xTok_002230
<g/>
,
wurfe	herauswerfen	VVFIN	Duden	tu_117_xTok_002233
ihr	ihr	PPOSAT	Duden	tu_117_xTok_002236
Geld	Geld	NN	Duden	tu_117_xTok_002238
mit	mit	APPR	Duden	tu_117_xTok_002240
etlich	etlich	PIAT	Duden	tu_117_xTok_002242
60.	60	CARD		tu_117_xTok_002244
fl.	Flore	NN	DWB	tu_117_xTok_002246
bey	bei	APPR	Duden	tu_117_xTok_002249
dem	d	ART	Duden	tu_117_xTok_002251
Fenster	Fenster	NN	Duden	tu_117_xTok_002253
heraus	heraus	PTKVZ	Duden	tu_117_xTok_002255
<g/>
,
und	und	KON	Duden	tu_117_xTok_002258
bathe	bitten	VVFIN	Duden	tu_117_xTok_002260
um	um	APPR	Duden	tu_117_xTok_002261
ihr	ihr	PPOSAT	Duden	tu_117_xTok_002263
Leben	Leben	NN	Duden	tu_117_xTok_002265
<g/>
;
allein	allein	ADV	Duden	tu_117_xTok_002268
der	d	ART	Duden	tu_117_xTok_002270
große	groß	ADJA	Duden	tu_117_xTok_002272
Oesterreicher	Österreicher	NE	oov	tu_117_xTok_002274
Sepel	Sepel	NE	oov	tu_117_xTok_002276
hat	haben	VAFIN	Duden	tu_117_xTok_002278
den	d	ART	Duden	tu_117_xTok_002280
ausgesprungenen	ausspringen	ADJA	Duden	tu_117_xTok_002282
Bauern	Bauer	NN	Duden	tu_117_xTok_002285
mit	mit	APPR	Duden	tu_117_xTok_002287
seinem	sein	PPOSAT	Duden	tu_117_xTok_002289
großen	groß	ADJA	Duden	tu_117_xTok_002291
Stecken	Stecken	NN	Duden	tu_117_xTok_002293
einen	ein	ART	Duden	tu_117_xTok_002295
so	so	ADV	Duden	tu_117_xTok_002297
harten	hart	ADJA	Duden	tu_117_xTok_002299
Streich	Streich	NN	Duden	tu_117_xTok_002301
auf	auf	APPR	Duden	tu_117_xTok_002302
den	d	ART	Duden	tu_117_xTok_002304
Kopf	Kopf	NN	Duden	tu_117_xTok_002306
versetzet	versetzen	VVPP	Duden	tu_117_xTok_002308
<g/>
,
daß	dass	KOUS	Duden	tu_117_xTok_002311
er	er	PPER	Duden	tu_117_xTok_002313
alsogleich	alsogleich	ADV	Duden	tu_117_xTok_002315
fast	fast	ADV	Duden	tu_117_xTok_002317
Sinnen los	sinnenlos	ADJD	DWB	tu_117_xTok_002319
zu	zu	APPR	Duden	tu_117_xTok_002323
der	d	ART	Duden	tu_117_xTok_002325
Erde	Erde	NN	Duden	tu_117_xTok_002327
fiele	fallen	VVFIN	Duden	tu_117_xTok_002330
<g/>
.
</p>
<p id="fb_17800427_BE_JN_p_0009">
Der	d	ART	Duden	tu_117_xTok_002332
kleine	klein	ADJA	Duden	tu_117_xTok_002334
Oesterreicher	Österreicher	NE	oov	tu_117_xTok_002336
Sepel	Sepel	NE	oov	tu_117_xTok_002338
ist	sein	VAFIN	Duden	tu_117_xTok_002340
mit	mit	APPR	Duden	tu_117_xTok_002342
blossem	bloß	ADJA	Duden	tu_117_xTok_002344
Säbel	Säbel	NN	Duden	tu_117_xTok_002346
bey	bei	APPR	Duden	tu_117_xTok_002348
einem	ein	ART	Duden	tu_117_xTok_002350
Rauchstuben	Rauchstube	NN	DRW	tu_117_xTok_002353
Fenster	Fenster	NN	Duden	tu_117_xTok_002355
eingeschloffen	einschliefen	VVPP	DWB	tu_117_xTok_002357
<g/>
,
hat	haben	VAFIN	Duden	tu_117_xTok_002360
von	von	APPR	Duden	tu_117_xTok_002362
inwendig	inwendig	ADJD	Duden	tu_117_xTok_002364
die	d	ART	Duden	tu_117_xTok_002366
Hausthür	Haustür	NN	Duden	tu_117_xTok_002368
eröffnet	eröffnen	VVPP	Duden	tu_117_xTok_002371
<g/>
,
seine	sein	PPOSAT	Duden	tu_117_xTok_002374
Kameraden	Kamerad	NN	Duden	tu_117_xTok_002376
hineingelassen	hineinlassen	VVPP	Duden	tu_117_xTok_002378
<g/>
,
und	und	KON	Duden	tu_117_xTok_002381
diese	diese	PDS	Duden	tu_117_xTok_002383
haben	haben	VAFIN	Duden	tu_117_xTok_002385
hernach	hernach	ADV	Duden	tu_117_xTok_002386
die	d	ART	Duden	tu_117_xTok_002388
sehr	sehr	ADV	Duden	tu_117_xTok_002390
wohl verwahrte	wohlverwahrt	ADJA	Duden	tu_117_xTok_002392
Kuchelstubentür	Kuchelstubentür	NN	oov	tu_117_xTok_002396
mit	mit	APPR	Duden	tu_117_xTok_002398
einem	ein	ART	Duden	tu_117_xTok_002400
Steinkrampen	Steinkrampe	NN	DWB	tu_117_xTok_002402
zerschlagen	zerschlagen	VVPP	Duden	tu_117_xTok_002405
<g/>
,
sie	sie	PPER	Duden	tu_117_xTok_002408
zohen	hineinziehen	VVFIN	Duden	tu_117_xTok_002410
den	d	ART	Duden	tu_117_xTok_002412
zu	zu	PTKZU	Duden	tu_117_xTok_002414
gehen	gehen	VVINF	Duden	tu_117_xTok_002416
nicht	nicht	PTKNEG	Duden	tu_117_xTok_002418
mehr	mehr	ADV	Duden	tu_117_xTok_002420
vermögend	vermögen	ADJD	Duden	tu_117_xTok_002422
gewesten	sein	ADJA	Duden	tu_117_xTok_002423
Bauern	Bauer	NN	Duden	tu_117_xTok_002425
in	in	APPR	Duden	tu_117_xTok_002427
die	d	ART	Duden	tu_117_xTok_002429
Kuchelstube	Kuchelstube	NN	oov	tu_117_xTok_002431
hinein	hinein	PTKVZ	Duden	tu_117_xTok_002433
<g/>
,
banden	binden	VVFIN	Duden	tu_117_xTok_002436
solchen	solch	PIS	Duden	tu_117_xTok_002438
an	an	APPR	Duden	tu_117_xTok_002440
Hände	Hand	NN	Duden	tu_117_xTok_002442
und	und	KON	Duden	tu_117_xTok_002445
Füße	Fuß	NN	Duden	tu_117_xTok_002447
so	so	ADV	Duden	tu_117_xTok_002449
hart	hart	ADJD	Duden	tu_117_xTok_002451
<g/>
,
daß	dass	KOUS	Duden	tu_117_xTok_002454
die	d	ART	Duden	tu_117_xTok_002456
Bindschnüre	Bindschnur	NN	DRW	tu_117_xTok_002458
durch	durch	APPR	Duden	tu_117_xTok_002460
Haut	Haut	NN	Duden	tu_117_xTok_002462
und	und	KON	Duden	tu_117_xTok_002464
Fleisch	Fleisch	NN	Duden	tu_117_xTok_002466
bis	bis	APPR	Duden	tu_117_xTok_002467
auf	auf	APPR	Duden	tu_117_xTok_002469
die	d	ART	Duden	tu_117_xTok_002471
Sehnadern	Sehnader	NN	DWB	tu_117_xTok_002473
drungen	dringen	VVFIN	Duden	tu_117_xTok_002475
<g/>
.
Der	d	ART	Duden	tu_117_xTok_002478
Bäuerinn	Bäuerin	NN	Duden	tu_117_xTok_002480
machten	machen	VVFIN	Duden	tu_117_xTok_002482
sie	sie	PPER	Duden	tu_117_xTok_002484
einen	ein	ART	Duden	tu_117_xTok_002486
Klang	Klank	NN	DWB	tu_117_xTok_002487
um	um	APPR	Duden	tu_117_xTok_002489
den	d	ART	Duden	tu_117_xTok_002491
Hals	Hals	NN	Duden	tu_117_xTok_002493
<g/>
,
und	und	KON	Duden	tu_117_xTok_002496
banden	binden	VVFIN	Duden	tu_117_xTok_002498
ihro	sie	PPER	Duden	tu_117_xTok_002500
sogestaltig	sogestaltig	ADJD	oov	tu_117_xTok_002502
beede	beide	PIAT	Duden	tu_117_xTok_002504
Hände	Hand	NN	Duden	tu_117_xTok_002506
hinzu	hinzu	ADV	Duden	tu_117_xTok_002508
<g/>
,
daß	dass	KOUS	Duden	tu_117_xTok_002512
sie	sie	PPER	Duden	tu_117_xTok_002514
sich	sich	PRF	Duden	tu_117_xTok_002516
allmalig	allmalig	ADJD	oov	tu_117_xTok_002518
würgte	würgen	VVFIN	Duden	tu_117_xTok_002520
<g/>
,
so oft	sooft	KON	Duden	tu_117_xTok_002523
sie	sie	PPER	Duden	tu_117_xTok_002527
eine	ein	ART	Duden	tu_117_xTok_002529
Hand	Hand	NN	Duden	tu_117_xTok_002531
bewegte	bewegen	VVFIN	Duden	tu_117_xTok_002533
<g/>
;
sie	sie	PPER	Duden	tu_117_xTok_002536
begnügten	begnügen	VVFIN	Duden	tu_117_xTok_002537
sich	sich	PRF	Duden	tu_117_xTok_002539
nicht	nicht	PTKNEG	Duden	tu_117_xTok_002541
mit	mit	APPR	Duden	tu_117_xTok_002543
denen	d	ART	Duden	tu_117_xTok_002545
für	für	APPR	Duden	tu_117_xTok_002547
das	d	ART	Duden	tu_117_xTok_002549
Fenster	Fenster	NN	Duden	tu_117_xTok_002551
hinausgeworfenen	hinauswerfen	ADJA	Duden	tu_117_xTok_002553
60.	60	CARD		tu_117_xTok_002555
Gulden	Gulden	NN	Duden	tu_117_xTok_002556
Geld	Geld	NN	Duden	tu_117_xTok_002558
<g/>
,
sondern	sondern	KON	Duden	tu_117_xTok_002561
sie	sie	PPER	Duden	tu_117_xTok_002563
wollten	wollen	VMFIN	Duden	tu_117_xTok_002565
noch	noch	ADV	Duden	tu_117_xTok_002567
ein	ein	ART	Duden	tu_117_xTok_002569
Leiz Körbel	Leizkorb	NN	oov	tu_117_xTok_002571
voll	voll	ADJD	Duden	tu_117_xTok_002575
Thaller	Taler	NN	Duden	tu_117_xTok_002577
erpressen	erpressen	VVINF	Duden	tu_117_xTok_002578
<g/>
,
sie	sie	PPER	Duden	tu_117_xTok_002581
zerhackten	zerhacken	VVFIN	Duden	tu_117_xTok_002583
mehrere	mehrere	PIAT	Duden	tu_117_xTok_002585
Drühen	Truhe	NN	Duden	tu_117_xTok_002587
<g/>
,
Kasten	Kasten	NN	Duden	tu_117_xTok_002590
und	und	KON	Duden	tu_117_xTok_002592
Fässer	Fass	NN	Duden	tu_117_xTok_002594
<g/>
,
um	um	KOUI	Duden	tu_117_xTok_002597
diese	diese	PDAT	Duden	tu_117_xTok_002598
Thaler	Taler	NN	Duden	tu_117_xTok_002600
zu	zu	PTKZU	Duden	tu_117_xTok_002602
finden	finden	VVINF	Duden	tu_117_xTok_002604
<g/>
;
sie	sie	PPER	Duden	tu_117_xTok_002607
schlugen	schlagen	VVFIN	Duden	tu_117_xTok_002609
die	d	ART	Duden	tu_117_xTok_002611
Bäuerinn	Bäuerin	NN	Duden	tu_117_xTok_002613
sehr	sehr	ADV	Duden	tu_117_xTok_002615
hart	hart	ADJD	Duden	tu_117_xTok_002617
mit	mit	APPR	Duden	tu_117_xTok_002619
blossen	bloß	ADJA	Duden	tu_117_xTok_002621
Säbeln	Säbel	NN	Duden	tu_117_xTok_002624
und	und	KON	Duden	tu_117_xTok_002626
grossen	groß	ADJA	Duden	tu_117_xTok_002628
Stecken	Stecken	NN	Duden	tu_117_xTok_002630
<g/>
,
daß	dass	KOUS	Duden	tu_117_xTok_002633
sie	sie	PPER	Duden	tu_117_xTok_002635
zuletzt	zuletzt	ADV	Duden	tu_117_xTok_002637
ganz	ganz	ADV	Duden	tu_117_xTok_002639
Sinnenlos	sinnenlos	ADJD	DWB	tu_117_xTok_002641
wurde	werden	VAFIN	Duden	tu_117_xTok_002642
<g/>
.
Der	d	ART	Duden	tu_117_xTok_002645
Bauer	Bauer	NN	Duden	tu_117_xTok_002647
hingegen	hingegen	ADV	Duden	tu_117_xTok_002649
hat	haben	VAFIN	Duden	tu_117_xTok_002651
<g/>
,
damit	damit	KOUS	Duden	tu_117_xTok_002654
er	er	PPER	Duden	tu_117_xTok_002656
diese	diese	PDAT	Duden	tu_117_xTok_002658
nie	nie	ADV	Duden	tu_117_xTok_002660
gehabte	haben	ADJA	Duden	tu_117_xTok_002662
Thaller	Taler	NN	Duden	tu_117_xTok_002664
ansagete	ansagen	VVFIN	Duden	tu_117_xTok_002665
<g/>
,
zween	zwei	CARD	Duden	tu_117_xTok_002668
harte	hart	ADJA	Duden	tu_117_xTok_002670
Säbelhieb	Säbelhieb	NN	Duden	tu_117_xTok_002672
in	in	APPR	Duden	tu_117_xTok_002674
einem	ein	ART	Duden	tu_117_xTok_002676
Fuß	Fuß	NN	Duden	tu_117_xTok_002678
bekommen	bekommen	VVPP	Duden	tu_117_xTok_002680
<g/>
;
an	an	APPR	Duden	tu_117_xTok_002683
eine	ein	ART	Duden	tu_117_xTok_002685
Hand	Hand	NN	Duden	tu_117_xTok_002686
sind	sein	VAFIN	Duden	tu_117_xTok_002688
ihm	er	PPER	Duden	tu_117_xTok_002690
zween	zwei	CARD	Duden	tu_117_xTok_002692
Finger	Finger	NN	Duden	tu_117_xTok_002694
sogestaltig	sogestaltig	ADJD	oov	tu_117_xTok_002696
abgeschlagen	abschlagen	VVPP	Duden	tu_117_xTok_002698
worden	werden	VAPP	Duden	tu_117_xTok_002700
<g/>
,
daß	dass	KOUS	Duden	tu_117_xTok_002703
die	d	ART	Duden	tu_117_xTok_002704
Beinsplittern	Beinsplitter	NN	oov	tu_117_xTok_002706
weit	weit	ADJD	Duden	tu_117_xTok_002708
vor	vor	APPR	Duden	tu_117_xTok_002710
die	d	ART	Duden	tu_117_xTok_002712
Haut	Haut	NN	Duden	tu_117_xTok_002714
hervorstunden	hervorstehen	VVFIN	Duden	tu_117_xTok_002716
<g/>
,
sogestaltig	sogestaltig	ADJD	oov	tu_117_xTok_002719
sind	sein	VAFIN	Duden	tu_117_xTok_002721
auch	auch	ADV	Duden	tu_117_xTok_002722
die	d	ART	Duden	tu_117_xTok_002724
Splitter	Splitter	NN	Duden	tu_117_xTok_002726
von	von	APPR	Duden	tu_117_xTok_002728
dem	d	ART	Duden	tu_117_xTok_002730
zerschlagenen	zerschlagen	ADJA	Duden	tu_117_xTok_002732
Nasenbein	Nasenbein	NN	Duden	tu_117_xTok_002734
<g/>
,
und	und	KON	Duden	tu_117_xTok_002737
Kühnbacken	Kinnbacke	NN	Duden	tu_117_xTok_002739
hervorgestanden	hervorstehen	VVPP	Duden	tu_117_xTok_002742
<g/>
:
Die	d	ART	Duden	tu_117_xTok_002745
Hirnschalle	Hirnschale	NN	Duden	tu_117_xTok_002747
ware	sein	VAFIN	Duden	tu_117_xTok_002749
am	am	APPRART	Duden	tu_117_xTok_002751
mehreren	mehrere	PIAT	Duden	tu_117_xTok_002753
Orten	Ort	NN	Duden	tu_117_xTok_002755
zersprenget	zersprengen	ADJD	Duden	tu_117_xTok_002757
<g/>
,
es	es	PPER	Duden	tu_117_xTok_002761
sind	sein	VAFIN	Duden	tu_117_xTok_002763
an	an	APPR	Duden	tu_117_xTok_002765
ihm	er	PPER	Duden	tu_117_xTok_002767
zween	zwei	CARD	Duden	tu_117_xTok_002769
Säbel	Säbel	NN	Duden	tu_117_xTok_002771
und	und	KON	Duden	tu_117_xTok_002773
der	d	ART	Duden	tu_117_xTok_002775
Schaft	Schaft	NN	Duden	tu_117_xTok_002777
von	von	APPR	Duden	tu_117_xTok_002779
einer	ein	ART	Duden	tu_117_xTok_002781
Flinte	Flinte	NN	Duden	tu_117_xTok_002782
abgeschlagen	abschlagen	VVPP	Duden	tu_117_xTok_002784
worden	werden	VAPP	Duden	tu_117_xTok_002786
<g/>
.
Die	d	ART	Duden	tu_117_xTok_002789
vier	vier	CARD	Duden	tu_117_xTok_002791
Mörder	Mörder	NN	Duden	tu_117_xTok_002793
sahen	sehen	VVFIN	Duden	tu_117_xTok_002795
<g/>
,
daß	dass	KOUS	Duden	tu_117_xTok_002798
der	d	ART	Duden	tu_117_xTok_002800
Bauer	Bauer	NN	Duden	tu_117_xTok_002801
zur	zur	APPRART	Duden	tu_117_xTok_002803
nächsten	nächste	ADJA	Duden	tu_117_xTok_002805
Versterbung	Versterbung	NN	DWB	tu_117_xTok_002807
schon	schon	ADV	Duden	tu_117_xTok_002809
geschlagen	schlagen	VVPP	Duden	tu_117_xTok_002811
seye	sein	VAFIN	Duden	tu_117_xTok_002813
<g/>
.
</p>
<p id="fb_17800427_BE_JN_p_0010">
Der	d	ART	Duden	tu_117_xTok_002815
kleine	klein	ADJA	Duden	tu_117_xTok_002817
Oesterreicher	Österreicher	ADJA	Duden	tu_117_xTok_002819
Sepel	Sepel	NE	oov	tu_117_xTok_002819b
machte	machen	VVFIN	Duden	tu_117_xTok_002821
ihnen	sie	PPER	Duden	tu_117_xTok_002823
den	d	ART	Duden	tu_117_xTok_002825
Vortrag	Vortrag	NN	Duden	tu_117_xTok_002827
<g/>
,
daß	dass	KOUS	Duden	tu_117_xTok_002830
vielleicht	vielleicht	ADV	Duden	tu_117_xTok_002831
das	d	ART	Duden	tu_117_xTok_002833
Aufziehen	aufziehen	VVINF-NN	Duden	tu_117_xTok_002835
bey	bei	APPR	Duden	tu_117_xTok_002837
den	d	ART	Duden	tu_117_xTok_002839
Füßen	Fuß	NN	Duden	tu_117_xTok_002841
<g/>
,
und	und	KON	Duden	tu_117_xTok_002844
Brennung	Brennung	NN	DWB	tu_117_xTok_002846
mit	mit	APPR	Duden	tu_117_xTok_002848
angezundenen	anzünden	ADJA	Duden	tu_117_xTok_002850
Kerzen	Kerze	NN	Duden	tu_117_xTok_002853
noch	noch	ADV	Duden	tu_117_xTok_002855
etwas	etwas	PIS	Duden	tu_117_xTok_002857
fruchten	fruchten	VVFIN	Duden	tu_117_xTok_002859
möchte	mögen	VMFIN	Duden	tu_117_xTok_002861
<g/>
,
damit	damit	KOUS	Duden	tu_117_xTok_002864
der	d	ART	Duden	tu_117_xTok_002866
Bauer	Bauer	NN	Duden	tu_117_xTok_002868
die	d	ART	Duden	tu_117_xTok_002870
verborgene	verborgen	ADJA	Duden	tu_117_xTok_002872
Thaller	Taler	NN	Duden	tu_117_xTok_002874
ansage	ansagen	VVFIN	Duden	tu_117_xTok_002876
<g/>
;
es	es	PPER	Duden	tu_117_xTok_002879
wurde	werden	VAFIN	Duden	tu_117_xTok_002881
alsogleich	alsogleich	ADV	Duden	tu_117_xTok_002883
eine	ein	ART	Duden	tu_117_xTok_002885
lange	lang	ADJA	Duden	tu_117_xTok_002887
Kette	Kette	NN	Duden	tu_117_xTok_002889
ihm	er	PPER	Duden	tu_117_xTok_002891
an	an	APPR	Duden	tu_117_xTok_002893
beede	beide	PIAT	Duden	tu_117_xTok_002895
Füß	Fuß	NN	Duden	tu_117_xTok_002897
gebunden	binden	VVPP	Duden	tu_117_xTok_002899
<g/>
,
und	und	KON	Duden	tu_117_xTok_002902
er	er	PPER	Duden	tu_117_xTok_002904
mit	mit	APPR	Duden	tu_117_xTok_002906
solcher	solch	PIS	Duden	tu_117_xTok_002908
an	an	APPR	Duden	tu_117_xTok_002910
dem	d	ART	Duden	tu_117_xTok_002912
Drambaum	Trambaum	NN	DWB	tu_117_xTok_002914
dieser	diese	PDAT	Duden	tu_117_xTok_002916
Kuchelstube	Kuchelstube	NN	oov	tu_117_xTok_002919
aufgezogen	aufziehen	VVPP	Duden	tu_117_xTok_002921
<g/>
,
sodann	sodann	ADV	Duden	tu_117_xTok_002924
eine	ein	ART	Duden	tu_117_xTok_002926
Waxkerze	Wachskerze	NN	Duden	tu_117_xTok_002928
vierfach	vierfach	ADJD	Duden	tu_117_xTok_002930
zusammen	zusammen	PTKVZ	Duden	tu_117_xTok_002932
gedrähet	zusammendrehen	VVPP	Duden	tu_117_xTok_002934
<g/>
,
und	und	KON	Duden	tu_117_xTok_002937
der	d	ART	Duden	tu_117_xTok_002939
bey	bei	APPR	Duden	tu_117_xTok_002941
den	d	ART	Duden	tu_117_xTok_002943
Füßen	Fuß	NN	Duden	tu_117_xTok_002945
aufgehängte	aufhängen	ADJA	Duden	tu_117_xTok_002947
Bauer	Bauer	NN	Duden	tu_117_xTok_002949
mit	mit	APPR	Duden	tu_117_xTok_002951
solcher	solch	PIS	Duden	tu_117_xTok_002953
um	um	APPR	Duden	tu_117_xTok_002955
den	d	ART	Duden	tu_117_xTok_002957
Zähen	Zeh	NN	Duden	tu_117_xTok_002959
<g/>
,
und	und	KON	Duden	tu_117_xTok_002962
an	an	APPR	Duden	tu_117_xTok_002964
dem	d	ART	Duden	tu_117_xTok_002966
Leib	Leib	NN	Duden	tu_117_xTok_002968
gebrennet	brennen	VVPP	Duden	tu_117_xTok_002970
<g/>
.
Er	er	PPER	Duden	tu_117_xTok_002973
hat	haben	VAFIN	Duden	tu_117_xTok_002975
durch	durch	APPR	Duden	tu_117_xTok_002977
dieses	diese	PDAT	Duden	tu_117_xTok_002979
Aufziehen	aufziehen	VVINF-NN	Duden	tu_117_xTok_002981
<g/>
,
wegen	wegen	APPR	Duden	tu_117_xTok_002985
den	d	ART	Duden	tu_117_xTok_002987
tödtlichen	tödlich	ADJA	Duden	tu_117_xTok_002989
Wunden	Wunde	NN	Duden	tu_117_xTok_002991
im	im	APPRART	Duden	tu_117_xTok_002993
Kopf	Kopf	NN	Duden	tu_117_xTok_002995
sogleich	sogleich	ADV	Duden	tu_117_xTok_002997
verschmachten	verschmachten	VVPP	Duden	tu_117_xTok_002999
müssen	müssen	VMPP	Duden	tu_117_xTok_003001
<g/>
;
er	er	PPER	Duden	tu_117_xTok_003004
ist	sein	VAFIN	Duden	tu_117_xTok_003006
aber	aber	ADV	Duden	tu_117_xTok_003008
gleichwohlen	gleichwohl	ADV	Duden	tu_117_xTok_003010
eine	ein	ART	Duden	tu_117_xTok_003012
Viertelstunde	Viertelstunde	NN	Duden	tu_117_xTok_003014
lang	lang	ADJD	Duden	tu_117_xTok_003016
bey	bei	APPR	Duden	tu_117_xTok_003018
denen	d	ART	Duden	tu_117_xTok_003020
Füßen	Fuß	NN	Duden	tu_117_xTok_003022
aufgehängter	aufhängen	ADJD	Duden	tu_117_xTok_003024
gelassen	lassen	VVPP	Duden	tu_117_xTok_003026
<g/>
,
sodann	sodann	ADV	Duden	tu_117_xTok_003029
als	als	KOKOM	Duden	tu_117_xTok_003031
todter	Toter	NN	Duden	tu_117_xTok_003033
herabgenommen	herabnehmen	VVPP	oov	tu_117_xTok_003035
<g/>
,
und	und	KON	Duden	tu_117_xTok_003038
auf	auf	APPR	Duden	tu_117_xTok_003040
sein	sein	PPOSAT	Duden	tu_117_xTok_003042
Sinnenlos	sinnenlos	ADJD	DWB	tu_117_xTok_003044
geschlagenes	schlagen	ADJA	Duden	tu_117_xTok_003046
<g/>
,
von	von	APPR	Duden	tu_117_xTok_003049
denen	d	ART	Duden	tu_117_xTok_003051
Mördern	Mörder	NN	Duden	tu_117_xTok_003053
zu	zu	PTKZU	Duden	tu_117_xTok_003055
leben	leben	VVINF	Duden	tu_117_xTok_003057
annoch	annoch	ADV	Duden	tu_117_xTok_003059
geglaubtes	glauben	ADJA	Duden	tu_117_xTok_003061
<g/>
,
und	und	KON	Duden	tu_117_xTok_003064
auch	auch	ADV	Duden	tu_117_xTok_003066
mit	mit	APPR	Duden	tu_117_xTok_003068
Leben	Leben	NN	Duden	tu_117_xTok_003070
davon gekommenes	davonkommen	ADJA	Duden	tu_117_xTok_003072
Weib	Weib	NN	Duden	tu_117_xTok_003076
<g/>
,
hinauf	hinauf	ADV	Duden	tu_117_xTok_003079
geworfen	werfen	VVPP	Duden	tu_117_xTok_003081
worden	werden	VAPP	Duden	tu_117_xTok_003083
<g/>
.
</p>
<p id="fb_17800427_BE_JN_p_0011">
Die	d	ART	Duden	tu_117_xTok_003085
vier	vier	CARD	Duden	tu_117_xTok_003087
Mörder	Mörder	NN	Duden	tu_117_xTok_003089
haben	haben	VAFIN	Duden	tu_117_xTok_003091
in	in	APPR	Duden	tu_117_xTok_003093
diesem	diese	PDAT	Duden	tu_117_xTok_003095
Hause	Haus	NN	Duden	tu_117_xTok_003097
alle	all	PIAT	Duden	tu_117_xTok_003099
gefundene	finden	ADJA	Duden	tu_117_xTok_003101
Habschaften	Habschaft	NN	Duden	tu_117_xTok_003103
<g/>
,
und	und	KON	Duden	tu_117_xTok_003107
66.	66	CARD		tu_117_xTok_003109
fl.	Flore	NN	DWB	tu_117_xTok_003111
40.	40	CARD		tu_117_xTok_003114
kr.	Kreuzer	NN	Duden	tu_117_xTok_003116
baares	bar	ADJA	Duden	tu_117_xTok_003119
Geld	Geld	NN	Duden	tu_117_xTok_003121
entragen	enttragen	VVPP	DWB	tu_117_xTok_003123
<g/>
.
</p>
<p id="fb_17800427_BE_JN_p_0012">
Der	d	ART	Duden	tu_117_xTok_003126
zweyte	zweite	ADJA	Duden	tu_117_xTok_003128
Missethäter	Missetäter	NN	Duden	tu_117_xTok_003130
<persName id="jn117">
J.	J.	NE	oov	tu_117_xTok_003132
N.	N.	NE	oov	tu_117_xTok_003135
vulgo	vulgo	ADV	Duden	tu_117_xTok_003138
kleine	klein	ADJA	Duden	tu_117_xTok_003140
Oesterreicher	Österreicher	NE	oov	tu_117_xTok_003142
Sepel	Sepel	NE	oov	tu_117_xTok_003144
</persName>
<g/>
,
19.	19	CARD		tu_117_xTok_003148
Jahr	Jahr	NN	Duden	tu_117_xTok_003150
alt	alt	ADJD	Duden	tu_117_xTok_003152
<g/>
,
zu	zu	APPR	Duden	tu_117_xTok_003155
<placeName id="pn117b">
Bayern	Bayern	NE::top	Duden	tu_117_xTok_003157
in	in	APPR	Duden	tu_117_xTok_003159
Schartindischen	Schartindisch	ADJA	oov	tu_117_xTok_003161
Antheil	Anteil	NN	Duden	tu_117_xTok_003163
</placeName>
gebürtig	gebürtig	ADJD	Duden	tu_117_xTok_003165
<g/>
,
katholisch	katholisch	ADJD	Duden	tu_117_xTok_003168
<g/>
,
hat	haben	VAFIN	Duden	tu_117_xTok_003171
einbekennet	einbekennen	VVPP	Duden	tu_117_xTok_003173
<g/>
,
daß	dass	KOUS	Duden	tu_117_xTok_003176
er	er	PPER	Duden	tu_117_xTok_003178
ein	ein	ART	Duden	tu_117_xTok_003180
Abdeckers	Abdecker	NN	Duden	tu_117_xTok_003182
Sohn	Sohn	NN	Duden	tu_117_xTok_003184
seye	sein	VAFIN	Duden	tu_117_xTok_003186
<g/>
,
in	in	APPR	Duden	tu_117_xTok_003189
seinem	sein	PPOSAT	Duden	tu_117_xTok_003191
Leben	Leben	NN	Duden	tu_117_xTok_003193
keine	kein	PIAT	Duden	tu_117_xTok_003195
Stunde	Stunde	NN	Duden	tu_117_xTok_003197
gearbeitet	arbeiten	VVPP	Duden	tu_117_xTok_003199
<g/>
,
und	und	KON	Duden	tu_117_xTok_003202
sich	sich	PRF	Duden	tu_117_xTok_003204
gemeinnutzlich	gemeinnutzlich	ADJD	oov	tu_117_xTok_003206
bezeiget	bezeigen	VVPP	Duden	tu_117_xTok_003208
<g/>
,
sondern	sondern	KON	Duden	tu_117_xTok_003211
beständig	beständig	ADJD	Duden	tu_117_xTok_003213
gebettelt	betteln	VVPP	Duden	tu_117_xTok_003215
<g/>
,
gestohlen	stehlen	VVPP	Duden	tu_117_xTok_003218
<g/>
,
und	und	KON	Duden	tu_117_xTok_003221
unzüchtig	unzüchtig	ADJD	Duden	tu_117_xTok_003223
gelebet	leben	VVPP	Duden	tu_117_xTok_003225
habe	haben	VAFIN	Duden	tu_117_xTok_003227
<g/>
;
unter	unter	APPR	Duden	tu_117_xTok_003230
seinen	sein	PPOSAT	Duden	tu_117_xTok_003232
mehreren	mehrere	PIAT	Duden	tu_117_xTok_003234
einbekennten	einbekennen	ADJA	Duden	tu_117_xTok_003236
Diebstählen	Diebstahl	NN	Duden	tu_117_xTok_003238
ist	sein	VAFIN	Duden	tu_117_xTok_003240
die	d	ART	Duden	tu_117_xTok_003242
gleich ersagte	gleichersagt	ADJA	oov	tu_117_xTok_003244
Mordthat	Mordtat	NN	Duden	tu_117_xTok_003247
bey	bei	APPR	Duden	tu_117_xTok_003249
dem	d	ART	Duden	tu_117_xTok_003251
Königanderl	Königanderl	NE	oov	tu_117_xTok_003253
die	d	ART	Duden	tu_117_xTok_003255
beträchtlichste	beträchtlich	ADJA	Duden	tu_117_xTok_003257
<g/>
,
allwo	allwo	PWAV	Duden	tu_117_xTok_003260
dieser	diese	PDS	Duden	tu_117_xTok_003262
den	d	ART	Duden	tu_117_xTok_003264
Kommendanten	Kommandant	NN	Duden	tu_117_xTok_003265
deren	d	PDAT	Duden	tu_117_xTok_003267
übrigen	übrig	ADJA	Duden	tu_117_xTok_003269
dreyen	drei	CARD	Duden	tu_117_xTok_003271
Erzraubern	Erzräuber	NN	oov	tu_117_xTok_003273
machte	machen	VVFIN	Duden	tu_117_xTok_003275
<g/>
,
und	und	KON	Duden	tu_117_xTok_003278
sich	sich	PRF	Duden	tu_117_xTok_003280
hierzu	hierzu	PAV	Duden	tu_117_xTok_003282
berechtiget	berechtigt	ADJD	Duden	tu_117_xTok_003284
hielte	halten	VVFIN	Duden	tu_117_xTok_003286
<g/>
,
weil	weil	KOUS	Duden	tu_117_xTok_003289
er	er	PPER	Duden	tu_117_xTok_003291
diesem	diese	PDAT	Duden	tu_117_xTok_003293
Hause	Haus	NN	Duden	tu_117_xTok_003295
der	d	ART	Duden	tu_117_xTok_003297
erste	erste	ADJ-NN	Duden	tu_117_xTok_003299
mit	mit	APPR	Duden	tu_117_xTok_003301
blossem	bloß	ADJA	Duden	tu_117_xTok_003303
Säbel	Säbel	NN	Duden	tu_117_xTok_003306
einschlufe	einschliefen	VVFIN	DWB	tu_117_xTok_003308
<g/>
,
und	und	KON	Duden	tu_117_xTok_003311
seine	sein	PPOSAT	Duden	tu_117_xTok_003313
Kamerathen	Kamerad	NN	Duden	tu_117_xTok_003315
hinein	hinein	PTKVZ	Duden	tu_117_xTok_003317
ließe	hineinlassen	VVFIN	Duden	tu_117_xTok_003319
<g/>
.
</p>
<p id="fb_17800427_BE_JN_p_0013">
Er	er	PPER	Duden	tu_117_xTok_003321
ist	sein	VAFIN	Duden	tu_117_xTok_003323
nach	nach	APPR	Duden	tu_117_xTok_003325
dieser	diese	PDAT	Duden	tu_117_xTok_003327
gewirkten	wirken	ADJA	Duden	tu_117_xTok_003329
Unthat	Untat	NN	Duden	tu_117_xTok_003331
der	d	ART	Duden	tu_117_xTok_003333
ihm	er	PPER	Duden	tu_117_xTok_003335
aufzuheben	aufheben	VVIZU	Duden	tu_117_xTok_003337
gekommenen	kommen	ADJA	Duden	tu_117_xTok_003339
horneggischen	horneggisch	ADJA	oov	tu_117_xTok_003342
Wache	Wache	NN	Duden	tu_117_xTok_003344
entsprungen	entspringen	VVPP	Duden	tu_117_xTok_003346
<g/>
,
hat	haben	VAFIN	Duden	tu_117_xTok_003349
sich	sich	PRF	Duden	tu_117_xTok_003351
hierüber	hierüber	PAV	Duden	tu_117_xTok_003353
zu	zu	APPR	Duden	tu_117_xTok_003355
Graz	Graz	NE::top	Duden	tu_117_xTok_003357
einen	ein	ART	Duden	tu_117_xTok_003359
grossen	groß	ADJA	Duden	tu_117_xTok_003361
Säbel	Säbel	NN	Duden	tu_117_xTok_003363
eingeschaffet	einschaffen	VVPP	DWB	tu_117_xTok_003365
<g/>
,
solchen	solch	PIS	Duden	tu_117_xTok_003368
mit	mit	APPR	Duden	tu_117_xTok_003370
einer	ein	ART	Duden	tu_117_xTok_003372
engländischen	engländisch	ADJA	oov	tu_117_xTok_003374
Feil	Feile	NN	Duden	tu_117_xTok_003376
sehr	sehr	ADV	Duden	tu_117_xTok_003378
scharf	scharf	ADJD	Duden	tu_117_xTok_003380
zugeschlieffen	zuschleifen	VVPP	Duden	tu_117_xTok_003382
<g/>
,
unter	unter	APPR	Duden	tu_117_xTok_003385
dem	d	ART	Duden	tu_117_xTok_003387
Rock	Rock	NN	Duden	tu_117_xTok_003389
verborgener	verborgen	ADJD	Duden	tu_117_xTok_003391
getragen	tragen	VVPP	Duden	tu_117_xTok_003393
<g/>
,
und	und	KON	Duden	tu_117_xTok_003396
ist	sein	VAFIN	Duden	tu_117_xTok_003397
mit	mit	APPR	Duden	tu_117_xTok_003399
solchem	solch	PIS	Duden	tu_117_xTok_003401
den	d	ART	Duden	tu_117_xTok_003403
2.	2	ADJA		tu_117_xTok_003405
Jäner	Jänner	NN	Duden	tu_117_xTok_003407
letzthin	letzthin	ADV	Duden	tu_117_xTok_003409
von	von	APPR	Duden	tu_117_xTok_003411
der	d	ART	Duden	tu_117_xTok_003413
Herrschaft	Herrschaft	NN	Duden	tu_117_xTok_003415
Söding	Söding	NE::top	oov	tu_117_xTok_003417
aufgehoben	aufheben	VVPP	Duden	tu_117_xTok_003419
<g/>
,
und	und	KON	Duden	tu_117_xTok_003423
diesem	diese	PDAT	Duden	tu_117_xTok_003425
Landgericht	Landgericht	NN	Duden	tu_117_xTok_003427
übergeben	übergeben	VVPP	Duden	tu_117_xTok_003429
worden	werden	VAPP	Duden	tu_117_xTok_003431
<g/>
.
</p>
<p id="fb_17800427_BE_JN_p_0014">
Beede	beide	PIAT	Duden	tu_117_xTok_003433
diese	diese	PDAT	Duden	tu_117_xTok_003435
Missethäter	Missetäter	NN	Duden	tu_117_xTok_003437
konnten	können	VMFIN	Duden	tu_117_xTok_003439
zu	zu	APPR	Duden	tu_117_xTok_003441
ihrer	ihr	PPOSAT	Duden	tu_117_xTok_003443
Straflinderung	Straflinderung	NN	oov	tu_117_xTok_003445
nicht	nicht	PTKNEG	Duden	tu_117_xTok_003447
das	d	ART	Duden	tu_117_xTok_003448
mindeste	mindeste	ADJA	Duden	tu_117_xTok_003450
Erhebliche	erheblich	ADJ-NN	Duden	tu_117_xTok_003452
beybringen	beibringen	VVINF	Duden	tu_117_xTok_003454
<g/>
.
Es	es	PPER	Duden	tu_117_xTok_003457
ist	sein	VAFIN	Duden	tu_117_xTok_003459
dahero	dahero	PAV	DWB	tu_117_xTok_003461
abgefasset	abfassen	VVPP	Duden	tu_117_xTok_003463
worden	werden	VAPP	Duden	tu_117_xTok_003465
</p>
<head>
Das	d	ART	Duden	tu_117_xTok_003466
Urtheil	Urteil	NN	Duden	tu_117_xTok_003468
<g/>
.
</head>
<p id="fb_17800427_BE_JN_p_0015">
Der	d	ART	Duden	tu_117_xTok_003470
B.	B.	NE	oov	tu_117_xTok_003473
E.	E.	NE	oov	tu_117_xTok_003476
vulgo	vulgo	ADV	Duden	tu_117_xTok_003479
Leyrer	Leyrer	NE	oov	tu_117_xTok_003481
Bartl	Bartl	NE	oov	tu_117_xTok_003483
<g/>
,
und	und	KON	Duden	tu_117_xTok_003486
der	d	ART	Duden	tu_117_xTok_003488
J.	J.	NE	oov	tu_117_xTok_003490
N.	N.	NE	oov	tu_117_xTok_003493
vulgo	vulgo	ADV	Duden	tu_117_xTok_003496
kleine	klein	ADJA	Duden	tu_117_xTok_003498
Oesterreicher	Österreicher	NN	oov	tu_117_xTok_003500
Sepel	Sepel	NE	oov	tu_117_xTok_003502
sollen	sollen	VMFIN	Duden	tu_117_xTok_003504
wegen	wegen	APPR	Duden	tu_117_xTok_003506
ihren	ihr	PPOSAT	Duden	tu_117_xTok_003508
auf	auf	APPR	Duden	tu_117_xTok_003510
die	d	ART	Duden	tu_117_xTok_003512
grausamsten	grausam	ADJA	Duden	tu_117_xTok_003514
Art	Art	NN	Duden	tu_117_xTok_003516
verübten	verüben	ADJA	Duden	tu_117_xTok_003518
Straffenmordthaten	Strafmordtat	NN	oov	tu_117_xTok_003520
zur	zur	APPRART	Duden	tu_117_xTok_003522
gewöhnlichen	gewöhnlich	ADJA	Duden	tu_117_xTok_003524
Richtstatt	Richtstatt	NN	DWB	tu_117_xTok_003527
geführet	führen	VVPP	Duden	tu_117_xTok_003529
<g/>
,
ihnen	sie	PPER	Duden	tu_117_xTok_003532
ihre	ihr	PPOSAT	Duden	tu_117_xTok_003534
Glieder	Glied	NN	Duden	tu_117_xTok_003536
durch	durch	APPR	Duden	tu_117_xTok_003538
den	d	ART	Duden	tu_117_xTok_003540
ganzen	ganz	ADJA	Duden	tu_117_xTok_003542
Leib	Leib	NN	Duden	tu_117_xTok_003544
von	von	APPR	Duden	tu_117_xTok_003546
unten	unten	ADV	Duden	tu_117_xTok_003548
herauf	herauf	ADV	Duden	tu_117_xTok_003550
abgestossen	abstoßen	VVPP	Duden	tu_117_xTok_003552
<g/>
,
ersterer	erstere	ADJ-NN	Duden	tu_117_xTok_003557
vorhero	vorhero	ADV	DWB	tu_117_xTok_003559
unterwegs	unterwegs	ADV	Duden	tu_117_xTok_003561
mit	mit	APPR	Duden	tu_117_xTok_003563
einer	ein	ART	Duden	tu_117_xTok_003565
glüenden	glühend	ADJA	Duden	tu_117_xTok_003567
Zange	Zange	NN	Duden	tu_117_xTok_003569
an	an	APPR	Duden	tu_117_xTok_003571
der	d	ART	Duden	tu_117_xTok_003573
rechten	rechte	ADJA	Duden	tu_117_xTok_003575
Brust	Brust	NN	Duden	tu_117_xTok_003577
gezwicket	zwicken	VVPP	Duden	tu_117_xTok_003579
<g/>
,
und	und	KON	Duden	tu_117_xTok_003582
sie	sie	PPER	Duden	tu_117_xTok_003584
also	also	ADV	Duden	tu_117_xTok_003586
vom	vom	APPRART	Duden	tu_117_xTok_003588
Leben	Leben	NN	Duden	tu_117_xTok_003590
zum	zum	APPRART	Duden	tu_117_xTok_003592
Tod	Tod	NN	Duden	tu_117_xTok_003594
hingerichtet	hinrichten	VVPP	Duden	tu_117_xTok_003596
<g/>
,
folgends	folgends	ADV	DWB	tu_117_xTok_003599
die	d	ART	Duden	tu_117_xTok_003601
todten	tot	ADJA	Duden	tu_117_xTok_003603
Körper	Körper	NN	Duden	tu_117_xTok_003605
in	in	APPR	Duden	tu_117_xTok_003607
das	d	ART	Duden	tu_117_xTok_003609
Rad	Rad	NN	Duden	tu_117_xTok_003611
geflochten	flechten	VVPP	Duden	tu_117_xTok_003613
<g/>
,
und	und	KON	Duden	tu_117_xTok_003616
darüber	darüber	PAV	Duden	tu_117_xTok_003618
ein	ein	ART	Duden	tu_117_xTok_003620
Galger	Galgen	NN	Duden	tu_117_xTok_003622
mit	mit	APPR	Duden	tu_117_xTok_003625
abhangender	abhängen	ADJA	Duden	tu_117_xTok_003627
Schnur	Schnur	NN	Duden	tu_117_xTok_003629
aufgerichtet	aufrichten	VVPP	Duden	tu_117_xTok_003631
werden	werden	VAINF	Duden	tu_117_xTok_003633
<g/>
.
</p>
Gott	Gott	NN	Duden	tu_117_xTok_003635
seye	sein	VAIMP	Duden	tu_117_xTok_003637
ihrer	ihr	PPOSAT	Duden	tu_117_xTok_003639
armen	arm	ADJA	Duden	tu_117_xTok_003641
Seele	Seele	NN	Duden	tu_117_xTok_003643
gnädig	gnädig	ADJD	Duden	tu_117_xTok_003645
und	und	KON	Duden	tu_117_xTok_003647
barmherzig	barmherzig	ADJD	Duden	tu_117_xTok_003649
<g/>
.
</doc>
